CREATE DATABASE  IF NOT EXISTS `nec_diagnostics_db` /*!40100 DEFAULT CHARACTER SET utf8mb4 COLLATE utf8mb4_0900_ai_ci */ /*!80016 DEFAULT ENCRYPTION='N' */;
USE `nec_diagnostics_db`;
-- MySQL dump 10.13  Distrib 8.0.34, for Win64 (x86_64)
--
-- Host: localhost    Database: nec_diagnostics_db
-- ------------------------------------------------------
-- Server version	8.0.40-google

/*!40101 SET @OLD_CHARACTER_SET_CLIENT=@@CHARACTER_SET_CLIENT */;
/*!40101 SET @OLD_CHARACTER_SET_RESULTS=@@CHARACTER_SET_RESULTS */;
/*!40101 SET @OLD_COLLATION_CONNECTION=@@COLLATION_CONNECTION */;
/*!50503 SET NAMES utf8 */;
/*!40103 SET @OLD_TIME_ZONE=@@TIME_ZONE */;
/*!40103 SET TIME_ZONE='+00:00' */;
/*!40014 SET @OLD_UNIQUE_CHECKS=@@UNIQUE_CHECKS, UNIQUE_CHECKS=0 */;
/*!40014 SET @OLD_FOREIGN_KEY_CHECKS=@@FOREIGN_KEY_CHECKS, FOREIGN_KEY_CHECKS=0 */;
/*!40101 SET @OLD_SQL_MODE=@@SQL_MODE, SQL_MODE='NO_AUTO_VALUE_ON_ZERO' */;
/*!40111 SET @OLD_SQL_NOTES=@@SQL_NOTES, SQL_NOTES=0 */;
SET @MYSQLDUMP_TEMP_LOG_BIN = @@SESSION.SQL_LOG_BIN;
SET @@SESSION.SQL_LOG_BIN= 0;

--
-- GTID state at the beginning of the backup 
--

SET @@GLOBAL.GTID_PURGED=/*!80000 '+'*/ '664de12e-377f-11f0-a471-42010a442e02:1-1130';

--
-- Table structure for table `answers`
--

DROP TABLE IF EXISTS `answers`;
/*!40101 SET @saved_cs_client     = @@character_set_client */;
/*!50503 SET character_set_client = utf8mb4 */;
CREATE TABLE `answers` (
  `pk_answer` int NOT NULL AUTO_INCREMENT,
  `question_fk` int NOT NULL,
  `answer_text` text COLLATE utf8mb4_general_ci,
  `is_correct` tinyint(1) DEFAULT NULL,
  `status` varchar(10) COLLATE utf8mb4_general_ci NOT NULL DEFAULT 'ACTIVE',
  `created_at` datetime DEFAULT CURRENT_TIMESTAMP,
  `updated_at` datetime DEFAULT CURRENT_TIMESTAMP ON UPDATE CURRENT_TIMESTAMP,
  PRIMARY KEY (`pk_answer`),
  KEY `idx_question_fk` (`question_fk`),
  CONSTRAINT `answers_ibfk_1` FOREIGN KEY (`question_fk`) REFERENCES `questions` (`pk_question`)
) ENGINE=InnoDB AUTO_INCREMENT=849 DEFAULT CHARSET=utf8mb4 COLLATE=utf8mb4_general_ci;
/*!40101 SET character_set_client = @saved_cs_client */;

--
-- Dumping data for table `answers`
--

LOCK TABLES `answers` WRITE;
/*!40000 ALTER TABLE `answers` DISABLE KEYS */;
INSERT INTO `answers` VALUES (1,198,'go',0,'ACTIVE','2025-06-08 18:57:01','2025-06-08 18:57:01'),(2,198,'goes',1,'ACTIVE','2025-06-08 18:57:01','2025-06-08 18:57:01'),(3,198,'going',0,'ACTIVE','2025-06-08 18:57:01','2025-06-08 18:57:01'),(4,198,'gone',0,'ACTIVE','2025-06-08 18:57:01','2025-06-08 18:57:01'),(5,199,'buy',0,'ACTIVE','2025-06-08 18:57:01','2025-06-08 18:57:01'),(6,199,'buys',0,'ACTIVE','2025-06-08 18:57:01','2025-06-08 18:57:01'),(7,199,'bought',1,'ACTIVE','2025-06-08 18:57:01','2025-06-08 18:57:01'),(8,199,'buying',0,'ACTIVE','2025-06-08 18:57:01','2025-06-08 18:57:01'),(9,200,'has',0,'ACTIVE','2025-06-08 18:57:01','2025-06-08 18:57:01'),(10,200,'have',0,'ACTIVE','2025-06-08 18:57:01','2025-06-08 18:57:01'),(11,200,'had',1,'ACTIVE','2025-06-08 18:57:01','2025-06-08 18:57:01'),(12,200,'having',0,'ACTIVE','2025-06-08 18:57:01','2025-06-08 18:57:01'),(13,201,'to',0,'ACTIVE','2025-06-08 18:57:02','2025-06-08 18:57:02'),(14,201,'of',0,'ACTIVE','2025-06-08 18:57:02','2025-06-08 18:57:02'),(15,201,'for',1,'ACTIVE','2025-06-08 18:57:02','2025-06-08 18:57:02'),(16,201,'with',0,'ACTIVE','2025-06-08 18:57:02','2025-06-08 18:57:02'),(17,202,'I see',1,'ACTIVE','2025-06-08 18:57:02','2025-06-08 18:57:02'),(18,202,'do I see',0,'ACTIVE','2025-06-08 18:57:02','2025-06-08 18:57:02'),(19,202,'I saw',0,'ACTIVE','2025-06-08 18:57:02','2025-06-08 18:57:02'),(20,202,'have I seen',0,'ACTIVE','2025-06-08 18:57:02','2025-06-08 18:57:02'),(21,203,'did',1,'ACTIVE','2025-06-08 18:57:02','2025-06-08 18:57:02'),(22,203,'does',0,'ACTIVE','2025-06-08 18:57:02','2025-06-08 18:57:02'),(23,203,'was',0,'ACTIVE','2025-06-08 18:57:02','2025-06-08 18:57:02'),(24,203,'had',0,'ACTIVE','2025-06-08 18:57:02','2025-06-08 18:57:02'),(25,204,'were',1,'ACTIVE','2025-06-08 18:57:02','2025-06-08 18:57:02'),(26,204,'are',0,'ACTIVE','2025-06-08 18:57:02','2025-06-08 18:57:02'),(27,204,'was',0,'ACTIVE','2025-06-08 18:57:02','2025-06-08 18:57:02'),(28,204,'is',0,'ACTIVE','2025-06-08 18:57:02','2025-06-08 18:57:02'),(29,205,'had',0,'ACTIVE','2025-06-08 18:57:03','2025-06-08 18:57:03'),(30,205,'was having',0,'ACTIVE','2025-06-08 18:57:03','2025-06-08 18:57:03'),(31,205,'were having',1,'ACTIVE','2025-06-08 18:57:03','2025-06-08 18:57:03'),(32,205,'having',0,'ACTIVE','2025-06-08 18:57:03','2025-06-08 18:57:03'),(33,206,'follow',1,'ACTIVE','2025-06-08 18:57:03','2025-06-08 18:57:03'),(34,206,'follows',0,'ACTIVE','2025-06-08 18:57:03','2025-06-08 18:57:03'),(35,206,'following',0,'ACTIVE','2025-06-08 18:57:03','2025-06-08 18:57:03'),(36,206,'followed',0,'ACTIVE','2025-06-08 18:57:03','2025-06-08 18:57:03'),(37,207,'she is',0,'ACTIVE','2025-06-08 18:57:03','2025-06-08 18:57:03'),(38,207,'is she',1,'ACTIVE','2025-06-08 18:57:03','2025-06-08 18:57:03'),(39,207,'she was',0,'ACTIVE','2025-06-08 18:57:03','2025-06-08 18:57:03'),(40,207,'was she',0,'ACTIVE','2025-06-08 18:57:03','2025-06-08 18:57:03'),(41,208,'am',0,'ACTIVE','2025-06-08 18:59:09','2025-06-08 18:59:09'),(42,208,'is',1,'ACTIVE','2025-06-08 18:59:09','2025-06-08 18:59:09'),(43,208,'are',0,'ACTIVE','2025-06-08 18:59:09','2025-06-08 18:59:09'),(44,208,'be',0,'ACTIVE','2025-06-08 18:59:09','2025-06-08 18:59:09'),(45,209,'do',0,'ACTIVE','2025-06-08 18:59:09','2025-06-08 18:59:09'),(46,209,'done',0,'ACTIVE','2025-06-08 18:59:09','2025-06-08 18:59:09'),(47,209,'has done',1,'ACTIVE','2025-06-08 18:59:09','2025-06-08 18:59:09'),(48,209,'doing',0,'ACTIVE','2025-06-08 18:59:09','2025-06-08 18:59:09'),(49,210,'have gone',1,'ACTIVE','2025-06-08 18:59:10','2025-06-08 18:59:10'),(50,210,'go',0,'ACTIVE','2025-06-08 18:59:10','2025-06-08 18:59:10'),(51,210,'went',0,'ACTIVE','2025-06-08 18:59:10','2025-06-08 18:59:10'),(52,210,'going',0,'ACTIVE','2025-06-08 18:59:10','2025-06-08 18:59:10'),(53,211,'is',0,'ACTIVE','2025-06-08 18:59:10','2025-06-08 18:59:10'),(54,211,'be',1,'ACTIVE','2025-06-08 18:59:10','2025-06-08 18:59:10'),(55,211,'was',0,'ACTIVE','2025-06-08 18:59:10','2025-06-08 18:59:10'),(56,211,'being',0,'ACTIVE','2025-06-08 18:59:10','2025-06-08 18:59:10'),(57,212,'will have',0,'ACTIVE','2025-06-08 18:59:10','2025-06-08 18:59:10'),(58,212,'would have',1,'ACTIVE','2025-06-08 18:59:10','2025-06-08 18:59:10'),(59,212,'should have',0,'ACTIVE','2025-06-08 18:59:10','2025-06-08 18:59:10'),(60,212,'have',0,'ACTIVE','2025-06-08 18:59:10','2025-06-08 18:59:10'),(61,213,'I see',0,'ACTIVE','2025-06-08 18:59:10','2025-06-08 18:59:10'),(62,213,'do I see',1,'ACTIVE','2025-06-08 18:59:10','2025-06-08 18:59:10'),(63,213,'saw',0,'ACTIVE','2025-06-08 18:59:10','2025-06-08 18:59:10'),(64,213,'seen',0,'ACTIVE','2025-06-08 18:59:10','2025-06-08 18:59:10'),(65,214,'live',0,'ACTIVE','2025-06-08 18:59:11','2025-06-08 18:59:11'),(66,214,'have lived',1,'ACTIVE','2025-06-08 18:59:11','2025-06-08 18:59:11'),(67,214,'living',0,'ACTIVE','2025-06-08 18:59:11','2025-06-08 18:59:11'),(68,214,'lived',0,'ACTIVE','2025-06-08 18:59:11','2025-06-08 18:59:11'),(69,215,'says',0,'ACTIVE','2025-06-08 18:59:11','2025-06-08 18:59:11'),(70,215,'is said',1,'ACTIVE','2025-06-08 18:59:11','2025-06-08 18:59:11'),(71,215,'said',0,'ACTIVE','2025-06-08 18:59:11','2025-06-08 18:59:11'),(72,215,'say',0,'ACTIVE','2025-06-08 18:59:11','2025-06-08 18:59:11'),(73,216,'arrives',0,'ACTIVE','2025-06-08 18:59:11','2025-06-08 18:59:11'),(74,216,'arrive',1,'ACTIVE','2025-06-08 18:59:11','2025-06-08 18:59:11'),(75,216,'arrived',0,'ACTIVE','2025-06-08 18:59:11','2025-06-08 18:59:11'),(76,216,'arriving',0,'ACTIVE','2025-06-08 18:59:11','2025-06-08 18:59:11'),(77,217,'he found',0,'ACTIVE','2025-06-08 18:59:11','2025-06-08 18:59:11'),(78,217,'did he find',1,'ACTIVE','2025-06-08 18:59:11','2025-06-08 18:59:11'),(79,217,'he find',0,'ACTIVE','2025-06-08 18:59:11','2025-06-08 18:59:11'),(80,217,'found',0,'ACTIVE','2025-06-08 18:59:11','2025-06-08 18:59:11'),(81,218,'She',0,'ACTIVE','2025-06-08 19:05:18','2025-06-08 19:05:18'),(82,218,'usually',0,'ACTIVE','2025-06-08 19:05:18','2025-06-08 19:05:18'),(83,218,'go',1,'ACTIVE','2025-06-08 19:05:18','2025-06-08 19:05:18'),(84,218,'to the gym every morning.',0,'ACTIVE','2025-06-08 19:05:18','2025-06-08 19:05:18'),(85,219,'He',0,'ACTIVE','2025-06-08 19:05:19','2025-06-08 19:05:19'),(86,219,'can',0,'ACTIVE','2025-06-08 19:05:19','2025-06-08 19:05:19'),(87,219,'sings',1,'ACTIVE','2025-06-08 19:05:19','2025-06-08 19:05:19'),(88,219,'very well.',0,'ACTIVE','2025-06-08 19:05:19','2025-06-08 19:05:19'),(89,220,'They',0,'ACTIVE','2025-06-08 19:05:19','2025-06-08 19:05:19'),(90,220,'enjoys',1,'ACTIVE','2025-06-08 19:05:19','2025-06-08 19:05:19'),(91,220,'playing football',0,'ACTIVE','2025-06-08 19:05:19','2025-06-08 19:05:19'),(92,220,'on weekends.',0,'ACTIVE','2025-06-08 19:05:19','2025-06-08 19:05:19'),(93,221,'Neither of',0,'ACTIVE','2025-06-08 19:05:19','2025-06-08 19:05:19'),(94,221,'the answers',0,'ACTIVE','2025-06-08 19:05:19','2025-06-08 19:05:19'),(95,221,'are',1,'ACTIVE','2025-06-08 19:05:19','2025-06-08 19:05:19'),(96,221,'correct.',0,'ACTIVE','2025-06-08 19:05:19','2025-06-08 19:05:19'),(97,222,'Despite of',1,'ACTIVE','2025-06-08 19:05:19','2025-06-08 19:05:19'),(98,222,'the rain,',0,'ACTIVE','2025-06-08 19:05:19','2025-06-08 19:05:19'),(99,222,'the match',0,'ACTIVE','2025-06-08 19:05:19','2025-06-08 19:05:19'),(100,222,'continued.',0,'ACTIVE','2025-06-08 19:05:19','2025-06-08 19:05:19'),(101,223,'There is',1,'ACTIVE','2025-06-08 19:05:28','2025-06-08 19:05:28'),(102,223,'many books',0,'ACTIVE','2025-06-08 19:05:28','2025-06-08 19:05:28'),(103,223,'on',0,'ACTIVE','2025-06-08 19:05:28','2025-06-08 19:05:28'),(104,223,'the table.',0,'ACTIVE','2025-06-08 19:05:28','2025-06-08 19:05:28'),(105,224,'We',0,'ACTIVE','2025-06-08 19:05:28','2025-06-08 19:05:28'),(106,224,'didn’t',0,'ACTIVE','2025-06-08 19:05:28','2025-06-08 19:05:28'),(107,224,'went',1,'ACTIVE','2025-06-08 19:05:28','2025-06-08 19:05:28'),(108,224,'to the concert yesterday.',0,'ACTIVE','2025-06-08 19:05:28','2025-06-08 19:05:28'),(109,225,'He',0,'ACTIVE','2025-06-08 19:05:28','2025-06-08 19:05:28'),(110,225,'suggested me',1,'ACTIVE','2025-06-08 19:05:28','2025-06-08 19:05:28'),(111,225,'to take',0,'ACTIVE','2025-06-08 19:05:28','2025-06-08 19:05:28'),(112,225,'the train.',0,'ACTIVE','2025-06-08 19:05:28','2025-06-08 19:05:28'),(113,226,'She is',0,'ACTIVE','2025-06-08 19:05:29','2025-06-08 19:05:29'),(114,226,'married with',1,'ACTIVE','2025-06-08 19:05:29','2025-06-08 19:05:29'),(115,226,'a famous',0,'ACTIVE','2025-06-08 19:05:29','2025-06-08 19:05:29'),(116,226,'actor.',0,'ACTIVE','2025-06-08 19:05:29','2025-06-08 19:05:29'),(117,227,'Hardly never',1,'ACTIVE','2025-06-08 19:05:29','2025-06-08 19:05:29'),(118,227,'do they',0,'ACTIVE','2025-06-08 19:05:29','2025-06-08 19:05:29'),(119,227,'arrive',0,'ACTIVE','2025-06-08 19:05:29','2025-06-08 19:05:29'),(120,227,'on time.',0,'ACTIVE','2025-06-08 19:05:29','2025-06-08 19:05:29'),(121,228,'To discuss personal matters.',0,'ACTIVE','2025-06-08 19:14:24','2025-06-08 19:14:24'),(122,228,'To review project progress and future goals.',1,'ACTIVE','2025-06-08 19:14:24','2025-06-08 19:14:24'),(123,228,'To conduct employee performance reviews.',0,'ACTIVE','2025-06-08 19:14:24','2025-06-08 19:14:24'),(124,228,'To celebrate the company\'s anniversary.',0,'ACTIVE','2025-06-08 19:14:24','2025-06-08 19:14:24'),(125,229,'Thursday at 3:00 PM.',0,'ACTIVE','2025-06-08 19:14:24','2025-06-08 19:14:24'),(126,229,'Friday at 10:00 AM.',1,'ACTIVE','2025-06-08 19:14:24','2025-06-08 19:14:24'),(127,229,'Friday at 1:00 PM.',0,'ACTIVE','2025-06-08 19:14:24','2025-06-08 19:14:24'),(128,229,'Monday at 9:00 AM.',0,'ACTIVE','2025-06-08 19:14:24','2025-06-08 19:14:24'),(129,230,'The Operations Manager.',0,'ACTIVE','2025-06-08 19:14:24','2025-06-08 19:14:24'),(130,230,'Their direct supervisor.',0,'ACTIVE','2025-06-08 19:14:24','2025-06-08 19:14:24'),(131,230,'Human Resources.',1,'ACTIVE','2025-06-08 19:14:24','2025-06-08 19:14:24'),(132,230,'The CEO.',0,'ACTIVE','2025-06-08 19:14:24','2025-06-08 19:14:24'),(133,231,'They must submit reports in advance.',0,'ACTIVE','2025-06-08 19:14:25','2025-06-08 19:14:25'),(134,231,'They should share departmental updates.',1,'ACTIVE','2025-06-08 19:14:25','2025-06-08 19:14:25'),(135,231,'They need to complete a survey.',0,'ACTIVE','2025-06-08 19:14:25','2025-06-08 19:14:25'),(136,231,'They are expected to bring lunch.',0,'ACTIVE','2025-06-08 19:14:25','2025-06-08 19:14:25'),(137,232,'$1 million.',0,'ACTIVE','2025-06-08 19:14:25','2025-06-08 19:14:25'),(138,232,'$3 million.',0,'ACTIVE','2025-06-08 19:14:25','2025-06-08 19:14:25'),(139,232,'$5 million.',1,'ACTIVE','2025-06-08 19:14:25','2025-06-08 19:14:25'),(140,232,'$10 million.',0,'ACTIVE','2025-06-08 19:14:25','2025-06-08 19:14:25'),(141,233,'Cooking classes.',0,'ACTIVE','2025-06-08 19:14:25','2025-06-08 19:14:25'),(142,233,'Gardening tutorials.',0,'ACTIVE','2025-06-08 19:14:25','2025-06-08 19:14:25'),(143,233,'Coding workshops for teenagers.',1,'ACTIVE','2025-06-08 19:14:25','2025-06-08 19:14:25'),(144,233,'Travel planning sessions.',0,'ACTIVE','2025-06-08 19:14:25','2025-06-08 19:14:25'),(145,234,'July.',0,'ACTIVE','2025-06-08 19:14:25','2025-06-08 19:14:25'),(146,234,'September.',1,'ACTIVE','2025-06-08 19:14:25','2025-06-08 19:14:25'),(147,234,'November.',0,'ACTIVE','2025-06-08 19:14:25','2025-06-08 19:14:25'),(148,234,'Next year.',0,'ACTIVE','2025-06-08 19:14:25','2025-06-08 19:14:25'),(149,235,'Increase parking space.',0,'ACTIVE','2025-06-08 19:14:26','2025-06-08 19:14:26'),(150,235,'Modernize digital resources.',1,'ACTIVE','2025-06-08 19:14:26','2025-06-08 19:14:26'),(151,235,'Hire new staff.',0,'ACTIVE','2025-06-08 19:14:26','2025-06-08 19:14:26'),(152,235,'Expand parking facilities.',0,'ACTIVE','2025-06-08 19:14:26','2025-06-08 19:14:26'),(153,236,'In a taxi.',0,'ACTIVE','2025-06-08 19:14:26','2025-06-08 19:14:26'),(154,236,'At the park.',1,'ACTIVE','2025-06-08 19:14:26','2025-06-08 19:14:26'),(155,236,'In a restaurant.',0,'ACTIVE','2025-06-08 19:14:26','2025-06-08 19:14:26'),(156,236,'At a bus station.',0,'ACTIVE','2025-06-08 19:14:26','2025-06-08 19:14:26'),(157,237,'She took it home.',0,'ACTIVE','2025-06-08 19:14:26','2025-06-08 19:14:26'),(158,237,'She left it on the bench.',0,'ACTIVE','2025-06-08 19:14:26','2025-06-08 19:14:26'),(159,237,'She brought it to the police.',1,'ACTIVE','2025-06-08 19:14:26','2025-06-08 19:14:26'),(160,237,'She gave it to another stranger.',0,'ACTIVE','2025-06-08 19:14:26','2025-06-08 19:14:26'),(161,238,'He called her.',1,'ACTIVE','2025-06-08 19:14:27','2025-06-08 19:14:27'),(162,238,'He emailed her.',0,'ACTIVE','2025-06-08 19:14:27','2025-06-08 19:14:27'),(163,238,'He sent her a letter.',0,'ACTIVE','2025-06-08 19:14:27','2025-06-08 19:14:27'),(164,238,'He posted on social media.',0,'ACTIVE','2025-06-08 19:14:27','2025-06-08 19:14:27'),(165,239,'At a café.',1,'ACTIVE','2025-06-08 19:14:27','2025-06-08 19:14:27'),(166,239,'At a bookstore.',0,'ACTIVE','2025-06-08 19:14:27','2025-06-08 19:14:27'),(167,239,'At the police station.',0,'ACTIVE','2025-06-08 19:14:27','2025-06-08 19:14:27'),(168,239,'At a supermarket.',0,'ACTIVE','2025-06-08 19:14:27','2025-06-08 19:14:27'),(169,240,'It is cheaper to produce.',0,'ACTIVE','2025-06-08 19:15:59','2025-06-08 19:15:59'),(170,240,'It stores energy for longer periods.',1,'ACTIVE','2025-06-08 19:15:59','2025-06-08 19:15:59'),(171,240,'It uses less electricity.',0,'ACTIVE','2025-06-08 19:15:59','2025-06-08 19:15:59'),(172,240,'It is smaller in size.',0,'ACTIVE','2025-06-08 19:15:59','2025-06-08 19:15:59'),(173,241,'Air pollution.',0,'ACTIVE','2025-06-08 19:15:59','2025-06-08 19:15:59'),(174,241,'Energy intermittency.',1,'ACTIVE','2025-06-08 19:15:59','2025-06-08 19:15:59'),(175,241,'Water scarcity.',0,'ACTIVE','2025-06-08 19:15:59','2025-06-08 19:15:59'),(176,241,'High electricity costs.',0,'ACTIVE','2025-06-08 19:15:59','2025-06-08 19:15:59'),(177,242,'European universities.',0,'ACTIVE','2025-06-08 19:15:59','2025-06-08 19:15:59'),(178,242,'Government agencies.',0,'ACTIVE','2025-06-08 19:15:59','2025-06-08 19:15:59'),(179,242,'Energy companies.',1,'ACTIVE','2025-06-08 19:15:59','2025-06-08 19:15:59'),(180,242,'Non-profit organizations.',0,'ACTIVE','2025-06-08 19:15:59','2025-06-08 19:15:59'),(181,243,'At the European Institute of Technology.',0,'ACTIVE','2025-06-08 19:16:00','2025-06-08 19:16:00'),(182,243,'At an international conference.',1,'ACTIVE','2025-06-08 19:16:00','2025-06-08 19:16:00'),(183,243,'At local community centers.',0,'ACTIVE','2025-06-08 19:16:00','2025-06-08 19:16:00'),(184,243,'At university laboratories.',0,'ACTIVE','2025-06-08 19:16:00','2025-06-08 19:16:00'),(185,244,'To the cinema.',0,'ACTIVE','2025-06-08 19:16:00','2025-06-08 19:16:00'),(186,244,'To the farmer\'s market.',1,'ACTIVE','2025-06-08 19:16:00','2025-06-08 19:16:00'),(187,244,'To the library.',0,'ACTIVE','2025-06-08 19:16:00','2025-06-08 19:16:00'),(188,244,'To the gym.',0,'ACTIVE','2025-06-08 19:16:00','2025-06-08 19:16:00'),(189,245,'Emma.',0,'ACTIVE','2025-06-08 19:16:00','2025-06-08 19:16:00'),(190,245,'Laura.',1,'ACTIVE','2025-06-08 19:16:00','2025-06-08 19:16:00'),(191,245,'Peter.',0,'ACTIVE','2025-06-08 19:16:00','2025-06-08 19:16:00'),(192,245,'David.',0,'ACTIVE','2025-06-08 19:16:00','2025-06-08 19:16:00'),(193,246,'Rainy.',0,'ACTIVE','2025-06-08 19:16:01','2025-06-08 19:16:01'),(194,246,'Windy.',0,'ACTIVE','2025-06-08 19:16:01','2025-06-08 19:16:01'),(195,246,'Sunny.',1,'ACTIVE','2025-06-08 19:16:01','2025-06-08 19:16:01'),(196,246,'Snowy.',0,'ACTIVE','2025-06-08 19:16:01','2025-06-08 19:16:01'),(197,247,'Visiting a museum.',0,'ACTIVE','2025-06-08 19:16:01','2025-06-08 19:16:01'),(198,247,'Hiking in the hills.',1,'ACTIVE','2025-06-08 19:16:01','2025-06-08 19:16:01'),(199,247,'Watching a movie.',0,'ACTIVE','2025-06-08 19:16:01','2025-06-08 19:16:01'),(200,247,'Shopping.',0,'ACTIVE','2025-06-08 19:16:01','2025-06-08 19:16:01'),(201,248,'8:00 AM.',0,'ACTIVE','2025-06-08 19:17:38','2025-06-08 19:17:38'),(202,248,'9:00 AM.',1,'ACTIVE','2025-06-08 19:17:38','2025-06-08 19:17:38'),(203,248,'10:00 AM.',0,'ACTIVE','2025-06-08 19:17:38','2025-06-08 19:17:38'),(204,248,'12:00 PM.',0,'ACTIVE','2025-06-08 19:17:38','2025-06-08 19:17:38'),(205,249,'Free movie nights.',0,'ACTIVE','2025-06-08 19:17:38','2025-06-08 19:17:38'),(206,249,'Weekend workshops.',1,'ACTIVE','2025-06-08 19:17:38','2025-06-08 19:17:38'),(207,249,'Language classes.',0,'ACTIVE','2025-06-08 19:17:38','2025-06-08 19:17:38'),(208,249,'Book delivery.',0,'ACTIVE','2025-06-08 19:17:38','2025-06-08 19:17:38'),(209,250,'By phone only.',0,'ACTIVE','2025-06-08 19:17:38','2025-06-08 19:17:38'),(210,250,'By visiting the library\'s website.',1,'ACTIVE','2025-06-08 19:17:38','2025-06-08 19:17:38'),(211,250,'By sending a letter.',0,'ACTIVE','2025-06-08 19:17:38','2025-06-08 19:17:38'),(212,250,'Registration is not required.',0,'ACTIVE','2025-06-08 19:17:38','2025-06-08 19:17:38'),(213,251,'Monday.',0,'ACTIVE','2025-06-08 19:17:39','2025-06-08 19:17:39'),(214,251,'Saturday.',0,'ACTIVE','2025-06-08 19:17:39','2025-06-08 19:17:39'),(215,251,'Sunday.',1,'ACTIVE','2025-06-08 19:17:39','2025-06-08 19:17:39'),(216,251,'Friday.',0,'ACTIVE','2025-06-08 19:17:39','2025-06-08 19:17:39'),(217,252,'One.',0,'ACTIVE','2025-06-08 19:23:41','2025-06-08 19:23:41'),(218,252,'Two.',0,'ACTIVE','2025-06-08 19:23:41','2025-06-08 19:23:41'),(219,252,'Three.',1,'ACTIVE','2025-06-08 19:23:41','2025-06-08 19:23:41'),(220,252,'Five.',0,'ACTIVE','2025-06-08 19:23:41','2025-06-08 19:23:41'),(221,253,'Personal computers.',0,'ACTIVE','2025-06-08 19:23:41','2025-06-08 19:23:41'),(222,253,'Company-provided laptops.',1,'ACTIVE','2025-06-08 19:23:41','2025-06-08 19:23:41'),(223,253,'Mobile phones.',0,'ACTIVE','2025-06-08 19:23:41','2025-06-08 19:23:41'),(224,253,'Shared desktops.',0,'ACTIVE','2025-06-08 19:23:41','2025-06-08 19:23:41'),(225,254,'By Monday of the next week.',0,'ACTIVE','2025-06-08 19:23:41','2025-06-08 19:23:41'),(226,254,'By Friday of the current week.',1,'ACTIVE','2025-06-08 19:23:41','2025-06-08 19:23:41'),(227,254,'By the end of the month.',0,'ACTIVE','2025-06-08 19:23:41','2025-06-08 19:23:41'),(228,254,'Immediately.',0,'ACTIVE','2025-06-08 19:23:41','2025-06-08 19:23:41'),(229,255,'The CEO.',0,'ACTIVE','2025-06-08 19:23:41','2025-06-08 19:23:41'),(230,255,'Their department manager or HR.',1,'ACTIVE','2025-06-08 19:23:41','2025-06-08 19:23:41'),(231,255,'The IT department.',0,'ACTIVE','2025-06-08 19:23:41','2025-06-08 19:23:41'),(232,255,'Their team leader.',0,'ACTIVE','2025-06-08 19:23:41','2025-06-08 19:23:41'),(233,256,'Their price and battery life.',0,'ACTIVE','2025-06-08 19:23:42','2025-06-08 19:23:42'),(234,256,'Sound quality and battery life.',1,'ACTIVE','2025-06-08 19:23:42','2025-06-08 19:23:42'),(235,256,'Comfort and design.',0,'ACTIVE','2025-06-08 19:23:42','2025-06-08 19:23:42'),(236,256,'Size and sound.',0,'ACTIVE','2025-06-08 19:23:42','2025-06-08 19:23:42'),(237,257,'6 hours.',0,'ACTIVE','2025-06-08 19:23:42','2025-06-08 19:23:42'),(238,257,'8 hours.',1,'ACTIVE','2025-06-08 19:23:42','2025-06-08 19:23:42'),(239,257,'10 hours.',0,'ACTIVE','2025-06-08 19:23:42','2025-06-08 19:23:42'),(240,257,'12 hours.',0,'ACTIVE','2025-06-08 19:23:42','2025-06-08 19:23:42'),(241,258,'Short battery life.',0,'ACTIVE','2025-06-08 19:23:42','2025-06-08 19:23:42'),(242,258,'Poor sound quality.',0,'ACTIVE','2025-06-08 19:23:42','2025-06-08 19:23:42'),(243,258,'Size may be uncomfortable.',1,'ACTIVE','2025-06-08 19:23:42','2025-06-08 19:23:42'),(244,258,'High price.',0,'ACTIVE','2025-06-08 19:23:42','2025-06-08 19:23:42'),(245,259,'Not buying the product.',0,'ACTIVE','2025-06-08 19:23:43','2025-06-08 19:23:43'),(246,259,'Trying another brand.',0,'ACTIVE','2025-06-08 19:23:43','2025-06-08 19:23:43'),(247,259,'Buying these earbuds.',1,'ACTIVE','2025-06-08 19:23:43','2025-06-08 19:23:43'),(248,259,'Waiting for a sale.',0,'ACTIVE','2025-06-08 19:23:43','2025-06-08 19:23:43'),(249,260,'6:30 AM to 10:00 AM.',1,'ACTIVE','2025-06-08 19:23:43','2025-06-08 19:23:43'),(250,260,'6:30 AM to 10:00 PM.',0,'ACTIVE','2025-06-08 19:23:43','2025-06-08 19:23:43'),(251,260,'7:00 AM to 9:00 AM.',0,'ACTIVE','2025-06-08 19:23:43','2025-06-08 19:23:43'),(252,260,'8:00 AM to 11:00 AM.',0,'ACTIVE','2025-06-08 19:23:43','2025-06-08 19:23:43'),(253,261,'By visiting the gym.',0,'ACTIVE','2025-06-08 19:23:43','2025-06-08 19:23:43'),(254,261,'By using extension 0.',1,'ACTIVE','2025-06-08 19:23:43','2025-06-08 19:23:43'),(255,261,'By sending an email.',0,'ACTIVE','2025-06-08 19:23:43','2025-06-08 19:23:43'),(256,261,'By texting the manager.',0,'ACTIVE','2025-06-08 19:23:43','2025-06-08 19:23:43'),(257,262,'Only in the lobby.',0,'ACTIVE','2025-06-08 19:23:44','2025-06-08 19:23:44'),(258,262,'In the guest rooms.',0,'ACTIVE','2025-06-08 19:23:44','2025-06-08 19:23:44'),(259,262,'Throughout the hotel.',1,'ACTIVE','2025-06-08 19:23:44','2025-06-08 19:23:44'),(260,262,'In the restaurant only.',0,'ACTIVE','2025-06-08 19:23:44','2025-06-08 19:23:44'),(261,263,'A safe trip home.',0,'ACTIVE','2025-06-08 19:23:44','2025-06-08 19:23:44'),(262,263,'A pleasant stay.',1,'ACTIVE','2025-06-08 19:23:44','2025-06-08 19:23:44'),(263,263,'A good business meeting.',0,'ACTIVE','2025-06-08 19:23:44','2025-06-08 19:23:44'),(264,263,'A happy birthday.',0,'ACTIVE','2025-06-08 19:23:44','2025-06-08 19:23:44'),(265,264,'12%.',0,'ACTIVE','2025-06-08 19:23:44','2025-06-08 19:23:44'),(266,264,'28%.',0,'ACTIVE','2025-06-08 19:23:44','2025-06-08 19:23:44'),(267,264,'34%.',1,'ACTIVE','2025-06-08 19:23:44','2025-06-08 19:23:44'),(268,264,'50%.',0,'ACTIVE','2025-06-08 19:23:44','2025-06-08 19:23:44'),(269,265,'Wind energy.',0,'ACTIVE','2025-06-08 19:23:45','2025-06-08 19:23:45'),(270,265,'Solar power.',1,'ACTIVE','2025-06-08 19:23:45','2025-06-08 19:23:45'),(271,265,'Hydropower.',0,'ACTIVE','2025-06-08 19:23:45','2025-06-08 19:23:45'),(272,265,'Biomass.',0,'ACTIVE','2025-06-08 19:23:45','2025-06-08 19:23:45'),(273,266,'High production costs.',0,'ACTIVE','2025-06-08 19:23:45','2025-06-08 19:23:45'),(274,266,'Energy storage.',1,'ACTIVE','2025-06-08 19:23:45','2025-06-08 19:23:45'),(275,266,'Lack of demand.',0,'ACTIVE','2025-06-08 19:23:45','2025-06-08 19:23:45'),(276,266,'Government regulation.',0,'ACTIVE','2025-06-08 19:23:45','2025-06-08 19:23:45'),(277,267,'Decline to 20%.',0,'ACTIVE','2025-06-08 19:23:45','2025-06-08 19:23:45'),(278,267,'Remain at 34%.',0,'ACTIVE','2025-06-08 19:23:45','2025-06-08 19:23:45'),(279,267,'Surpass 50%.',1,'ACTIVE','2025-06-08 19:23:45','2025-06-08 19:23:45'),(280,267,'Be replaced by nuclear.',0,'ACTIVE','2025-06-08 19:23:45','2025-06-08 19:23:45'),(281,268,'2 days.',0,'ACTIVE','2025-06-08 19:25:52','2025-06-08 19:25:52'),(282,268,'3 days.',1,'ACTIVE','2025-06-08 19:25:52','2025-06-08 19:25:52'),(283,268,'5 days.',0,'ACTIVE','2025-06-08 19:25:52','2025-06-08 19:25:52'),(284,268,'None.',0,'ACTIVE','2025-06-08 19:25:52','2025-06-08 19:25:52'),(285,269,'One week.',0,'ACTIVE','2025-06-08 19:25:52','2025-06-08 19:25:52'),(286,269,'Two weeks.',1,'ACTIVE','2025-06-08 19:25:52','2025-06-08 19:25:52'),(287,269,'One month.',0,'ACTIVE','2025-06-08 19:25:52','2025-06-08 19:25:52'),(288,269,'Three days.',0,'ACTIVE','2025-06-08 19:25:52','2025-06-08 19:25:52'),(289,270,'5 days.',0,'ACTIVE','2025-06-08 19:25:52','2025-06-08 19:25:52'),(290,270,'8 days.',0,'ACTIVE','2025-06-08 19:25:52','2025-06-08 19:25:52'),(291,270,'10 days.',1,'ACTIVE','2025-06-08 19:25:52','2025-06-08 19:25:52'),(292,270,'12 days.',0,'ACTIVE','2025-06-08 19:25:52','2025-06-08 19:25:52'),(293,271,'By phone.',0,'ACTIVE','2025-06-08 19:25:52','2025-06-08 19:25:52'),(294,271,'Via email.',0,'ACTIVE','2025-06-08 19:25:52','2025-06-08 19:25:52'),(295,271,'Through HR portal.',1,'ACTIVE','2025-06-08 19:25:52','2025-06-08 19:25:52'),(296,271,'In-person.',0,'ACTIVE','2025-06-08 19:25:52','2025-06-08 19:25:52'),(297,272,'Los Angeles.',0,'ACTIVE','2025-06-08 19:25:53','2025-06-08 19:25:53'),(298,272,'Chicago.',1,'ACTIVE','2025-06-08 19:25:53','2025-06-08 19:25:53'),(299,272,'New York.',0,'ACTIVE','2025-06-08 19:25:53','2025-06-08 19:25:53'),(300,272,'Boston.',0,'ACTIVE','2025-06-08 19:25:53','2025-06-08 19:25:53'),(301,273,'09:00.',1,'ACTIVE','2025-06-08 19:25:53','2025-06-08 19:25:53'),(302,273,'11:30.',0,'ACTIVE','2025-06-08 19:25:53','2025-06-08 19:25:53'),(303,273,'10:00.',0,'ACTIVE','2025-06-08 19:25:53','2025-06-08 19:25:53'),(304,273,'13:00.',0,'ACTIVE','2025-06-08 19:25:53','2025-06-08 19:25:53'),(305,274,'With partners.',1,'ACTIVE','2025-06-08 19:25:53','2025-06-08 19:25:53'),(306,274,'At the airport.',0,'ACTIVE','2025-06-08 19:25:53','2025-06-08 19:25:53'),(307,274,'In her hotel room.',0,'ACTIVE','2025-06-08 19:25:53','2025-06-08 19:25:53'),(308,274,'With clients.',0,'ACTIVE','2025-06-08 19:25:53','2025-06-08 19:25:53'),(309,275,'Workshop.',0,'ACTIVE','2025-06-08 19:25:53','2025-06-08 19:25:53'),(310,275,'Visit local office.',1,'ACTIVE','2025-06-08 19:25:53','2025-06-08 19:25:53'),(311,275,'Flight to New York.',0,'ACTIVE','2025-06-08 19:25:53','2025-06-08 19:25:53'),(312,275,'Client meeting.',0,'ACTIVE','2025-06-08 19:25:53','2025-06-08 19:25:53'),(313,276,'Sales Manager.',0,'ACTIVE','2025-06-08 19:25:54','2025-06-08 19:25:54'),(314,276,'Marketing Manager.',1,'ACTIVE','2025-06-08 19:25:54','2025-06-08 19:25:54'),(315,276,'Product Manager.',0,'ACTIVE','2025-06-08 19:25:54','2025-06-08 19:25:54'),(316,276,'Digital Specialist.',0,'ACTIVE','2025-06-08 19:25:54','2025-06-08 19:25:54'),(317,277,'2 years.',0,'ACTIVE','2025-06-08 19:25:54','2025-06-08 19:25:54'),(318,277,'3 years.',0,'ACTIVE','2025-06-08 19:25:54','2025-06-08 19:25:54'),(319,277,'5 years.',1,'ACTIVE','2025-06-08 19:25:54','2025-06-08 19:25:54'),(320,277,'10 years.',0,'ACTIVE','2025-06-08 19:25:54','2025-06-08 19:25:54'),(321,278,'Graphic design.',0,'ACTIVE','2025-06-08 19:25:54','2025-06-08 19:25:54'),(322,278,'Communication skills.',1,'ACTIVE','2025-06-08 19:25:54','2025-06-08 19:25:54'),(323,278,'Software development.',0,'ACTIVE','2025-06-08 19:25:54','2025-06-08 19:25:54'),(324,278,'Legal knowledge.',0,'ACTIVE','2025-06-08 19:25:54','2025-06-08 19:25:54'),(325,279,'Company car.',0,'ACTIVE','2025-06-08 19:25:55','2025-06-08 19:25:55'),(326,279,'Flexible hours.',0,'ACTIVE','2025-06-08 19:25:55','2025-06-08 19:25:55'),(327,279,'Health insurance.',1,'ACTIVE','2025-06-08 19:25:55','2025-06-08 19:25:55'),(328,279,'Remote work only.',0,'ACTIVE','2025-06-08 19:25:55','2025-06-08 19:25:55'),(329,280,'Increase air traffic.',0,'ACTIVE','2025-06-08 19:25:55','2025-06-08 19:25:55'),(330,280,'Connect major cities.',1,'ACTIVE','2025-06-08 19:25:55','2025-06-08 19:25:55'),(331,280,'Replace buses.',0,'ACTIVE','2025-06-08 19:25:55','2025-06-08 19:25:55'),(332,280,'Build more highways.',0,'ACTIVE','2025-06-08 19:25:55','2025-06-08 19:25:55'),(333,281,'This year.',0,'ACTIVE','2025-06-08 19:25:55','2025-06-08 19:25:55'),(334,281,'Next year.',1,'ACTIVE','2025-06-08 19:25:55','2025-06-08 19:25:55'),(335,281,'In 2025.',0,'ACTIVE','2025-06-08 19:25:55','2025-06-08 19:25:55'),(336,281,'In 2030.',0,'ACTIVE','2025-06-08 19:25:55','2025-06-08 19:25:55'),(337,282,'Faster travel.',1,'ACTIVE','2025-06-08 19:25:56','2025-06-08 19:25:56'),(338,282,'More road traffic.',0,'ACTIVE','2025-06-08 19:25:56','2025-06-08 19:25:56'),(339,282,'Higher air fares.',0,'ACTIVE','2025-06-08 19:25:56','2025-06-08 19:25:56'),(340,282,'Less tourism.',0,'ACTIVE','2025-06-08 19:25:56','2025-06-08 19:25:56'),(341,283,'1,000.',0,'ACTIVE','2025-06-08 19:25:56','2025-06-08 19:25:56'),(342,283,'10,000.',1,'ACTIVE','2025-06-08 19:25:56','2025-06-08 19:25:56'),(343,283,'50,000.',0,'ACTIVE','2025-06-08 19:25:56','2025-06-08 19:25:56'),(344,283,'100,000.',0,'ACTIVE','2025-06-08 19:25:56','2025-06-08 19:25:56'),(345,285,'Emails',0,'ACTIVE','2025-06-08 19:38:42','2025-06-08 19:38:42'),(346,285,'Meetings',0,'ACTIVE','2025-06-08 19:38:42','2025-06-08 19:38:42'),(347,285,'Body language',0,'ACTIVE','2025-06-08 19:38:42','2025-06-08 19:38:42'),(348,285,'Social media',1,'ACTIVE','2025-06-08 19:38:42','2025-06-08 19:38:42'),(349,286,'Increased productivity',0,'ACTIVE','2025-06-08 19:38:42','2025-06-08 19:38:42'),(350,286,'Reduced morale',1,'ACTIVE','2025-06-08 19:38:42','2025-06-08 19:38:42'),(351,286,'Better teamwork',0,'ACTIVE','2025-06-08 19:38:42','2025-06-08 19:38:42'),(352,286,'More meetings',0,'ACTIVE','2025-06-08 19:38:42','2025-06-08 19:38:42'),(353,287,'Technical skills',0,'ACTIVE','2025-06-08 19:38:42','2025-06-08 19:38:42'),(354,287,'Communication skills',1,'ACTIVE','2025-06-08 19:38:42','2025-06-08 19:38:42'),(355,287,'Sales strategies',0,'ACTIVE','2025-06-08 19:38:42','2025-06-08 19:38:42'),(356,287,'Marketing plans',0,'ACTIVE','2025-06-08 19:38:42','2025-06-08 19:38:42'),(357,288,'Only verbal methods',0,'ACTIVE','2025-06-08 19:38:42','2025-06-08 19:38:42'),(358,288,'Verbal and non-verbal methods',1,'ACTIVE','2025-06-08 19:38:42','2025-06-08 19:38:42'),(359,288,'Only non-verbal methods',0,'ACTIVE','2025-06-08 19:38:42','2025-06-08 19:38:42'),(360,288,'Ignoring body language',0,'ACTIVE','2025-06-08 19:38:42','2025-06-08 19:38:42'),(361,289,'Burning fossil fuels',1,'ACTIVE','2025-06-08 19:38:43','2025-06-08 19:38:43'),(362,289,'Planting trees',0,'ACTIVE','2025-06-08 19:38:43','2025-06-08 19:38:43'),(363,289,'Recycling waste',0,'ACTIVE','2025-06-08 19:38:43','2025-06-08 19:38:43'),(364,289,'Using solar power',0,'ACTIVE','2025-06-08 19:38:43','2025-06-08 19:38:43'),(365,290,'Melting ice caps',0,'ACTIVE','2025-06-08 19:38:43','2025-06-08 19:38:43'),(366,290,'Sea level rise',0,'ACTIVE','2025-06-08 19:38:43','2025-06-08 19:38:43'),(367,290,'Reduced extreme weather',1,'ACTIVE','2025-06-08 19:38:43','2025-06-08 19:38:43'),(368,290,'Threatened ecosystems',0,'ACTIVE','2025-06-08 19:38:43','2025-06-08 19:38:43'),(369,291,'Passage 1',1,'ACTIVE','2025-06-08 19:38:43','2025-06-08 19:38:43'),(370,291,'Passage 2',0,'ACTIVE','2025-06-08 19:38:43','2025-06-08 19:38:43'),(371,291,'Both passages',0,'ACTIVE','2025-06-08 19:38:43','2025-06-08 19:38:43'),(372,291,'Neither passage',0,'ACTIVE','2025-06-08 19:38:43','2025-06-08 19:38:43'),(373,292,'Communities and ecosystems',1,'ACTIVE','2025-06-08 19:38:43','2025-06-08 19:38:43'),(374,292,'Only plants',0,'ACTIVE','2025-06-08 19:38:43','2025-06-08 19:38:43'),(375,292,'Only animals',0,'ACTIVE','2025-06-08 19:38:43','2025-06-08 19:38:43'),(376,292,'Technology',0,'ACTIVE','2025-06-08 19:38:43','2025-06-08 19:38:43'),(377,293,'Printing press',1,'ACTIVE','2025-06-08 19:38:44','2025-06-08 19:38:44'),(378,293,'Telegraph',0,'ACTIVE','2025-06-08 19:38:44','2025-06-08 19:38:44'),(379,293,'Telephone',0,'ACTIVE','2025-06-08 19:38:44','2025-06-08 19:38:44'),(380,293,'Internet',0,'ACTIVE','2025-06-08 19:38:44','2025-06-08 19:38:44'),(381,294,'Long-distance communication',1,'ACTIVE','2025-06-08 19:38:44','2025-06-08 19:38:44'),(382,294,'Printing books',0,'ACTIVE','2025-06-08 19:38:44','2025-06-08 19:38:44'),(383,294,'Writing letters',0,'ACTIVE','2025-06-08 19:38:44','2025-06-08 19:38:44'),(384,294,'Photography',0,'ACTIVE','2025-06-08 19:38:44','2025-06-08 19:38:44'),(385,295,'15th century',1,'ACTIVE','2025-06-08 19:38:44','2025-06-08 19:38:44'),(386,295,'18th century',0,'ACTIVE','2025-06-08 19:38:44','2025-06-08 19:38:44'),(387,295,'20th century',0,'ACTIVE','2025-06-08 19:38:44','2025-06-08 19:38:44'),(388,295,'12th century',0,'ACTIVE','2025-06-08 19:38:44','2025-06-08 19:38:44'),(389,296,'Chronic diseases',1,'ACTIVE','2025-06-08 19:38:44','2025-06-08 19:38:44'),(390,296,'Hair loss',0,'ACTIVE','2025-06-08 19:38:44','2025-06-08 19:38:44'),(391,296,'Vision problems',0,'ACTIVE','2025-06-08 19:38:44','2025-06-08 19:38:44'),(392,296,'Allergies',0,'ACTIVE','2025-06-08 19:38:44','2025-06-08 19:38:44'),(393,297,'Fruits',0,'ACTIVE','2025-06-08 19:38:45','2025-06-08 19:38:45'),(394,297,'Vegetables',0,'ACTIVE','2025-06-08 19:38:45','2025-06-08 19:38:45'),(395,297,'Whole grains',0,'ACTIVE','2025-06-08 19:38:45','2025-06-08 19:38:45'),(396,297,'Sugary drinks',1,'ACTIVE','2025-06-08 19:38:45','2025-06-08 19:38:45'),(397,298,'Energy levels and well-being',1,'ACTIVE','2025-06-08 19:38:45','2025-06-08 19:38:45'),(398,298,'Fast weight gain',0,'ACTIVE','2025-06-08 19:38:45','2025-06-08 19:38:45'),(399,298,'Decreased energy',0,'ACTIVE','2025-06-08 19:38:45','2025-06-08 19:38:45'),(400,298,'Increased stress',0,'ACTIVE','2025-06-08 19:38:45','2025-06-08 19:38:45'),(401,299,'Passage 1',0,'ACTIVE','2025-06-08 19:38:45','2025-06-08 19:38:45'),(402,299,'Passage 2',1,'ACTIVE','2025-06-08 19:38:45','2025-06-08 19:38:45'),(403,299,'Both passages',0,'ACTIVE','2025-06-08 19:38:45','2025-06-08 19:38:45'),(404,299,'Neither passage',0,'ACTIVE','2025-06-08 19:38:45','2025-06-08 19:38:45'),(405,300,'Low cost',0,'ACTIVE','2025-06-08 19:43:18','2025-06-08 19:43:18'),(406,300,'Flexibility',1,'ACTIVE','2025-06-08 19:43:18','2025-06-08 19:43:18'),(407,300,'Guaranteed job placement',0,'ACTIVE','2025-06-08 19:43:18','2025-06-08 19:43:18'),(408,300,'Free certification',0,'ACTIVE','2025-06-08 19:43:18','2025-06-08 19:43:18'),(409,301,'Self-discipline',1,'ACTIVE','2025-06-08 19:43:18','2025-06-08 19:43:18'),(410,301,'Drawing skills',0,'ACTIVE','2025-06-08 19:43:18','2025-06-08 19:43:18'),(411,301,'Public speaking',0,'ACTIVE','2025-06-08 19:43:18','2025-06-08 19:43:18'),(412,301,'Travel experience',0,'ACTIVE','2025-06-08 19:43:18','2025-06-08 19:43:18'),(413,302,'Only programming',0,'ACTIVE','2025-06-08 19:43:18','2025-06-08 19:43:18'),(414,302,'Language learning and programming',1,'ACTIVE','2025-06-08 19:43:18','2025-06-08 19:43:18'),(415,302,'Sports coaching only',0,'ACTIVE','2025-06-08 19:43:18','2025-06-08 19:43:18'),(416,302,'Cooking only',0,'ACTIVE','2025-06-08 19:43:18','2025-06-08 19:43:18'),(417,303,'Limited public transport',0,'ACTIVE','2025-06-08 19:43:19','2025-06-08 19:43:19'),(418,303,'More noise and pollution',1,'ACTIVE','2025-06-08 19:43:19','2025-06-08 19:43:19'),(419,303,'Limited entertainment options',0,'ACTIVE','2025-06-08 19:43:19','2025-06-08 19:43:19'),(420,303,'Lack of career opportunities',0,'ACTIVE','2025-06-08 19:43:19','2025-06-08 19:43:19'),(421,304,'Fast-paced life',0,'ACTIVE','2025-06-08 19:43:19','2025-06-08 19:43:19'),(422,304,'Natural surroundings',1,'ACTIVE','2025-06-08 19:43:19','2025-06-08 19:43:19'),(423,304,'More pollution',0,'ACTIVE','2025-06-08 19:43:19','2025-06-08 19:43:19'),(424,304,'More shopping malls',0,'ACTIVE','2025-06-08 19:43:19','2025-06-08 19:43:19'),(425,305,'Limited access to healthcare',1,'ACTIVE','2025-06-08 19:43:19','2025-06-08 19:43:19'),(426,305,'More traffic jams',0,'ACTIVE','2025-06-08 19:43:19','2025-06-08 19:43:19'),(427,305,'Less green space',0,'ACTIVE','2025-06-08 19:43:19','2025-06-08 19:43:19'),(428,305,'Higher cost of living',0,'ACTIVE','2025-06-08 19:43:19','2025-06-08 19:43:19'),(429,306,'Venus and Jupiter',0,'ACTIVE','2025-06-08 19:43:20','2025-06-08 19:43:20'),(430,306,'Mars and Moon',1,'ACTIVE','2025-06-08 19:43:20','2025-06-08 19:43:20'),(431,306,'Saturn and Neptune',0,'ACTIVE','2025-06-08 19:43:20','2025-06-08 19:43:20'),(432,306,'Mercury and Pluto',0,'ACTIVE','2025-06-08 19:43:20','2025-06-08 19:43:20'),(433,307,'Basic tools',0,'ACTIVE','2025-06-08 19:43:20','2025-06-08 19:43:20'),(434,307,'Satellite communication',1,'ACTIVE','2025-06-08 19:43:20','2025-06-08 19:43:20'),(435,307,'Stone sculptures',0,'ACTIVE','2025-06-08 19:43:20','2025-06-08 19:43:20'),(436,307,'Ancient maps',0,'ACTIVE','2025-06-08 19:43:20','2025-06-08 19:43:20'),(437,308,'Government agencies only',0,'ACTIVE','2025-06-08 19:43:20','2025-06-08 19:43:20'),(438,308,'Private companies',1,'ACTIVE','2025-06-08 19:43:20','2025-06-08 19:43:20'),(439,308,'Universities',0,'ACTIVE','2025-06-08 19:43:20','2025-06-08 19:43:20'),(440,308,'Military organizations only',0,'ACTIVE','2025-06-08 19:43:20','2025-06-08 19:43:20'),(441,309,'Leisure and sightseeing',0,'ACTIVE','2025-06-08 19:43:20','2025-06-08 19:43:20'),(442,309,'Building international relationships',1,'ACTIVE','2025-06-08 19:43:20','2025-06-08 19:43:20'),(443,309,'Taking long vacations',0,'ACTIVE','2025-06-08 19:43:20','2025-06-08 19:43:20'),(444,309,'Attending school',0,'ACTIVE','2025-06-08 19:43:20','2025-06-08 19:43:20'),(445,310,'Improved work-life balance',0,'ACTIVE','2025-06-08 19:43:21','2025-06-08 19:43:21'),(446,310,'Increased fatigue',1,'ACTIVE','2025-06-08 19:43:21','2025-06-08 19:43:21'),(447,310,'Lower productivity',0,'ACTIVE','2025-06-08 19:43:21','2025-06-08 19:43:21'),(448,310,'Decreased knowledge',0,'ACTIVE','2025-06-08 19:43:21','2025-06-08 19:43:21'),(449,311,'To reduce travel-related fatigue',1,'ACTIVE','2025-06-08 19:43:21','2025-06-08 19:43:21'),(450,311,'To increase the number of trips',0,'ACTIVE','2025-06-08 19:43:21','2025-06-08 19:43:21'),(451,311,'To expand office space',0,'ACTIVE','2025-06-08 19:43:21','2025-06-08 19:43:21'),(452,311,'To eliminate technology use',0,'ACTIVE','2025-06-08 19:43:21','2025-06-08 19:43:21'),(453,312,'At a bank',0,'ACTIVE','2025-06-10 04:21:30','2025-06-10 04:21:30'),(454,312,'At a café',1,'ACTIVE','2025-06-10 04:21:30','2025-06-10 04:21:30'),(455,312,'At a school',0,'ACTIVE','2025-06-10 04:21:30','2025-06-10 04:21:30'),(456,312,'At a library',0,'ACTIVE','2025-06-10 04:21:30','2025-06-10 04:21:30'),(457,313,'Tea and salad',0,'ACTIVE','2025-06-10 06:20:46','2025-06-10 06:20:46'),(458,313,'Coffee and a sandwich',1,'ACTIVE','2025-06-10 06:20:46','2025-06-10 06:20:46'),(459,313,'Juice and cake',0,'ACTIVE','2025-06-10 06:20:46','2025-06-10 06:20:46'),(460,313,'Water and bread',0,'ACTIVE','2025-06-10 06:20:46','2025-06-10 06:20:46'),(461,314,'At home',0,'ACTIVE','2025-06-10 06:21:46','2025-06-10 06:21:46'),(462,314,'In her car',0,'ACTIVE','2025-06-10 06:21:46','2025-06-10 06:21:46'),(463,314,'In the park',0,'ACTIVE','2025-06-10 06:21:46','2025-06-10 06:21:46'),(464,314,'At the café',1,'ACTIVE','2025-06-10 06:21:46','2025-06-10 06:21:46'),(465,315,'The man',1,'ACTIVE','2025-06-10 06:22:35','2025-06-10 06:22:35'),(466,315,'A delivery person',0,'ACTIVE','2025-06-10 06:22:35','2025-06-10 06:22:35'),(467,315,'Another customer',0,'ACTIVE','2025-06-10 06:22:35','2025-06-10 06:22:35'),(468,315,'The woman',0,'ACTIVE','2025-06-10 06:22:35','2025-06-10 06:22:35'),(469,316,'Sarah Miller',0,'ACTIVE','2025-06-10 06:35:24','2025-06-10 06:35:24'),(470,316,'Conference coordinator',0,'ACTIVE','2025-06-10 06:35:24','2025-06-10 06:35:24'),(471,316,'Mark Johnson',1,'ACTIVE','2025-06-10 06:35:24','2025-06-10 06:35:24'),(472,316,'Project manager',0,'ACTIVE','2025-06-10 06:35:24','2025-06-10 06:35:24'),(473,317,'To cancel a meeting',0,'ACTIVE','2025-06-10 06:38:24','2025-06-10 06:38:24'),(474,317,'To change a room',0,'ACTIVE','2025-06-10 06:38:24','2025-06-10 06:38:24'),(475,317,'To confirm a meeting',1,'ACTIVE','2025-06-10 06:38:24','2025-06-10 06:38:24'),(476,317,'To ask about project details',0,'ACTIVE','2025-06-10 06:38:24','2025-06-10 06:38:24'),(477,318,'On Friday at 10 AM',1,'ACTIVE','2025-06-10 06:39:24','2025-06-10 06:39:24'),(478,318,'On Thursday at 2 PM',0,'ACTIVE','2025-06-10 06:39:24','2025-06-10 06:39:24'),(479,318,'On Monday at 9 AM',0,'ACTIVE','2025-06-10 06:39:24','2025-06-10 06:39:24'),(480,318,'On Wednesday at 3 PM',0,'ACTIVE','2025-06-10 06:39:24','2025-06-10 06:39:24'),(481,319,'A laptop',0,'ACTIVE','2025-06-10 06:40:16','2025-06-10 06:40:16'),(482,319,'The projector',0,'ACTIVE','2025-06-10 06:40:16','2025-06-10 06:40:16'),(483,319,'The project documents',1,'ACTIVE','2025-06-10 06:40:16','2025-06-10 06:40:16'),(484,319,'Meeting agenda',0,'ACTIVE','2025-06-10 06:40:16','2025-06-10 06:40:16'),(485,320,'Berlin',0,'ACTIVE','2025-06-10 06:43:54','2025-06-10 06:43:54'),(486,320,'London Heathrow',1,'ACTIVE','2025-06-10 06:43:54','2025-06-10 06:43:54'),(487,320,'Paris',0,'ACTIVE','2025-06-10 06:43:54','2025-06-10 06:43:54'),(488,320,'New York',0,'ACTIVE','2025-06-10 06:43:54','2025-06-10 06:43:54'),(489,321,'Rows 1 to 10',0,'ACTIVE','2025-06-10 06:44:38','2025-06-10 06:44:38'),(490,321,'Rows 10 to 20',0,'ACTIVE','2025-06-10 06:44:38','2025-06-10 06:44:38'),(491,321,'Rows 20 to 30',1,'ACTIVE','2025-06-10 06:44:38','2025-06-10 06:44:38'),(492,321,'Rows 31 to 40',0,'ACTIVE','2025-06-10 06:44:38','2025-06-10 06:44:38'),(493,322,'Boarding pass and passport',1,'ACTIVE','2025-06-10 06:45:32','2025-06-10 06:45:32'),(494,322,'Hotel reservation',0,'ACTIVE','2025-06-10 06:45:32','2025-06-10 06:45:32'),(495,322,'Visa application',0,'ACTIVE','2025-06-10 06:45:32','2025-06-10 06:45:32'),(496,322,'Luggage receipt',0,'ACTIVE','2025-06-10 06:45:32','2025-06-10 06:45:32'),(497,323,'20 minutes',0,'ACTIVE','2025-06-10 06:46:21','2025-06-10 06:46:21'),(498,323,'15 minutes',0,'ACTIVE','2025-06-10 06:46:21','2025-06-10 06:46:21'),(499,323,'10 minutes',1,'ACTIVE','2025-06-10 06:46:21','2025-06-10 06:46:21'),(500,323,'5 minutes',0,'ACTIVE','2025-06-10 06:46:21','2025-06-10 06:46:21'),(501,324,'To announce a team lunch',0,'ACTIVE','2025-06-14 00:12:05','2025-06-14 00:12:05'),(502,324,'To remind employees about a fire drill',1,'ACTIVE','2025-06-14 00:12:05','2025-06-14 00:12:05'),(503,324,'To cancel a meeting',0,'ACTIVE','2025-06-14 00:12:05','2025-06-14 00:12:05'),(504,324,'To introduce a new manager',0,'ACTIVE','2025-06-14 00:12:05','2025-06-14 00:12:05'),(505,325,'To their cars',0,'ACTIVE','2025-06-14 00:12:49','2025-06-14 00:12:49'),(506,325,'To the cafeteria',0,'ACTIVE','2025-06-14 00:12:49','2025-06-14 00:12:49'),(507,325,'To the parking lot',1,'ACTIVE','2025-06-14 00:12:49','2025-06-14 00:12:49'),(508,325,'To the elevators',0,'ACTIVE','2025-06-14 00:12:49','2025-06-14 00:12:49'),(509,326,'Prepare a presentation',0,'ACTIVE','2025-06-14 00:13:36','2025-06-14 00:13:36'),(510,326,'Check that their teams are present',1,'ACTIVE','2025-06-14 00:13:36','2025-06-14 00:13:36'),(511,326,'Stay in their offices',0,'ACTIVE','2025-06-14 00:13:36','2025-06-14 00:13:36'),(512,326,'Call emergency services',0,'ACTIVE','2025-06-14 00:13:36','2025-06-14 00:13:36'),(513,327,'10 minutes',0,'ACTIVE','2025-06-14 00:14:24','2025-06-14 00:14:24'),(514,327,'15 minutes',0,'ACTIVE','2025-06-14 00:14:24','2025-06-14 00:14:24'),(515,327,'20 minutes',1,'ACTIVE','2025-06-14 00:14:24','2025-06-14 00:14:24'),(516,327,'30 minutes',0,'ACTIVE','2025-06-14 00:14:24','2025-06-14 00:14:24'),(517,328,'High costs in Europe',0,'ACTIVE','2025-06-14 00:22:25','2025-06-14 00:22:25'),(518,328,'Poor sales in Asia-Pacific',1,'ACTIVE','2025-06-14 00:22:25','2025-06-14 00:22:25'),(519,328,'A delayed product launch',0,'ACTIVE','2025-06-14 00:22:25','2025-06-14 00:22:25'),(520,328,'Employee turnover',0,'ACTIVE','2025-06-14 00:22:25','2025-06-14 00:22:25'),(521,329,'Reducing staff',0,'ACTIVE','2025-06-14 00:23:07','2025-06-14 00:23:07'),(522,329,'Changing suppliers',0,'ACTIVE','2025-06-14 00:23:07','2025-06-14 00:23:07'),(523,329,'Closing regional offices',0,'ACTIVE','2025-06-14 00:23:07','2025-06-14 00:23:07'),(524,329,'Increasing digital ads',1,'ACTIVE','2025-06-14 00:23:07','2025-06-14 00:23:07'),(525,330,'A budget revision',0,'ACTIVE','2025-06-14 00:23:51','2025-06-14 00:23:51'),(526,330,'A comparative analysis',1,'ACTIVE','2025-06-14 00:23:51','2025-06-14 00:23:51'),(527,330,'A new hire report',0,'ACTIVE','2025-06-14 00:23:51','2025-06-14 00:23:51'),(528,330,'A meeting with clients',0,'ACTIVE','2025-06-14 00:23:51','2025-06-14 00:23:51'),(529,331,'In the morning',0,'ACTIVE','2025-06-14 00:24:42','2025-06-14 00:24:42'),(530,331,'In the evening',0,'ACTIVE','2025-06-14 00:24:42','2025-06-14 00:24:42'),(531,331,'Next week',0,'ACTIVE','2025-06-14 00:24:42','2025-06-14 00:24:42'),(532,331,'By noon',1,'ACTIVE','2025-06-14 00:24:42','2025-06-14 00:24:42'),(549,335,'Humorous',0,'ACTIVE','2025-06-14 00:39:38','2025-06-14 00:39:38'),(550,335,'Angry',0,'ACTIVE','2025-06-14 00:39:38','2025-06-14 00:39:38'),(551,335,'Apologetic',1,'ACTIVE','2025-06-14 00:39:38','2025-06-14 00:39:38'),(552,335,'Surprised',0,'ACTIVE','2025-06-14 00:39:38','2025-06-14 00:39:38'),(553,334,'At the service desk',1,'ACTIVE','2025-06-14 00:39:44','2025-06-14 00:39:44'),(554,334,'At Gate B12',0,'ACTIVE','2025-06-14 00:39:44','2025-06-14 00:39:44'),(555,334,'On the plane',0,'ACTIVE','2025-06-14 00:39:44','2025-06-14 00:39:44'),(556,334,'At baggage claim',0,'ACTIVE','2025-06-14 00:39:44','2025-06-14 00:39:44'),(557,333,'Free hotel stays',0,'ACTIVE','2025-06-14 00:39:50','2025-06-14 00:39:50'),(558,333,'Complimentary refreshments',1,'ACTIVE','2025-06-14 00:39:50','2025-06-14 00:39:50'),(559,333,'Priority boarding',0,'ACTIVE','2025-06-14 00:39:50','2025-06-14 00:39:50'),(560,333,'Discounted tickets',0,'ACTIVE','2025-06-14 00:39:50','2025-06-14 00:39:50'),(561,332,'Weather conditions',0,'ACTIVE','2025-06-14 00:39:56','2025-06-14 00:39:56'),(562,332,'Staff shortages',0,'ACTIVE','2025-06-14 00:39:56','2025-06-14 00:39:56'),(563,332,'Maintenance problems',1,'ACTIVE','2025-06-14 00:39:56','2025-06-14 00:39:56'),(564,332,'Security checks',0,'ACTIVE','2025-06-14 00:39:56','2025-06-14 00:39:56'),(565,336,'Bad weather',1,'ACTIVE','2025-06-14 00:50:25','2025-06-14 00:50:25'),(566,336,'Staff shortages',0,'ACTIVE','2025-06-14 00:50:25','2025-06-14 00:50:25'),(567,336,'Technical issues',0,'ACTIVE','2025-06-14 00:50:25','2025-06-14 00:50:25'),(568,336,'Overbooking',0,'ACTIVE','2025-06-14 00:50:25','2025-06-14 00:50:25'),(569,337,'At the ticket counter',0,'ACTIVE','2025-06-14 00:51:50','2025-06-14 00:51:50'),(570,337,'On the airline’s website',0,'ACTIVE','2025-06-14 00:51:50','2025-06-14 00:51:50'),(571,337,'On the monitors',1,'ACTIVE','2025-06-14 00:51:50','2025-06-14 00:51:50'),(572,337,'By calling customer service',0,'ACTIVE','2025-06-14 00:51:50','2025-06-14 00:51:50'),(573,338,'Free hotel stay',0,'ACTIVE','2025-06-14 00:53:02','2025-06-14 00:53:02'),(574,338,'A refund',0,'ACTIVE','2025-06-14 00:53:02','2025-06-14 00:53:02'),(575,338,'Priority boarding',0,'ACTIVE','2025-06-14 00:53:02','2025-06-14 00:53:02'),(576,338,'Meal vouchers',1,'ACTIVE','2025-06-14 00:53:02','2025-06-14 00:53:02'),(577,339,'Immediately',0,'ACTIVE','2025-06-14 00:53:51','2025-06-14 00:53:51'),(578,339,'Only before boarding',0,'ACTIVE','2025-06-14 00:53:51','2025-06-14 00:53:51'),(579,339,'The next day',0,'ACTIVE','2025-06-14 00:53:51','2025-06-14 00:53:51'),(580,339,'After 6 PM',1,'ACTIVE','2025-06-14 00:53:51','2025-06-14 00:53:51'),(581,340,'To follow up on a proposal',1,'ACTIVE','2025-06-14 01:03:05','2025-06-14 01:03:05'),(582,340,'To cancel a meeting',0,'ACTIVE','2025-06-14 01:03:05','2025-06-14 01:03:05'),(583,340,'To request payment',0,'ACTIVE','2025-06-14 01:03:05','2025-06-14 01:03:05'),(584,340,'To complain about a service',0,'ACTIVE','2025-06-14 01:03:05','2025-06-14 01:03:05'),(585,341,'A new product demo',0,'ACTIVE','2025-06-14 01:03:57','2025-06-14 01:03:57'),(586,341,'A list of references',0,'ACTIVE','2025-06-14 01:03:57','2025-06-14 01:03:57'),(587,341,'A cost-analysis section',1,'ACTIVE','2025-06-14 01:03:57','2025-06-14 01:03:57'),(588,341,'A discount offer',0,'ACTIVE','2025-06-14 01:03:57','2025-06-14 01:03:57'),(589,342,'By visiting their office',0,'ACTIVE','2025-06-14 01:04:39','2025-06-14 01:04:39'),(590,342,'By texting',0,'ACTIVE','2025-06-14 01:04:39','2025-06-14 01:04:39'),(591,342,'By sending a fax',0,'ACTIVE','2025-06-14 01:04:39','2025-06-14 01:04:39'),(592,342,'By calling or emailing',1,'ACTIVE','2025-06-14 01:04:39','2025-06-14 01:04:39'),(593,343,'11 AM',1,'ACTIVE','2025-06-14 01:05:30','2025-06-14 01:05:30'),(594,343,'9 AM',0,'ACTIVE','2025-06-14 01:05:30','2025-06-14 01:05:30'),(595,343,'2 PM',0,'ACTIVE','2025-06-14 01:05:30','2025-06-14 01:05:30'),(596,343,'4 PM',0,'ACTIVE','2025-06-14 01:05:30','2025-06-14 01:05:30'),(597,344,'They arrived last Monday.',0,'ACTIVE','2025-06-14 19:12:05','2025-06-14 19:12:05'),(598,344,'I prefer the old ones',0,'ACTIVE','2025-06-14 19:12:05','2025-06-14 19:12:05'),(599,344,'In the storage room on the second floor',1,'ACTIVE','2025-06-14 19:12:05','2025-06-14 19:12:05'),(600,344,'Printers are expensive',0,'ACTIVE','2025-06-14 19:12:05','2025-06-14 19:12:05'),(601,345,'The meeting was productive',0,'ACTIVE','2025-06-14 19:14:25','2025-06-14 19:14:25'),(602,345,'I’ll bring the documents',0,'ACTIVE','2025-06-14 19:14:25','2025-06-14 19:14:25'),(603,345,'Yes, 3 PM works for everyone',1,'ACTIVE','2025-06-14 19:14:25','2025-06-14 19:14:25'),(604,345,'She’s not here yet',0,'ACTIVE','2025-06-14 19:14:25','2025-06-14 19:14:25'),(605,346,'The conference starts at 9 AM.',0,'ACTIVE','2025-06-14 19:36:09','2025-06-14 19:36:09'),(606,346,'I attended last year.',0,'ACTIVE','2025-06-14 19:36:09','2025-06-14 19:36:09'),(607,346,'By taxi; it takes 20 minutes.',1,'ACTIVE','2025-06-14 19:36:09','2025-06-14 19:36:09'),(608,346,'The center is very modern.',0,'ACTIVE','2025-06-14 19:36:09','2025-06-14 19:36:09'),(609,347,'She’s sick',0,'ACTIVE','2025-06-14 19:49:14','2025-06-14 19:49:14'),(610,347,'She forgot the time',0,'ACTIVE','2025-06-14 19:49:14','2025-06-14 19:49:14'),(611,347,'Her client call is delayed',1,'ACTIVE','2025-06-14 19:49:14','2025-06-14 19:49:14'),(612,347,'The room is unavailable',0,'ACTIVE','2025-06-14 19:49:14','2025-06-14 19:49:14'),(613,348,'3:30 PM',1,'ACTIVE','2025-06-14 19:49:54','2025-06-14 19:49:54'),(614,348,'4:00 PM',0,'ACTIVE','2025-06-14 19:49:54','2025-06-14 19:49:54'),(615,348,'10:00 AM',0,'ACTIVE','2025-06-14 19:49:54','2025-06-14 19:49:54'),(616,348,'2:00 PM',0,'ACTIVE','2025-06-14 19:49:54','2025-06-14 19:49:54'),(617,349,'Conference Room A',0,'ACTIVE','2025-06-14 19:50:34','2025-06-14 19:50:34'),(618,349,'The cafeteria',0,'ACTIVE','2025-06-14 19:50:34','2025-06-14 19:50:34'),(619,349,'Online',0,'ACTIVE','2025-06-14 19:50:34','2025-06-14 19:50:34'),(620,349,'Conference Room B',1,'ACTIVE','2025-06-14 19:50:34','2025-06-14 19:50:34'),(621,350,'Call the client',0,'ACTIVE','2025-06-14 19:51:12','2025-06-14 19:51:12'),(622,350,'Email the team about the change',1,'ACTIVE','2025-06-14 19:51:12','2025-06-14 19:51:12'),(623,350,'Book a different room',0,'ACTIVE','2025-06-14 19:51:12','2025-06-14 19:51:12'),(624,350,'Cancel the meeting',0,'ACTIVE','2025-06-14 19:51:12','2025-06-14 19:51:12'),(625,351,'Computers',0,'ACTIVE','2025-06-14 20:01:36','2025-06-14 20:01:36'),(626,351,'Furniture',0,'ACTIVE','2025-06-14 20:01:36','2025-06-14 20:01:36'),(627,351,'Coffee supplies',0,'ACTIVE','2025-06-14 20:01:36','2025-06-14 20:01:36'),(628,351,'Paper and printer cartridges',1,'ACTIVE','2025-06-14 20:01:36','2025-06-14 20:01:36'),(629,352,'Blue',0,'ACTIVE','2025-06-14 20:03:13','2025-06-14 20:03:13'),(630,352,'Black',1,'ACTIVE','2025-06-14 20:03:13','2025-06-14 20:03:13'),(631,352,'Red',0,'ACTIVE','2025-06-14 20:03:13','2025-06-14 20:03:13'),(632,352,'White',0,'ACTIVE','2025-06-14 20:03:13','2025-06-14 20:03:13'),(633,353,'By Friday',1,'ACTIVE','2025-06-14 20:04:08','2025-06-14 20:04:08'),(634,353,'By Monday',0,'ACTIVE','2025-06-14 20:04:08','2025-06-14 20:04:08'),(635,353,'Next Month',0,'ACTIVE','2025-06-14 20:04:08','2025-06-14 20:04:08'),(636,353,'Tomorrow',0,'ACTIVE','2025-06-14 20:04:08','2025-06-14 20:04:08'),(637,354,'Thursday morning',1,'ACTIVE','2025-06-14 20:04:50','2025-06-14 20:04:50'),(638,354,'Friday afternoon',0,'ACTIVE','2025-06-14 20:04:50','2025-06-14 20:04:50'),(639,354,'Next week',0,'ACTIVE','2025-06-14 20:04:50','2025-06-14 20:04:50'),(640,354,'Today',0,'ACTIVE','2025-06-14 20:04:50','2025-06-14 20:04:50'),(641,355,'The room wasn’t paid for',0,'ACTIVE','2025-06-14 20:09:35','2025-06-14 20:09:35'),(642,355,'It was booked for the wrong month',1,'ACTIVE','2025-06-14 20:09:35','2025-06-14 20:09:35'),(643,355,'The name was misspelled',0,'ACTIVE','2025-06-14 20:09:35','2025-06-14 20:09:35'),(644,355,'The hotel is full',0,'ACTIVE','2025-06-14 20:09:35','2025-06-14 20:09:35'),(645,356,'A conference room',0,'ACTIVE','2025-06-14 20:10:20','2025-06-14 20:10:20'),(646,356,'A single room',0,'ACTIVE','2025-06-14 20:10:20','2025-06-14 20:10:20'),(647,356,'An executive suite',1,'ACTIVE','2025-06-14 20:10:20','2025-06-14 20:10:20'),(648,356,'A dormitory',0,'ACTIVE','2025-06-14 20:10:20','2025-06-14 20:10:20'),(649,357,'A refund',0,'ACTIVE','2025-06-14 20:10:57','2025-06-14 20:10:57'),(650,357,'A room upgrade',0,'ACTIVE','2025-06-14 20:10:57','2025-06-14 20:10:57'),(651,357,'A free meal',0,'ACTIVE','2025-06-14 20:10:57','2025-06-14 20:10:57'),(652,357,'A 10% discount',1,'ACTIVE','2025-06-14 20:10:57','2025-06-14 20:10:57'),(653,358,'$10 per night',0,'ACTIVE','2025-06-14 20:11:42','2025-06-14 20:11:42'),(654,358,'$50 per night',1,'ACTIVE','2025-06-14 20:11:42','2025-06-14 20:11:42'),(655,358,'The same price',0,'ACTIVE','2025-06-14 20:11:42','2025-06-14 20:11:42'),(656,358,'$100 per night',0,'ACTIVE','2025-06-14 20:11:42','2025-06-14 20:11:42'),(657,359,'His computer is slow.',0,'ACTIVE','2025-06-14 20:18:16','2025-06-14 20:18:16'),(658,359,'He lost a file.',0,'ACTIVE','2025-06-14 20:18:16','2025-06-14 20:18:16'),(659,359,'His email isn’t working.',0,'ACTIVE','2025-06-14 20:18:16','2025-06-14 20:18:16'),(660,359,'He can’t access the shared drive.',1,'ACTIVE','2025-06-14 20:18:16','2025-06-14 20:18:16'),(661,360,'Restarting the computer',0,'ACTIVE','2025-06-14 20:18:52','2025-06-14 20:18:52'),(662,360,'Updating the software',0,'ACTIVE','2025-06-14 20:18:52','2025-06-14 20:18:52'),(663,360,'Resetting his password',1,'ACTIVE','2025-06-14 20:18:52','2025-06-14 20:18:52'),(664,360,'Calling his manager',0,'ACTIVE','2025-06-14 20:18:52','2025-06-14 20:18:52'),(665,361,'Visit his desk',0,'ACTIVE','2025-06-14 20:19:31','2025-06-14 20:19:31'),(666,361,'Send a technician',0,'ACTIVE','2025-06-14 20:19:31','2025-06-14 20:19:31'),(667,361,'Escalate the issue',0,'ACTIVE','2025-06-14 20:19:31','2025-06-14 20:19:31'),(668,361,'Remote into his computer',1,'ACTIVE','2025-06-14 20:19:31','2025-06-14 20:19:31'),(669,362,'A recent update',1,'ACTIVE','2025-06-14 20:20:04','2025-06-14 20:20:04'),(670,362,'A virus',0,'ACTIVE','2025-06-14 20:20:04','2025-06-14 20:20:04'),(671,362,'A hardware failure',0,'ACTIVE','2025-06-14 20:20:04','2025-06-14 20:20:04'),(672,362,'A power outage',0,'ACTIVE','2025-06-14 20:20:04','2025-06-14 20:20:04'),(673,363,'Attend a meeting',0,'ACTIVE','2025-06-14 20:28:42','2025-06-14 20:28:42'),(674,363,'Visit a client',0,'ACTIVE','2025-06-14 20:28:42','2025-06-14 20:28:42'),(675,363,'Have lunch',1,'ACTIVE','2025-06-14 20:28:42','2025-06-14 20:28:42'),(676,363,'Work late',0,'ACTIVE','2025-06-14 20:28:42','2025-06-14 20:28:42'),(677,364,'A Japanese restaurant',0,'ACTIVE','2025-06-14 20:29:16','2025-06-14 20:29:16'),(678,364,'The office cafeteria',0,'ACTIVE','2025-06-14 20:29:16','2025-06-14 20:29:16'),(679,364,'An Italian restaurant',1,'ACTIVE','2025-06-14 20:29:16','2025-06-14 20:29:16'),(680,364,'A fast-food place',0,'ACTIVE','2025-06-14 20:29:16','2025-06-14 20:29:16'),(681,365,'12:30 PM',1,'ACTIVE','2025-06-14 20:29:57','2025-06-14 20:29:57'),(682,365,'11:30 AM',0,'ACTIVE','2025-06-14 20:29:57','2025-06-14 20:29:57'),(683,365,'1:00 PM',0,'ACTIVE','2025-06-14 20:29:57','2025-06-14 20:29:57'),(684,365,'2:00 PM',0,'ACTIVE','2025-06-14 20:29:57','2025-06-14 20:29:57'),(685,366,'At the parking lot',0,'ACTIVE','2025-06-14 20:30:34','2025-06-14 20:30:34'),(686,366,'At Anna’s desk',0,'ACTIVE','2025-06-14 20:30:34','2025-06-14 20:30:34'),(687,366,'At the lobby',1,'ACTIVE','2025-06-14 20:30:34','2025-06-14 20:30:34'),(688,366,'Outside the building',0,'ACTIVE','2025-06-14 20:30:34','2025-06-14 20:30:34'),(689,367,'The food was cold',0,'ACTIVE','2025-06-14 20:55:57','2025-06-14 20:55:57'),(690,367,'The wrong dish was served',1,'ACTIVE','2025-06-14 20:55:57','2025-06-14 20:55:57'),(691,367,'The waiter was rude',0,'ACTIVE','2025-06-14 20:55:57','2025-06-14 20:55:57'),(692,367,'The restaurant was closed',0,'ACTIVE','2025-06-14 20:55:57','2025-06-14 20:55:57'),(693,368,'Give a discount',0,'ACTIVE','2025-06-14 20:56:34','2025-06-14 20:56:34'),(694,368,'Refund the money',0,'ACTIVE','2025-06-14 20:56:34','2025-06-14 20:56:34'),(695,368,'Call the chef',0,'ACTIVE','2025-06-14 20:56:34','2025-06-14 20:56:34'),(696,368,'Prepare a new dish',1,'ACTIVE','2025-06-14 20:56:34','2025-06-14 20:56:34'),(697,369,'The missing water',1,'ACTIVE','2025-06-14 20:57:25','2025-06-14 20:57:25'),(698,369,'The price',0,'ACTIVE','2025-06-14 20:57:25','2025-06-14 20:57:25'),(699,369,'The noise',0,'ACTIVE','2025-06-14 20:57:25','2025-06-14 20:57:25'),(700,369,'The cleanliness',0,'ACTIVE','2025-06-14 20:57:25','2025-06-14 20:57:25'),(701,370,'Paid for by the restaurant',1,'ACTIVE','2025-06-14 20:58:10','2025-06-14 20:58:10'),(702,370,'Eaten outside',0,'ACTIVE','2025-06-14 20:58:10','2025-06-14 20:58:10'),(703,370,'Very expensive',0,'ACTIVE','2025-06-14 20:58:10','2025-06-14 20:58:10'),(704,370,'A special recipe',0,'ACTIVE','2025-06-14 20:58:10','2025-06-14 20:58:10'),(705,371,'Human resources',0,'ACTIVE','2025-06-14 21:01:16','2025-06-14 21:01:16'),(706,371,'Marketing',0,'ACTIVE','2025-06-14 21:01:16','2025-06-14 21:01:16'),(707,371,'Data analysis',1,'ACTIVE','2025-06-14 21:01:16','2025-06-14 21:01:16'),(708,371,'Customer service',0,'ACTIVE','2025-06-14 21:01:16','2025-06-14 21:01:16'),(709,372,'The salary is high',0,'ACTIVE','2025-06-14 21:01:58','2025-06-14 21:01:58'),(710,372,'The office is nearby',0,'ACTIVE','2025-06-14 21:01:58','2025-06-14 21:01:58'),(711,372,'She likes the company’s projects',1,'ACTIVE','2025-06-14 21:01:58','2025-06-14 21:01:58'),(712,372,'Her friend works there',0,'ACTIVE','2025-06-14 21:01:58','2025-06-14 21:01:58'),(713,373,'By prioritizing tasks',1,'ACTIVE','2025-06-14 21:02:46','2025-06-14 21:02:46'),(714,373,'By working overtime',0,'ACTIVE','2025-06-14 21:02:46','2025-06-14 21:02:46'),(715,373,'By avoiding them',0,'ACTIVE','2025-06-14 21:02:46','2025-06-14 21:02:46'),(716,373,'By delegating everything',0,'ACTIVE','2025-06-14 21:02:46','2025-06-14 21:02:46'),(717,374,'Skeptical',0,'ACTIVE','2025-06-14 21:03:17','2025-06-14 21:03:17'),(718,374,'Bored',0,'ACTIVE','2025-06-14 21:03:17','2025-06-14 21:03:17'),(719,374,'Angry',0,'ACTIVE','2025-06-14 21:03:17','2025-06-14 21:03:17'),(720,374,'Impressed',1,'ACTIVE','2025-06-14 21:03:17','2025-06-14 21:03:17'),(721,375,'Buying equipment',0,'ACTIVE','2025-06-14 21:06:44','2025-06-14 21:06:44'),(722,375,'Taking a tour',0,'ACTIVE','2025-06-14 21:06:44','2025-06-14 21:06:44'),(723,375,'Canceling a membership',0,'ACTIVE','2025-06-14 21:06:44','2025-06-14 21:06:44'),(724,375,'Joining the gym',1,'ACTIVE','2025-06-14 21:06:44','2025-06-14 21:06:44'),(725,376,'$5',0,'ACTIVE','2025-06-14 21:07:36','2025-06-14 21:07:36'),(726,376,'$15',0,'ACTIVE','2025-06-14 21:07:36','2025-06-14 21:07:36'),(727,376,'$50',1,'ACTIVE','2025-06-14 21:07:36','2025-06-14 21:07:36'),(728,376,'$500',0,'ACTIVE','2025-06-14 21:07:36','2025-06-14 21:07:36'),(729,377,'Free group classes',1,'ACTIVE','2025-06-14 21:08:24','2025-06-14 21:08:24'),(730,377,'Personal training',0,'ACTIVE','2025-06-14 21:08:24','2025-06-14 21:08:24'),(731,377,'A towel service',0,'ACTIVE','2025-06-14 21:08:24','2025-06-14 21:08:24'),(732,377,'A locker',0,'ACTIVE','2025-06-14 21:08:24','2025-06-14 21:08:24'),(733,378,'At a hotel',0,'ACTIVE','2025-06-14 21:08:59','2025-06-14 21:08:59'),(734,378,'At a school',0,'ACTIVE','2025-06-14 21:08:59','2025-06-14 21:08:59'),(735,378,'At a gym',1,'ACTIVE','2025-06-14 21:08:59','2025-06-14 21:08:59'),(736,378,'At a store',0,'ACTIVE','2025-06-14 21:08:59','2025-06-14 21:08:59'),(737,379,'The computer is slow',0,'ACTIVE','2025-06-14 21:15:09','2025-06-14 21:15:09'),(738,379,'The printer is jammed',1,'ACTIVE','2025-06-14 21:15:09','2025-06-14 21:15:09'),(739,379,'The internet is down',0,'ACTIVE','2025-06-14 21:15:09','2025-06-14 21:15:09'),(740,379,'The phone isn\'t working',0,'ACTIVE','2025-06-14 21:15:09','2025-06-14 21:15:09'),(741,380,'Restart the computer',0,'ACTIVE','2025-06-14 21:15:57','2025-06-14 21:15:57'),(742,380,'Call the technician',0,'ACTIVE','2025-06-14 21:15:57','2025-06-14 21:15:57'),(743,380,'Open the printer\'s front panel',1,'ACTIVE','2025-06-14 21:15:57','2025-06-14 21:15:57'),(744,380,'Use a different printer',0,'ACTIVE','2025-06-14 21:15:57','2025-06-14 21:15:57'),(745,381,'Call IT support',1,'ACTIVE','2025-06-14 21:16:41','2025-06-14 21:16:41'),(746,381,'Fix the printer himself',0,'ACTIVE','2025-06-14 21:16:41','2025-06-14 21:16:41'),(747,381,'Send an email',0,'ACTIVE','2025-06-14 21:16:41','2025-06-14 21:16:41'),(748,381,'Buy a new printer',0,'ACTIVE','2025-06-14 21:16:41','2025-06-14 21:16:41'),(749,382,'Immediately',0,'ACTIVE','2025-06-14 21:17:16','2025-06-14 21:17:16'),(750,382,'Within the hour',1,'ACTIVE','2025-06-14 21:17:16','2025-06-14 21:17:16'),(751,382,'Tomorrow morning',0,'ACTIVE','2025-06-14 21:17:16','2025-06-14 21:17:16'),(752,382,'Next week',0,'ACTIVE','2025-06-14 21:17:16','2025-06-14 21:17:16'),(753,383,'To cancel his registration',0,'ACTIVE','2025-06-14 21:21:17','2025-06-14 21:21:17'),(754,383,'To change the event date',0,'ACTIVE','2025-06-14 21:21:17','2025-06-14 21:21:17'),(755,383,'To complain about service',0,'ACTIVE','2025-06-14 21:21:17','2025-06-14 21:21:17'),(756,383,'He didn\'t receive confirmation',1,'ACTIVE','2025-06-14 21:21:17','2025-06-14 21:21:17'),(757,384,'In the spam folder',1,'ACTIVE','2025-06-14 21:21:56','2025-06-14 21:21:56'),(758,384,'It wasn\'t sent',0,'ACTIVE','2025-06-14 21:21:56','2025-06-14 21:21:56'),(759,384,'In his colleague\'s inbox',0,'ACTIVE','2025-06-14 21:21:56','2025-06-14 21:21:56'),(760,384,'In the trash folder',0,'ACTIVE','2025-06-14 21:21:56','2025-06-14 21:21:56'),(761,385,'A hotel room',0,'ACTIVE','2025-06-14 21:22:43','2025-06-14 21:22:43'),(762,385,'A vegetarian meal',1,'ACTIVE','2025-06-14 21:22:43','2025-06-14 21:22:43'),(763,385,'A parking space',0,'ACTIVE','2025-06-14 21:22:43','2025-06-14 21:22:43'),(764,385,'A front-row seat',0,'ACTIVE','2025-06-14 21:22:43','2025-06-14 21:22:43'),(765,386,'Process a refund',0,'ACTIVE','2025-06-14 21:23:20','2025-06-14 21:23:20'),(766,386,'Call her manager',0,'ACTIVE','2025-06-14 21:23:20','2025-06-14 21:23:20'),(767,386,'Update his registration',1,'ACTIVE','2025-06-14 21:23:20','2025-06-14 21:23:20'),(768,386,'Send a new email',0,'ACTIVE','2025-06-14 21:23:20','2025-06-14 21:23:20'),(785,387,'A temporary credit',1,'ACTIVE','2025-06-14 21:31:53','2025-06-14 21:31:53'),(786,387,'A new debit card',0,'ACTIVE','2025-06-14 21:31:53','2025-06-14 21:31:53'),(787,387,'An apology letter',0,'ACTIVE','2025-06-14 21:31:53','2025-06-14 21:31:53'),(788,387,'Extra interest',0,'ACTIVE','2025-06-14 21:31:53','2025-06-14 21:31:53'),(789,388,'Freeze the account temporarily ',1,'ACTIVE','2025-06-14 21:32:36','2025-06-14 21:32:36'),(790,388,'Charge an investigation fee',0,'ACTIVE','2025-06-14 21:32:36','2025-06-14 21:32:36'),(791,388,'Close the account permanently',0,'ACTIVE','2025-06-14 21:32:36','2025-06-14 21:32:36'),(792,388,'Issue a new loan',0,'ACTIVE','2025-06-14 21:32:36','2025-06-14 21:32:36'),(793,389,' It\'s a bank fee',0,'ACTIVE','2025-06-14 21:33:12','2025-06-14 21:33:12'),(794,389,'The ATM was faulty',0,'ACTIVE','2025-06-14 21:33:12','2025-06-14 21:33:12'),(795,389,'The customer made a mistake',0,'ACTIVE','2025-06-14 21:33:12','2025-06-14 21:33:12'),(796,389,'It might be from the new card ',1,'ACTIVE','2025-06-14 21:33:12','2025-06-14 21:33:12'),(797,390,'A lost credit card',0,'ACTIVE','2025-06-14 21:33:50','2025-06-14 21:33:50'),(798,390,'An unauthorized withdrawal',1,'ACTIVE','2025-06-14 21:33:50','2025-06-14 21:33:50'),(799,390,'A wrong deposit',0,'ACTIVE','2025-06-14 21:33:50','2025-06-14 21:33:50'),(800,390,'A stolen checkbook',0,'ACTIVE','2025-06-14 21:33:50','2025-06-14 21:33:50'),(801,391,'Customer service',0,'ACTIVE','2025-06-14 21:36:58','2025-06-14 21:36:58'),(802,391,'Safety procedures',0,'ACTIVE','2025-06-14 21:36:58','2025-06-14 21:36:58'),(803,391,'Accounting software',1,'ACTIVE','2025-06-14 21:36:58','2025-06-14 21:36:58'),(804,391,'Sales techniques',0,'ACTIVE','2025-06-14 21:36:58','2025-06-14 21:36:58'),(805,392,'Morning sessions',0,'ACTIVE','2025-06-14 21:37:34','2025-06-14 21:37:34'),(806,392,'Evening sessions',0,'ACTIVE','2025-06-14 21:37:34','2025-06-14 21:37:34'),(807,392,'Weekend sessions',0,'ACTIVE','2025-06-14 21:37:34','2025-06-14 21:37:34'),(808,392,'Afternoon session',1,'ACTIVE','2025-06-14 21:37:34','2025-06-14 21:37:34'),(809,393,'An interview',0,'ACTIVE','2025-06-14 21:38:10','2025-06-14 21:38:10'),(810,393,'A background check',0,'ACTIVE','2025-06-14 21:38:10','2025-06-14 21:38:10'),(811,393,'A fee payment',0,'ACTIVE','2025-06-14 21:38:10','2025-06-14 21:38:10'),(812,393,'A certification test',1,'ACTIVE','2025-06-14 21:38:10','2025-06-14 21:38:10'),(813,394,'Downloaded practice materials',1,'ACTIVE','2025-06-14 21:38:49','2025-06-14 21:38:49'),(814,394,'Taught a class',0,'ACTIVE','2025-06-14 21:38:49','2025-06-14 21:38:49'),(815,394,'Bought the software',0,'ACTIVE','2025-06-14 21:38:49','2025-06-14 21:38:49'),(816,394,'Taken the test',0,'ACTIVE','2025-06-14 21:38:49','2025-06-14 21:38:49'),(817,395,'Flight cancellation',0,'ACTIVE','2025-06-14 21:46:50','2025-06-14 21:46:50'),(818,395,'Baggage allowance',0,'ACTIVE','2025-06-14 21:46:50','2025-06-14 21:46:50'),(819,395,'Business class upgrade',1,'ACTIVE','2025-06-14 21:46:50','2025-06-14 21:46:50'),(820,395,'Seat selection',0,'ACTIVE','2025-06-14 21:46:50','2025-06-14 21:46:50'),(821,396,'Cash or credit card',0,'ACTIVE','2025-06-14 21:47:28','2025-06-14 21:47:28'),(822,396,'Bank transfer',0,'ACTIVE','2025-06-14 21:47:28','2025-06-14 21:47:28'),(823,396,'Dollars or miles',1,'ACTIVE','2025-06-14 21:47:28','2025-06-14 21:47:28'),(824,396,'Travel vouchers',0,'ACTIVE','2025-06-14 21:47:28','2025-06-14 21:47:28'),(825,397,'Lounge access',0,'ACTIVE','2025-06-14 21:48:13','2025-06-14 21:48:13'),(826,397,'Free hotel stay',1,'ACTIVE','2025-06-14 21:48:13','2025-06-14 21:48:13'),(827,397,'Priority boarding',0,'ACTIVE','2025-06-14 21:48:13','2025-06-14 21:48:13'),(828,397,'Extra baggage',0,'ACTIVE','2025-06-14 21:48:13','2025-06-14 21:48:13'),(829,398,'With cash',0,'ACTIVE','2025-06-14 21:48:57','2025-06-14 21:48:57'),(830,398,'With miles',1,'ACTIVE','2025-06-14 21:48:57','2025-06-14 21:48:57'),(831,398,'With a credit card',0,'ACTIVE','2025-06-14 21:48:57','2025-06-14 21:48:57'),(832,398,'With a voucher',0,'ACTIVE','2025-06-14 21:48:57','2025-06-14 21:48:57'),(833,399,'To request more payment',0,'ACTIVE','2025-06-14 21:54:23','2025-06-14 21:54:23'),(834,399,'To cancel the contract',0,'ACTIVE','2025-06-14 21:54:23','2025-06-14 21:54:23'),(835,399,'To report a project delay',1,'ACTIVE','2025-06-14 21:54:23','2025-06-14 21:54:23'),(836,399,'To schedule a meeting',0,'ACTIVE','2025-06-14 21:54:23','2025-06-14 21:54:23'),(837,400,'Staff shortage',0,'ACTIVE','2025-06-14 21:56:22','2025-06-14 21:56:22'),(838,400,'Integration issues',1,'ACTIVE','2025-06-14 21:56:22','2025-06-14 21:56:22'),(839,400,'Budget problems',0,'ACTIVE','2025-06-14 21:56:22','2025-06-14 21:56:22'),(840,400,'Client changes',0,'ACTIVE','2025-06-14 21:56:22','2025-06-14 21:56:22'),(841,401,'Free additional services',0,'ACTIVE','2025-06-14 21:57:10','2025-06-14 21:57:10'),(842,401,'Priority on next project',0,'ACTIVE','2025-06-14 21:57:10','2025-06-14 21:57:10'),(843,401,'15% fee reduction',1,'ACTIVE','2025-06-14 21:57:10','2025-06-14 21:57:10'),(844,401,'Extended warranty',0,'ACTIVE','2025-06-14 21:57:10','2025-06-14 21:57:10'),(845,402,'Revised timeline by email',1,'ACTIVE','2025-06-14 21:57:49','2025-06-14 21:57:49'),(846,402,'Meeting with developers',0,'ACTIVE','2025-06-14 21:57:49','2025-06-14 21:57:49'),(847,402,'A phone call tomorrow',0,'ACTIVE','2025-06-14 21:57:49','2025-06-14 21:57:49'),(848,402,'Partial refund now',0,'ACTIVE','2025-06-14 21:57:49','2025-06-14 21:57:49');
/*!40000 ALTER TABLE `answers` ENABLE KEYS */;
UNLOCK TABLES;

--
-- Table structure for table `api_usage_log`
--

DROP TABLE IF EXISTS `api_usage_log`;
/*!40101 SET @saved_cs_client     = @@character_set_client */;
/*!50503 SET character_set_client = utf8mb4 */;
CREATE TABLE `api_usage_log` (
  `pk_log` int NOT NULL AUTO_INCREMENT,
  `fk_user` int NOT NULL,
  `endpoint` varchar(50) COLLATE utf8mb4_general_ci NOT NULL,
  `request_date` date NOT NULL,
  `count` int NOT NULL DEFAULT '1',
  `last_request_at` datetime NOT NULL DEFAULT CURRENT_TIMESTAMP,
  PRIMARY KEY (`pk_log`),
  UNIQUE KEY `unique_user_endpoint_date` (`fk_user`,`endpoint`,`request_date`),
  CONSTRAINT `fk_user_log` FOREIGN KEY (`fk_user`) REFERENCES `users` (`pk_user`)
) ENGINE=InnoDB DEFAULT CHARSET=utf8mb4 COLLATE=utf8mb4_general_ci;
/*!40101 SET character_set_client = @saved_cs_client */;

--
-- Dumping data for table `api_usage_log`
--

LOCK TABLES `api_usage_log` WRITE;
/*!40000 ALTER TABLE `api_usage_log` DISABLE KEYS */;
/*!40000 ALTER TABLE `api_usage_log` ENABLE KEYS */;
UNLOCK TABLES;

--
-- Table structure for table `level_history`
--

DROP TABLE IF EXISTS `level_history`;
/*!40101 SET @saved_cs_client     = @@character_set_client */;
/*!50503 SET character_set_client = utf8mb4 */;
CREATE TABLE `level_history` (
  `pk_history` int NOT NULL AUTO_INCREMENT,
  `level_fk` int DEFAULT NULL,
  `user_fk` int DEFAULT NULL,
  `created_at` datetime DEFAULT CURRENT_TIMESTAMP,
  `updated_at` datetime DEFAULT CURRENT_TIMESTAMP ON UPDATE CURRENT_TIMESTAMP,
  PRIMARY KEY (`pk_history`),
  KEY `idx_level_fk` (`level_fk`),
  KEY `idx_user_fk` (`user_fk`),
  CONSTRAINT `level_history_ibfk_1` FOREIGN KEY (`level_fk`) REFERENCES `mcer_level` (`pk_level`),
  CONSTRAINT `level_history_ibfk_2` FOREIGN KEY (`user_fk`) REFERENCES `users` (`pk_user`)
) ENGINE=InnoDB AUTO_INCREMENT=11 DEFAULT CHARSET=utf8mb4 COLLATE=utf8mb4_general_ci;
/*!40101 SET character_set_client = @saved_cs_client */;

--
-- Dumping data for table `level_history`
--

LOCK TABLES `level_history` WRITE;
/*!40000 ALTER TABLE `level_history` DISABLE KEYS */;
INSERT INTO `level_history` VALUES (1,4,1,'2025-06-08 20:42:35','2025-06-08 20:42:35'),(2,2,1,'2025-06-08 21:22:27','2025-06-08 21:22:27'),(3,2,33,'2025-06-10 21:12:49','2025-06-10 21:12:49'),(4,4,38,'2025-06-12 14:43:27','2025-06-12 14:43:27'),(5,3,40,'2025-06-12 16:29:22','2025-06-12 16:29:22'),(6,4,31,'2025-06-14 22:36:46','2025-06-14 22:36:46'),(7,3,31,'2025-06-15 00:11:06','2025-06-15 00:11:06'),(8,1,31,'2025-06-15 00:18:55','2025-06-15 00:18:55'),(9,3,31,'2025-06-15 00:28:19','2025-06-15 00:28:19'),(10,4,31,'2025-06-15 00:35:45','2025-06-15 00:35:45');
/*!40000 ALTER TABLE `level_history` ENABLE KEYS */;
UNLOCK TABLES;

--
-- Table structure for table `login_attempts_ip`
--

DROP TABLE IF EXISTS `login_attempts_ip`;
/*!40101 SET @saved_cs_client     = @@character_set_client */;
/*!50503 SET character_set_client = utf8mb4 */;
CREATE TABLE `login_attempts_ip` (
  `id` int NOT NULL AUTO_INCREMENT,
  `ip_address` varchar(45) COLLATE utf8mb4_general_ci NOT NULL,
  `failed_count` int DEFAULT '0',
  `last_attempt` timestamp NOT NULL DEFAULT CURRENT_TIMESTAMP,
  `blocked_until` timestamp NULL DEFAULT NULL,
  PRIMARY KEY (`id`),
  UNIQUE KEY `ip_address` (`ip_address`)
) ENGINE=InnoDB AUTO_INCREMENT=18 DEFAULT CHARSET=utf8mb4 COLLATE=utf8mb4_general_ci;
/*!40101 SET character_set_client = @saved_cs_client */;

--
-- Dumping data for table `login_attempts_ip`
--

LOCK TABLES `login_attempts_ip` WRITE;
/*!40000 ALTER TABLE `login_attempts_ip` DISABLE KEYS */;
/*!40000 ALTER TABLE `login_attempts_ip` ENABLE KEYS */;
UNLOCK TABLES;

--
-- Table structure for table `mcer_level`
--

DROP TABLE IF EXISTS `mcer_level`;
/*!40101 SET @saved_cs_client     = @@character_set_client */;
/*!50503 SET character_set_client = utf8mb4 */;
CREATE TABLE `mcer_level` (
  `pk_level` int NOT NULL AUTO_INCREMENT,
  `level_name` varchar(10) COLLATE utf8mb4_general_ci DEFAULT NULL,
  `level_desc` varchar(250) COLLATE utf8mb4_general_ci DEFAULT NULL,
  `created_at` datetime DEFAULT CURRENT_TIMESTAMP,
  PRIMARY KEY (`pk_level`)
) ENGINE=InnoDB AUTO_INCREMENT=7 DEFAULT CHARSET=utf8mb4 COLLATE=utf8mb4_general_ci;
/*!40101 SET character_set_client = @saved_cs_client */;

--
-- Dumping data for table `mcer_level`
--

LOCK TABLES `mcer_level` WRITE;
/*!40000 ALTER TABLE `mcer_level` DISABLE KEYS */;
INSERT INTO `mcer_level` VALUES (1,'A1','Principiante','2025-04-19 15:12:14'),(2,'A2','Elemental','2025-04-19 15:12:14'),(3,'B1','Intermedio','2025-04-19 15:12:37'),(4,'B2','Intermedio-Avanzado','2025-04-19 15:12:37'),(5,'C1','Avanzado','2025-04-19 15:13:23'),(6,'C2','Experto','2025-04-19 15:13:23');
/*!40000 ALTER TABLE `mcer_level` ENABLE KEYS */;
UNLOCK TABLES;

--
-- Table structure for table `password_reset_tokens`
--

DROP TABLE IF EXISTS `password_reset_tokens`;
/*!40101 SET @saved_cs_client     = @@character_set_client */;
/*!50503 SET character_set_client = utf8mb4 */;
CREATE TABLE `password_reset_tokens` (
  `id` int NOT NULL AUTO_INCREMENT,
  `user_id` int NOT NULL,
  `token` varchar(255) COLLATE utf8mb4_general_ci NOT NULL,
  `expires_at` datetime NOT NULL,
  `created_at` datetime DEFAULT CURRENT_TIMESTAMP,
  PRIMARY KEY (`id`),
  KEY `user_id` (`user_id`),
  CONSTRAINT `password_reset_tokens_ibfk_1` FOREIGN KEY (`user_id`) REFERENCES `users` (`pk_user`)
) ENGINE=InnoDB AUTO_INCREMENT=8 DEFAULT CHARSET=utf8mb4 COLLATE=utf8mb4_general_ci;
/*!40101 SET character_set_client = @saved_cs_client */;

--
-- Dumping data for table `password_reset_tokens`
--

LOCK TABLES `password_reset_tokens` WRITE;
/*!40000 ALTER TABLE `password_reset_tokens` DISABLE KEYS */;
INSERT INTO `password_reset_tokens` VALUES (5,34,'0psCCu0m1KSgm515Zzvd2yt-DmYs2c0bz7nX2vvo7nwWKnlT9YmK-gFZc3MePe6ekUPXxQleUiLCPIMcGT8JMw','2025-06-14 03:12:53','2025-06-14 02:12:52');
/*!40000 ALTER TABLE `password_reset_tokens` ENABLE KEYS */;
UNLOCK TABLES;

--
-- Table structure for table `prompts`
--

DROP TABLE IF EXISTS `prompts`;
/*!40101 SET @saved_cs_client     = @@character_set_client */;
/*!50503 SET character_set_client = utf8mb4 */;
CREATE TABLE `prompts` (
  `pk_prompt` int NOT NULL AUTO_INCREMENT,
  `prompt_name` varchar(50) COLLATE utf8mb4_general_ci NOT NULL,
  `prompt_value` text COLLATE utf8mb4_general_ci NOT NULL,
  `status` varchar(10) COLLATE utf8mb4_general_ci NOT NULL DEFAULT 'ACTIVE',
  `created_at` datetime DEFAULT CURRENT_TIMESTAMP,
  `updated_at` datetime DEFAULT CURRENT_TIMESTAMP ON UPDATE CURRENT_TIMESTAMP,
  PRIMARY KEY (`pk_prompt`),
  KEY `idx_prompt_name` (`prompt_name`)
) ENGINE=InnoDB AUTO_INCREMENT=17 DEFAULT CHARSET=utf8mb4 COLLATE=utf8mb4_general_ci;
/*!40101 SET character_set_client = @saved_cs_client */;

--
-- Dumping data for table `prompts`
--

LOCK TABLES `prompts` WRITE;
/*!40000 ALTER TABLE `prompts` DISABLE KEYS */;
INSERT INTO `prompts` VALUES (1,'Prompt 1','Hola soy un prompt','INACTIVE','2025-04-20 14:47:45','2025-04-20 15:27:52'),(2,'Prompt 1','Hola soy un prompt 2','INACTIVE','2025-04-20 14:58:34','2025-05-03 18:22:42'),(3,'Prompt 1','Hola soy un prompt 3','INACTIVE','2025-04-20 14:58:58','2025-04-20 15:10:52'),(4,'traducción','-------test','INACTIVE','2025-04-20 15:10:52','2025-05-08 21:11:32'),(5,'Prompt Original','Asume el rol de un evaluador profesional de inglés especializado en el examen TOEIC. Tu tarea es analizar el desempeño de un estudiante en una prueba simulada de TOEIC, la cual contiene preguntas de las secciones READING y LISTENING. Debes realizar lo siguiente: 1. Evaluar el nivel general de inglés del estudiante según la escala MCER (A1, A2, B1, B2, C1, C2). 2. Calcular un puntaje estimado en el examen TOEIC (escala de 10 a 990 puntos). 3. Determinar si el estudiante ha aprobado la prueba considerando: - Universidades: entre 650 y 850 puntos. - Gobiernos: como en Japón, requieren un mínimo de 600 puntos. - Un puntaje menor a 600 debe considerarse como \'no aprobado\'. 4. Identificar fortalezas y debilidades basadas en las respuestas y nivel','INACTIVE','2025-05-03 18:22:42','2025-05-03 18:29:40'),(6,'Prompt Original','Asume el rol de un evaluador profesional de inglés especializado en el examen TOEIC. Tu tarea es analizar el desempeño de un estudiante en una prueba simulada de TOEIC, la cual contiene preguntas de las secciones READING y LISTENING. Debes realizar lo siguiente: 1. Evaluar el nivel general de inglés del estudiante según la escala MCER (A1, A2, B1, B2, C1, C2). 2. Calcular un puntaje estimado en el examen TOEIC (escala de 10 a 990 puntos). 3. Determinar si el estudiante ha aprobado la prueba considerando: - Universidades: entre 650 y 850 puntos. - Gobiernos: como en Japón, requieren un mínimo de 600 puntos. - Un puntaje menor a 600 debe considerarse como \'no aprobado\'. 4. Identificar fortalezas y debilidades basadas en las respuestas y niveles de dificultad. 5. Proporcionar recomendaciones claras para mejorar su rendimiento, enfocadas en TOEIC. 6. Basar el análisis en el número de respuestas correctas e incorrectas, así como el nivel MCER asignado a cada pregunta. FORMATO DE ENTRADA: El input SIEMPRE será un JSON con la clave \'exam_data\', que contiene una lista de bloques. Cada bloque representa un texto o audio con un conjunto de preguntas. Cada pregunta contiene: - question_text: el texto de la pregunta. - section: READING o LISTENING comprehension. - student_answer: la respuesta proporcionada por el estudiante. - is_correct: indica si fue respondida correctamente. - level: nivel MCER representado por la pregunta (ej. A2, B1). - title: el texto o contexto que se usó para las preguntas. - title_type: puede ser \'READING\' o \'LISTENING\'. - title_url: solo para LISTENING, puede ser null. Este es el formato fijo y no modificable del input: {\'exam_data\':[{\'questions\':[{\'is_correct\':false,\'level\':\'A2\',\'question_text\':\'When is the application deadline?\',\'section\':\'Reading comprehension\',\'student_answer\':\'June 15th\'},{\'is_correct\':true,\'level\':\'B1\',\'question_text\':\'What type of internships are being offered?\',\'section\':\'Reading comprehension\',\'student_answer\':\'Summer internships\'}],\'title\':\'We are offering summer internships for undergraduate students in the Marketing and IT departments. Apply before May 30th.\',\'title_type\':\'READING\',\'title_url\':null}]} Este es el formato fijo y no modificable del OUTPUT, en el caso de strengths, weaknesses y recommendations necesito que seas detallado: {\'mcer_level\':\'B1\',\'toeic_score\':720,\'passed\':true,\'strengths\':[\'Buena comprensión lectora en preguntas de nivel B1\',\'Respuestas correctas en temas de vocabulario profesional\'],\'weaknesses\':[\'Errores frecuentes en preguntas de nivel A2\',\'Confusión con fechas y detalles específicos\'],\'recommendations\':[\'Reforzar comprensión de detalles en textos breves\',\'Practicar ejercicios de listening enfocados en conversaciones cotidianas\',\'Ampliar vocabulario relacionado a contextos laborales\']}','INACTIVE','2025-05-03 18:29:40','2025-05-03 18:48:21'),(7,'Prompt Original','Asume el rol de un evaluador profesional de inglés especializado en el examen TOEIC. Tu tarea es analizar el desempeño de un estudiante en una prueba simulada de TOEIC, la cual contiene preguntas de las secciones READING y LISTENING. Debes realizar lo siguiente: 1. Evaluar el nivel general de inglés del estudiante según la escala MCER (A1, A2, B1, B2, C1, C2). 2. Calcular un puntaje estimado en el examen TOEIC (escala de 10 a 990 puntos). 3. Determinar si el estudiante ha aprobado la prueba considerando: - Universidades: entre 650 y 850 puntos. - Gobiernos: como en Japón, requieren un mínimo de 600 puntos. - Un puntaje menor a 600 debe considerarse como \'no aprobado\'. 4. Identificar fortalezas y debilidades basadas en las respuestas y niveles de dificultad. 5. Proporcionar recomendaciones claras para mejorar su rendimiento, enfocadas en TOEIC. 6. Basar el análisis en el número de respuestas correctas e incorrectas, así como el nivel MCER asignado a cada pregunta. FORMATO DE ENTRADA: El input SIEMPRE será un JSON con la clave \'exam_data\', que contiene una lista de bloques. Cada bloque representa un texto o audio con un conjunto de preguntas. Cada pregunta contiene: - question_text: el texto de la pregunta. - section: READING o LISTENING comprehension. - student_answer: la respuesta proporcionada por el estudiante. - is_correct: indica si fue respondida correctamente. - level: nivel MCER representado por la pregunta (ej. A2, B1). - title: el texto o contexto que se usó para las preguntas. - title_type: puede ser \'READING\' o \'LISTENING\'. - title_url: solo para LISTENING, puede ser null. Este es el formato fijo y no modificable del input: {\'exam_data\':[{\'questions\':[{\'is_correct\':false,\'level\':\'A2\',\'question_text\':\'When is the application deadline?\',\'section\':\'Reading comprehension\',\'student_answer\':\'June 15th\'},{\'is_correct\':true,\'level\':\'B1\',\'question_text\':\'What type of internships are being offered?\',\'section\':\'Reading comprehension\',\'student_answer\':\'Summer internships\'}],\'title\':\'We are offering summer internships for undergraduate students in the Marketing and IT departments. Apply before May 30th.\',\'title_type\':\'READING\',\'title_url\':null}]} Este es el formato fijo y no modificable del OUTPUT, en el caso de strengths, weaknesses y recommendations necesito que seas detallado enfocandote en casos especificos de las respuestas del estudiante: {\'mcer_level\':\'B1\',\'toeic_score\':720,\'passed\':true,\'strengths\':[\'Buena comprensión lectora en preguntas de nivel B1\',\'Respuestas correctas en temas de vocabulario profesional\'],\'weaknesses\':[\'Errores frecuentes en preguntas de nivel A2\',\'Confusión con fechas y detalles específicos\'],\'recommendations\':[\'Reforzar comprensión de detalles en textos breves\',\'Practicar ejercicios de listening enfocados en conversaciones cotidianas\',\'Ampliar vocabulario relacionado a contextos laborales\']}','INACTIVE','2025-05-03 18:48:21','2025-05-03 19:18:05'),(8,'Prompt Original','Asume el rol de un evaluador profesional de inglés especializado en el examen TOEIC. Tu tarea es analizar el desempeño de un estudiante en una prueba simulada de TOEIC, la cual contiene preguntas de las secciones READING y LISTENING. Debes realizar lo siguiente: 1. Evaluar el nivel general de inglés del estudiante según la escala MCER (A1, A2, B1, B2, C1, C2). 2. Calcular un puntaje estimado en el examen TOEIC (escala de 10 a 990 puntos). 3. Determinar si el estudiante ha aprobado la prueba considerando: entre 650 y 850 puntos. - Un puntaje menor a 650 debe considerarse como \'no aprobado\'. 4. Identificar fortalezas y debilidades bastante detalladas basadas en las respuestas y niveles de dificultad. 5. Proporcionar recomendaciones claras y extensas para mejorar su rendimiento, enfocadas en TOEIC. 6. Basar el análisis en el número de respuestas correctas e incorrectas, así como el nivel MCER asignado a cada pregunta. FORMATO DE ENTRADA: El input SIEMPRE será un JSON con la clave \'exam_data\', que contiene una lista de bloques. Cada bloque representa un texto o audio con un conjunto de preguntas. Cada pregunta contiene: - question_text: el texto de la pregunta. - section: READING o LISTENING comprehension. - student_answer: la respuesta proporcionada por el estudiante. - is_correct: indica si fue respondida correctamente. - level: nivel MCER representado por la pregunta (ej. A2, B1). - title: el texto o contexto que se usó para las preguntas. - title_type: puede ser \'READING\' o \'LISTENING\'. - title_url: solo para LISTENING, puede ser null. Este es el formato fijo y no modificable del input: {\'exam_data\':[{\'questions\':[{\'is_correct\':false,\'level\':\'A2\',\'question_text\':\'When is the application deadline?\',\'section\':\'Reading comprehension\',\'student_answer\':\'June 15th\'},{\'is_correct\':true,\'level\':\'B1\',\'question_text\':\'What type of internships are being offered?\',\'section\':\'Reading comprehension\',\'student_answer\':\'Summer internships\'}],\'title\':\'We are offering summer internships for undergraduate students in the Marketing and IT departments. Apply before May 30th.\',\'title_type\':\'READING\',\'title_url\':null}]} Este es el formato fijo y no modificable del OUTPUT, en el caso de strengths, weaknesses y recommendations necesito que seas detallado enfocandote en casos especificos de las respuestas del estudiante: {\'mcer_level\':\'B1\',\'toeic_score\':720,\'passed\':true,\'strengths\':[\'aqui ran las fortalezas del estudiante en un parrafo\'],\'weaknesses\':[\'aqui ran las debilidades del estudiante en un parrafo\'],\'recommendations\':[\'aqui ira las recomendaciones para el estudiante en un parrafo\']}','INACTIVE','2025-05-03 19:18:05','2025-06-14 23:12:59'),(9,'---- test 2','es un test','INACTIVE','2025-05-08 21:11:56','2025-05-08 21:12:03'),(10,'---- test 2','es un test mas ','INACTIVE','2025-05-08 21:12:10','2025-05-08 21:12:18'),(11,'Prompt Original','Asume el rol de un evaluador profesional de inglés con experiencia comprobada en el examen TOEIC. Tu objetivo es analizar el desempeño de un estudiante en una prueba simulada del TOEIC, compuesta por secciones de READING y LISTENING. Deberás realizar un análisis integral que incluya los siguientes aspectos:\nEvaluar el nivel general de inglés del estudiante de acuerdo con la escala MCER (A1, A2, B1, B2, C1, C2) analizando cada pregunta y sus respuestas a detalle.\nCalcular un puntaje estimado del examen TOEIC, con base en la cantidad de aciertos y el nivel de dificultad (MCER) de las preguntas. Utiliza la escala oficial de 10 a 990 puntos.\nDeterminar si el estudiante ha aprobado, usando este criterio: un puntaje estimado mayor a 450 puntos se considera aprobado; cualquier puntaje menor a 650 debe ser considerado no aprobado.\nIdentificar fortalezas del estudiante, explicando en qué tipos de preguntas, secciones (READING o LISTENING) y niveles (MCER) se desempeñó mejor, explicando el porque de cada fortaleza y como fue aplicada en el examen general, pregunta o respuesta.\nIdentificar debilidades del estudiante, detallando en qué tipos de preguntas, secciones y niveles MCER mostró dificultades o errores frecuentes, explicando el porque de cada debilidad y como fue aplicada en el examen general, pregunta o respuesta.\nProporcionar recomendaciones claras, personalizadas y detalladas sobre cómo mejorar el rendimiento, enfocándote en las áreas débiles detectadas. Las recomendaciones deben ser específicas para el TOEIC y prácticas, explicando el porque de cada recomendacion y como fue aplicada en el examen general, pregunta o respuesta.\nEl análisis debe estar basado exclusivamente en los datos proporcionados: número de respuestas correctas e incorrectas, sección (READING o LISTENING), texto de cada pregunta, contexto de la pregunta y coherencia con respuesta del estudiante y el nivel MCER asignado a cada una.','INACTIVE','2025-06-14 23:12:59','2025-06-14 23:15:19'),(12,'Prompt Original','Asume el rol de un evaluador profesional de inglés con experiencia comprobada en el examen TOEIC. Tu objetivo es analizar el desempeño de un estudiante en una prueba simulada del TOEIC, compuesta por secciones de READING y LISTENING. Deberás realizar un análisis integral que incluya los siguientes aspectos:\nEvaluar el nivel general de inglés del estudiante de acuerdo con la escala MCER (A1, A2, B1, B2, C1, C2) analizando cada pregunta y sus respuestas a detalle.\nCalcular un puntaje estimado del examen TOEIC, con base en la cantidad de aciertos y el nivel de dificultad (MCER) de las preguntas. Utiliza la escala oficial de 10 a 990 puntos.\nDeterminar si el estudiante ha aprobado, usando este criterio: un puntaje estimado mayor a 450 puntos se considera aprobado; cualquier puntaje menor a 650 debe ser considerado no aprobado.\nIdentificar fortalezas del estudiante, explicando en qué tipos de preguntas, secciones (READING o LISTENING) y niveles (MCER) se desempeñó mejor, explicando el porque de cada fortaleza y como fue aplicada en el examen general, pregunta o respuesta. Si en dado caso no se encontrase una fortaleza, colocar texto de \"Ninguna Fortaleza a destacar\"\nIdentificar debilidades del estudiante, detallando en qué tipos de preguntas, secciones y niveles MCER mostró dificultades o errores frecuentes, explicando el porque de cada debilidad y como fue aplicada en el examen general, pregunta o respuesta. Si en dado caso no se encontrase una debilidad, colocar texto de \"Ninguna Debilidad a destacar\"\nProporcionar recomendaciones claras, personalizadas y detalladas sobre cómo mejorar el rendimiento, enfocándote en las áreas débiles detectadas. Las recomendaciones deben ser específicas para el TOEIC y prácticas, explicando el porque de cada recomendacion y como fue aplicada en el examen general, pregunta o respuesta. Si en dado caso no se encontrase una recomendacion, colocar texto de \"Ninguna Recomendacion a destacar\"\nEl análisis debe estar basado exclusivamente en los datos proporcionados: número de respuestas correctas e incorrectas, sección (READING o LISTENING), texto de cada pregunta, contexto de la pregunta y coherencia con respuesta del estudiante y el nivel MCER asignado a cada una. ','INACTIVE','2025-06-14 23:15:19','2025-06-15 00:17:07'),(13,'Prompt Original','Asume el rol de un evaluador profesional de inglés con experiencia comprobada en el examen TOEIC. Tu objetivo es analizar el desempeño de un estudiante en una prueba simulada del TOEIC, compuesta por secciones de READING y LISTENING. Deberás realizar un análisis integral que incluya los siguientes aspectos:\nEvaluar el nivel general de inglés del estudiante de acuerdo con la escala MCER (A1, A2, B1, B2, C1, C2) analizando cada pregunta y sus respuestas a detalle.\nCalcular un puntaje estimado del examen TOEIC, con base en la cantidad de aciertos y el nivel de dificultad (MCER) de las preguntas. Utiliza la escala oficial de 10 a 990 puntos.\nDeterminar si el estudiante ha aprobado, usando este criterio: un puntaje estimado mayor a 450 puntos se considera aprobado; cualquier puntaje menor a 650 debe ser considerado no aprobado.\nIdentificar fortalezas del estudiante, explicando en qué tipos de preguntas, secciones (READING o LISTENING) y niveles (MCER) se desempeñó mejor, explicando el porque de cada fortaleza, no te quedes corto con la data, muestra tantas fortalezas identificadas como sea posible. Si en dado caso no se encontrase una fortaleza, colocar texto de \"Ninguna Fortaleza a destacar\"\nIdentificar debilidades del estudiante, detallando en qué tipos de preguntas, secciones y niveles MCER mostró dificultades o errores frecuentes, explicando el porque de cada debilidad, no te quedes corto con la data, muestra tantas debilidades identificadas como sea posible. Si en dado caso no se encontrase una debilidad, colocar texto de \"Ninguna Debilidad a destacar\"\nProporcionar recomendaciones claras, personalizadas y detalladas sobre cómo mejorar el rendimiento, enfocándote en las áreas débiles detectadas. Las recomendaciones deben ser específicas para el TOEIC y prácticas, explicando el porque de cada recomendacion, no te quedes corto con la data, muestra tantas recomendaciones identificadas como sea posible. Agrega siempre una recomendacion con algun link hacia un video o sitio web que le ayude al estudiante como material de refuerzo de acuerdo a las fortalezas y debilidades, acorde a las recomendaciones. Si en dado caso no se encontrase una recomendacion, colocar texto de \"Ninguna Recomendacion a destacar\"\nEl análisis debe estar basado exclusivamente en los datos proporcionados: número de respuestas correctas e incorrectas, sección (READING o LISTENING), texto de cada pregunta, contexto de la pregunta y coherencia con respuesta del estudiante y el nivel MCER asignado a cada una. ','INACTIVE','2025-06-15 00:17:07','2025-06-15 00:21:24'),(14,'Prompt Original','Asume el rol de un evaluador profesional de inglés con experiencia comprobada en el examen TOEIC. Tu objetivo es analizar el desempeño de un estudiante en una prueba simulada del TOEIC, compuesta por secciones de READING y LISTENING. Deberás realizar un análisis integral que incluya los siguientes aspectos:\nEvaluar el nivel general de inglés del estudiante de acuerdo con la escala MCER (A1, A2, B1, B2, C1, C2) analizando cada pregunta y sus respuestas a detalle.\nCalcular un puntaje estimado del examen TOEIC, con base en la cantidad de aciertos y el nivel de dificultad (MCER) de las preguntas. Utiliza la escala oficial de 10 a 990 puntos.\nDeterminar si el estudiante ha aprobado, usando este criterio: un puntaje estimado mayor a 450 puntos se considera aprobado; cualquier puntaje menor a 650 debe ser considerado no aprobado.\nIdentificar fortalezas del estudiante, explicando en qué tipos de preguntas, secciones (READING o LISTENING) y niveles (MCER) se desempeñó mejor, explicando el porque de cada fortaleza, no te quedes corto con la data, muestra tantas fortalezas identificadas como sea posible. Si en dado caso no se encontrase una fortaleza, colocar texto de \"Ninguna Fortaleza a destacar\"\nIdentificar debilidades del estudiante, detallando en qué tipos de preguntas, secciones y niveles MCER mostró dificultades o errores frecuentes, explicando el porque de cada debilidad, no te quedes corto con la data, muestra tantas debilidades identificadas como sea posible. Si en dado caso no se encontrase una debilidad, colocar texto de \"Ninguna Debilidad a destacar\"\nProporcionar recomendaciones claras, personalizadas y detalladas sobre cómo mejorar el rendimiento, enfocándote en las áreas débiles detectadas. Las recomendaciones deben ser específicas para el TOEIC y prácticas, explicando el porque de cada recomendacion, no te quedes corto con la data, muestra tantas recomendaciones identificadas como sea posible. Agrega siempre una recomendacion con algun link hacia un video en youtube o sitio web que le ayude al estudiante como material de refuerzo publico y gratuito de acuerdo a las fortalezas y debilidades, acorde a las recomendaciones. Si en dado caso no se encontrase una recomendacion, colocar texto de \"Ninguna Recomendacion a destacar\"\nEl análisis debe estar basado exclusivamente en los datos proporcionados: número de respuestas correctas e incorrectas, sección (READING o LISTENING), texto de cada pregunta, contexto de la pregunta y coherencia con respuesta del estudiante y el nivel MCER asignado a cada una. ','INACTIVE','2025-06-15 00:21:24','2025-06-15 00:23:05'),(15,'Prompt Original','Asume el rol de un evaluador profesional de inglés con experiencia comprobada en el examen TOEIC. Tu objetivo es analizar el desempeño de un estudiante en una prueba simulada del TOEIC, compuesta por secciones de READING y LISTENING. Deberás realizar un análisis integral que incluya los siguientes aspectos:\nEvaluar el nivel general de inglés del estudiante de acuerdo con la escala MCER (A1, A2, B1, B2, C1, C2) analizando cada pregunta y sus respuestas a detalle.\nCalcular un puntaje estimado del examen TOEIC, con base en la cantidad de aciertos y el nivel de dificultad (MCER) de las preguntas. Utiliza la escala oficial de 10 a 990 puntos.\nDeterminar si el estudiante ha aprobado, usando este criterio: un puntaje estimado mayor a 450 puntos se considera aprobado; cualquier puntaje menor a 650 debe ser considerado no aprobado.\nIdentificar fortalezas del estudiante, explicando en qué tipos de preguntas, secciones (READING o LISTENING) y niveles (MCER) se desempeñó mejor, explicando el porque de cada fortaleza y como fue aplicada en el examen general, pregunta o respuesta. No te quedes corto con la data, muestra tantas fortalezas identificadas como sea posible. Si en dado caso no se encontrase una fortaleza, colocar texto de \"Ninguna Fortaleza a destacar\"\nIdentificar debilidades del estudiante, detallando en qué tipos de preguntas, secciones y niveles MCER mostró dificultades o errores frecuentes, explicando el porque de cada debilidad, y como fue aplicada en el examen general, pregunta o respuesta. No te quedes corto con la data, muestra tantas debilidades identificadas como sea posible. Si en dado caso no se encontrase una debilidad, colocar texto de \"Ninguna Debilidad a destacar\"\nProporcionar recomendaciones claras, personalizadas y detalladas sobre cómo mejorar el rendimiento, enfocándote en las áreas débiles detectadas. Las recomendaciones deben ser específicas para el TOEIC y prácticas, explicando el porque de cada recomendacion, no te quedes corto con la data, muestra tantas recomendaciones identificadas como sea posible. Agrega siempre una recomendacion con algun link hacia un video en youtube o sitio web que le ayude al estudiante como material de refuerzo publico y gratuito de acuerdo a las fortalezas y debilidades, acorde a las recomendaciones. Si en dado caso no se encontrase una recomendacion, colocar texto de \"Ninguna Recomendacion a destacar\"\nEl análisis debe estar basado exclusivamente en los datos proporcionados: número de respuestas correctas e incorrectas, sección (READING o LISTENING), texto de cada pregunta, contexto de la pregunta y coherencia con respuesta del estudiante y el nivel MCER asignado a cada una. \nTodas las notas deben de estar en español','INACTIVE','2025-06-15 00:23:05','2025-06-15 00:31:34'),(16,'Prompt Original','Asume el rol de un evaluador profesional de inglés con experiencia comprobada en el examen TOEIC. Tu objetivo es analizar el desempeño de un estudiante en una prueba simulada del TOEIC, compuesta por secciones de READING y LISTENING. Deberás realizar un análisis integral que incluya los siguientes aspectos:\nEvaluar el nivel general de inglés del estudiante de acuerdo con la escala MCER (A1, A2, B1, B2, C1, C2) analizando cada pregunta y sus respuestas a detalle.\nCalcular un puntaje estimado del examen TOEIC, con base en la cantidad de aciertos y el nivel de dificultad (MCER) de las preguntas. Utiliza la escala oficial de 10 a 990 puntos.\nDeterminar si el estudiante ha aprobado, usando este criterio: un puntaje estimado mayor a 450 puntos se considera aprobado; cualquier puntaje menor a 650 debe ser considerado no aprobado.\nIdentificar fortalezas del estudiante, explicando en qué tipos de preguntas, secciones (READING o LISTENING) y niveles (MCER) se desempeñó mejor, explicando el porque de cada fortaleza y como fue aplicada en el examen general, pregunta o respuesta. No te quedes corto con la data, muestra tantas fortalezas identificadas como sea posible. Si en dado caso no se encontrase una fortaleza, colocar texto de \"Ninguna Fortaleza a destacar\"\nIdentificar debilidades del estudiante, detallando en qué tipos de preguntas, secciones y niveles MCER mostró dificultades o errores frecuentes, explicando el porque de cada debilidad, y como fue aplicada en el examen general, pregunta o respuesta. No te quedes corto con la data, muestra tantas debilidades identificadas como sea posible. Si en dado caso no se encontrase una debilidad, colocar texto de \"Ninguna Debilidad a destacar\"\nProporcionar recomendaciones claras, personalizadas y detalladas sobre cómo mejorar el rendimiento, enfocándote en las áreas débiles detectadas. Las recomendaciones deben ser específicas para el TOEIC y prácticas, explicando el porque de cada recomendacion, no te quedes corto con la data, muestra tantas recomendaciones identificadas como sea posible. Agrega siempre una recomendacion con algun link hacia un video en youtube o sitio web que le ayude al estudiante como material de refuerzo publico y gratuito de acuerdo a las fortalezas y debilidades, acorde a las recomendaciones. Si en dado caso no se encontrase una recomendacion, colocar texto de \"Ninguna Recomendacion a destacar\"\nPor cada debilidad, fortaleza y recomendacion, pon al final un ejemplo en donde fue identificado dicho detalle dentro del examen.\nEl análisis debe estar basado exclusivamente en los datos proporcionados: número de respuestas correctas e incorrectas, sección (READING o LISTENING), texto de cada pregunta, contexto de la pregunta y coherencia con respuesta del estudiante y el nivel MCER asignado a cada una. \nTodas las notas deben de estar en español','ACTIVE','2025-06-15 00:31:34','2025-06-15 00:31:34');
/*!40000 ALTER TABLE `prompts` ENABLE KEYS */;
UNLOCK TABLES;

--
-- Table structure for table `questions`
--

DROP TABLE IF EXISTS `questions`;
/*!40101 SET @saved_cs_client     = @@character_set_client */;
/*!50503 SET character_set_client = utf8mb4 */;
CREATE TABLE `questions` (
  `pk_question` int NOT NULL AUTO_INCREMENT,
  `toeic_section_fk` int NOT NULL,
  `question_text` text COLLATE utf8mb4_general_ci,
  `title_fk` int NOT NULL,
  `level_fk` int NOT NULL,
  `status` varchar(10) COLLATE utf8mb4_general_ci NOT NULL DEFAULT 'ACTIVE',
  `created_at` datetime DEFAULT CURRENT_TIMESTAMP,
  `updated_at` datetime DEFAULT CURRENT_TIMESTAMP ON UPDATE CURRENT_TIMESTAMP,
  PRIMARY KEY (`pk_question`),
  KEY `idx_level_fk` (`level_fk`),
  KEY `idx_title_fk` (`title_fk`),
  KEY `toeic_section_fk` (`toeic_section_fk`),
  CONSTRAINT `questions_ibfk_1` FOREIGN KEY (`level_fk`) REFERENCES `mcer_level` (`pk_level`),
  CONSTRAINT `questions_ibfk_2` FOREIGN KEY (`title_fk`) REFERENCES `questions_titles` (`pk_title`),
  CONSTRAINT `toeic_section_fk` FOREIGN KEY (`toeic_section_fk`) REFERENCES `toeic_sections` (`section_pk`)
) ENGINE=InnoDB AUTO_INCREMENT=403 DEFAULT CHARSET=utf8mb4 COLLATE=utf8mb4_general_ci;
/*!40101 SET character_set_client = @saved_cs_client */;

--
-- Dumping data for table `questions`
--

LOCK TABLES `questions` WRITE;
/*!40000 ALTER TABLE `questions` DISABLE KEYS */;
INSERT INTO `questions` VALUES (198,1,'She ____ to school every day.',1,1,'ACTIVE','2025-06-08 18:57:01','2025-06-08 18:57:01'),(199,1,'I ____ a new car last week.',1,2,'ACTIVE','2025-06-08 18:57:01','2025-06-08 18:57:01'),(200,1,'If I ____ more time, I would travel more.',1,3,'ACTIVE','2025-06-08 18:57:01','2025-06-08 18:57:01'),(201,1,'He is responsible ____ organizing the event.',1,4,'ACTIVE','2025-06-08 18:57:01','2025-06-08 18:57:01'),(202,1,'Rarely ____ such an amazing performance.',1,5,'ACTIVE','2025-06-08 18:57:02','2025-06-08 18:57:02'),(203,1,'No sooner ____ the meeting start than the phone rang.',1,6,'ACTIVE','2025-06-08 18:57:02','2025-06-08 18:57:02'),(204,1,'They ____ at the cinema when I called.',1,2,'ACTIVE','2025-06-08 18:57:02','2025-06-08 18:57:02'),(205,1,'We ____ dinner when the guests arrived.',1,3,'ACTIVE','2025-06-08 18:57:02','2025-06-08 18:57:02'),(206,1,'It is essential that every employee ____ the safety regulations.',1,4,'ACTIVE','2025-06-08 18:57:03','2025-06-08 18:57:03'),(207,1,'Not only ____ talented, but also very humble.',1,5,'ACTIVE','2025-06-08 18:57:03','2025-06-08 18:57:03'),(208,1,'He ____ very happy today.',2,1,'ACTIVE','2025-06-08 18:59:09','2025-06-08 18:59:09'),(209,1,'She ____ her homework already.',2,2,'ACTIVE','2025-06-08 18:59:09','2025-06-08 18:59:09'),(210,1,'I ____ to the cinema twice this month.',2,3,'ACTIVE','2025-06-08 18:59:09','2025-06-08 18:59:09'),(211,1,'They insisted that he ____ present at the meeting.',2,4,'ACTIVE','2025-06-08 18:59:10','2025-06-08 18:59:10'),(212,1,'Had I known about the traffic, I ____ left earlier.',2,5,'ACTIVE','2025-06-08 18:59:10','2025-06-08 18:59:10'),(213,1,'Seldom ____ such a breathtaking view.',2,6,'ACTIVE','2025-06-08 18:59:10','2025-06-08 18:59:10'),(214,1,'We ____ in this city since 2015.',2,2,'ACTIVE','2025-06-08 18:59:10','2025-06-08 18:59:10'),(215,1,'She ____ to be a very good teacher.',2,3,'ACTIVE','2025-06-08 18:59:11','2025-06-08 18:59:11'),(216,1,'It was crucial that he ____ on time.',2,4,'ACTIVE','2025-06-08 18:59:11','2025-06-08 18:59:11'),(217,1,'Only after finishing his degree ____ a job.',2,5,'ACTIVE','2025-06-08 18:59:11','2025-06-08 18:59:11'),(218,2,'She usually go to the gym every morning.',3,1,'ACTIVE','2025-06-08 19:05:18','2025-06-08 19:05:18'),(219,2,'He can sings very well.',3,2,'ACTIVE','2025-06-08 19:05:18','2025-06-08 19:05:18'),(220,2,'They enjoys playing football on weekends.',3,3,'ACTIVE','2025-06-08 19:05:19','2025-06-08 19:05:19'),(221,2,'Neither of the answers are correct.',3,4,'ACTIVE','2025-06-08 19:05:19','2025-06-08 19:05:19'),(222,2,'Despite of the rain, the match continued.',3,5,'ACTIVE','2025-06-08 19:05:19','2025-06-08 19:05:19'),(223,2,'There is many books on the table.',4,1,'ACTIVE','2025-06-08 19:05:28','2025-06-08 19:05:28'),(224,2,'We didn’t went to the concert yesterday.',4,2,'ACTIVE','2025-06-08 19:05:28','2025-06-08 19:05:28'),(225,2,'He suggested me to take the train.',4,3,'ACTIVE','2025-06-08 19:05:28','2025-06-08 19:05:28'),(226,2,'She is married with a famous actor.',4,4,'ACTIVE','2025-06-08 19:05:28','2025-06-08 19:05:28'),(227,2,'Hardly never do they arrive on time.',4,5,'ACTIVE','2025-06-08 19:05:29','2025-06-08 19:05:29'),(228,3,'What is the main purpose of the meeting?',5,3,'ACTIVE','2025-06-08 19:14:24','2025-06-08 19:14:24'),(229,3,'When will the meeting take place?',5,3,'ACTIVE','2025-06-08 19:14:24','2025-06-08 19:14:24'),(230,3,'Who should be contacted if an employee cannot attend?',5,3,'ACTIVE','2025-06-08 19:14:24','2025-06-08 19:14:24'),(231,3,'What is expected from employees during the meeting?',5,3,'ACTIVE','2025-06-08 19:14:24','2025-06-08 19:14:24'),(232,3,'What is the total budget for the library expansion?',6,4,'ACTIVE','2025-06-08 19:14:25','2025-06-08 19:14:25'),(233,3,'Which new program will the library offer?',6,4,'ACTIVE','2025-06-08 19:14:25','2025-06-08 19:14:25'),(234,3,'When will construction start?',6,4,'ACTIVE','2025-06-08 19:14:25','2025-06-08 19:14:25'),(235,3,'What is one goal of the project?',6,4,'ACTIVE','2025-06-08 19:14:26','2025-06-08 19:14:26'),(236,3,'Where did Anna find the wallet?',7,3,'ACTIVE','2025-06-08 19:14:26','2025-06-08 19:14:26'),(237,3,'What did Anna do after finding the wallet?',7,3,'ACTIVE','2025-06-08 19:14:26','2025-06-08 19:14:26'),(238,3,'How did Peter contact Anna?',7,3,'ACTIVE','2025-06-08 19:14:26','2025-06-08 19:14:26'),(239,3,'Where did Anna and Peter meet?',7,3,'ACTIVE','2025-06-08 19:14:27','2025-06-08 19:14:27'),(240,3,'What is the main benefit of the new battery?',8,5,'ACTIVE','2025-06-08 19:15:59','2025-06-08 19:15:59'),(241,3,'What problem does the battery help solve?',8,5,'ACTIVE','2025-06-08 19:15:59','2025-06-08 19:15:59'),(242,3,'Who will begin large-scale production of the battery?',8,5,'ACTIVE','2025-06-08 19:15:59','2025-06-08 19:15:59'),(243,3,'Where will the public demonstrations take place?',8,5,'ACTIVE','2025-06-08 19:16:00','2025-06-08 19:16:00'),(244,3,'Where is Sophie going on Saturday morning?',9,2,'ACTIVE','2025-06-08 19:16:00','2025-06-08 19:16:00'),(245,3,'Who is Sophie meeting for lunch?',9,2,'ACTIVE','2025-06-08 19:16:00','2025-06-08 19:16:00'),(246,3,'What is the weather forecast for Sunday?',9,2,'ACTIVE','2025-06-08 19:16:00','2025-06-08 19:16:00'),(247,3,'What activity is planned for Sunday?',9,2,'ACTIVE','2025-06-08 19:16:01','2025-06-08 19:16:01'),(248,3,'When will the library open on Saturdays?',10,3,'ACTIVE','2025-06-08 19:17:38','2025-06-08 19:17:38'),(249,3,'What new service will the library offer?',10,3,'ACTIVE','2025-06-08 19:17:38','2025-06-08 19:17:38'),(250,3,'How can members register for the workshops?',10,3,'ACTIVE','2025-06-08 19:17:38','2025-06-08 19:17:38'),(251,3,'On which day is the library closed?',10,3,'ACTIVE','2025-06-08 19:17:38','2025-06-08 19:17:38'),(252,3,'How many days per week can employees work remotely?',11,4,'ACTIVE','2025-06-08 19:23:41','2025-06-08 19:23:41'),(253,3,'What equipment must be used when working remotely?',11,4,'ACTIVE','2025-06-08 19:23:41','2025-06-08 19:23:41'),(254,3,'By when must employees submit their preferred remote work days?',11,4,'ACTIVE','2025-06-08 19:23:41','2025-06-08 19:23:41'),(255,3,'Who should employees contact for questions?',11,4,'ACTIVE','2025-06-08 19:23:41','2025-06-08 19:23:41'),(256,3,'What does the reviewer like about the earbuds?',12,3,'ACTIVE','2025-06-08 19:23:42','2025-06-08 19:23:42'),(257,3,'How long can the earbuds be used on a single charge?',12,3,'ACTIVE','2025-06-08 19:23:42','2025-06-08 19:23:42'),(258,3,'What is a disadvantage of the product?',12,3,'ACTIVE','2025-06-08 19:23:42','2025-06-08 19:23:42'),(259,3,'What does the reviewer recommend?',12,3,'ACTIVE','2025-06-08 19:23:42','2025-06-08 19:23:42'),(260,3,'When is breakfast served?',13,2,'ACTIVE','2025-06-08 19:23:43','2025-06-08 19:23:43'),(261,3,'How can guests contact the front desk?',13,2,'ACTIVE','2025-06-08 19:23:43','2025-06-08 19:23:43'),(262,3,'Where is free Wi-Fi available?',13,2,'ACTIVE','2025-06-08 19:23:43','2025-06-08 19:23:43'),(263,3,'What does the letter wish for the guest?',13,2,'ACTIVE','2025-06-08 19:23:44','2025-06-08 19:23:44'),(264,3,'What percentage of global energy production came from renewables last year?',14,5,'ACTIVE','2025-06-08 19:23:44','2025-06-08 19:23:44'),(265,3,'Which sector is growing the fastest?',14,5,'ACTIVE','2025-06-08 19:23:44','2025-06-08 19:23:44'),(266,3,'What remains a challenge for renewable energy?',14,5,'ACTIVE','2025-06-08 19:23:45','2025-06-08 19:23:45'),(267,3,'What is the prediction for renewables in the next decade?',14,5,'ACTIVE','2025-06-08 19:23:45','2025-06-08 19:23:45'),(268,3,'How many additional PTO days will employees receive?',15,3,'ACTIVE','2025-06-08 19:25:51','2025-06-08 19:25:51'),(269,3,'How far in advance should PTO be requested?',15,3,'ACTIVE','2025-06-08 19:25:52','2025-06-08 19:25:52'),(270,3,'How many PTO days can be carried over?',15,3,'ACTIVE','2025-06-08 19:25:52','2025-06-08 19:25:52'),(271,3,'Where should PTO requests be submitted?',15,3,'ACTIVE','2025-06-08 19:25:52','2025-06-08 19:25:52'),(272,3,'Where is Ms. Lee traveling to?',16,2,'ACTIVE','2025-06-08 19:25:53','2025-06-08 19:25:53'),(273,3,'What time does the flight depart on June 15?',16,2,'ACTIVE','2025-06-08 19:25:53','2025-06-08 19:25:53'),(274,3,'Where will Ms. Lee have lunch on June 16?',16,2,'ACTIVE','2025-06-08 19:25:53','2025-06-08 19:25:53'),(275,3,'What is planned for the morning of June 17?',16,2,'ACTIVE','2025-06-08 19:25:53','2025-06-08 19:25:53'),(276,3,'What position is being advertised?',17,4,'ACTIVE','2025-06-08 19:25:54','2025-06-08 19:25:54'),(277,3,'How much experience is required?',17,4,'ACTIVE','2025-06-08 19:25:54','2025-06-08 19:25:54'),(278,3,'Which skill is mentioned as important?',17,4,'ACTIVE','2025-06-08 19:25:54','2025-06-08 19:25:54'),(279,3,'What is one of the benefits offered?',17,4,'ACTIVE','2025-06-08 19:25:54','2025-06-08 19:25:54'),(280,3,'What is the main goal of the rail project?',18,5,'ACTIVE','2025-06-08 19:25:55','2025-06-08 19:25:55'),(281,3,'When will construction start?',18,5,'ACTIVE','2025-06-08 19:25:55','2025-06-08 19:25:55'),(282,3,'What benefit does the rail offer?',18,5,'ACTIVE','2025-06-08 19:25:55','2025-06-08 19:25:55'),(283,3,'How many permanent jobs will be created?',18,5,'ACTIVE','2025-06-08 19:25:56','2025-06-08 19:25:56'),(285,4,'Which method is NOT mentioned as a way of workplace communication?',19,2,'ACTIVE','2025-06-08 19:38:41','2025-06-08 19:38:41'),(286,4,'What is a consequence of poor communication in companies?',19,3,'ACTIVE','2025-06-08 19:38:42','2025-06-08 19:38:42'),(287,4,'Companies invest in training programs to improve what?',19,4,'ACTIVE','2025-06-08 19:38:42','2025-06-08 19:38:42'),(288,4,'Effective workplace communication includes which of the following?',19,2,'ACTIVE','2025-06-08 19:38:42','2025-06-08 19:38:42'),(289,4,'What human activity is linked to rising global temperatures?',20,3,'ACTIVE','2025-06-08 19:38:42','2025-06-08 19:38:42'),(290,4,'What is NOT a consequence of rising temperatures?',20,4,'ACTIVE','2025-06-08 19:38:43','2025-06-08 19:38:43'),(291,4,'Which passage talks about the causes of climate change?',20,2,'ACTIVE','2025-06-08 19:38:43','2025-06-08 19:38:43'),(292,4,'What are threatened by climate change?',20,3,'ACTIVE','2025-06-08 19:38:43','2025-06-08 19:38:43'),(293,4,'Which invention made books more accessible?',21,2,'ACTIVE','2025-06-08 19:38:43','2025-06-08 19:38:43'),(294,4,'What did the telegraph improve?',21,3,'ACTIVE','2025-06-08 19:38:44','2025-06-08 19:38:44'),(295,4,'Which century saw the invention of the printing press?',21,4,'ACTIVE','2025-06-08 19:38:44','2025-06-08 19:38:44'),(296,4,'What does regular exercise reduce the risk of?',22,2,'ACTIVE','2025-06-08 19:38:44','2025-06-08 19:38:44'),(297,4,'A balanced diet is rich in all of the following EXCEPT:',22,3,'ACTIVE','2025-06-08 19:38:44','2025-06-08 19:38:44'),(298,4,'What do healthy habits support?',22,2,'ACTIVE','2025-06-08 19:38:45','2025-06-08 19:38:45'),(299,4,'Which passage mentions diet?',22,2,'ACTIVE','2025-06-08 19:38:45','2025-06-08 19:38:45'),(300,4,'What is one key advantage of online learning?',23,2,'ACTIVE','2025-06-08 19:43:18','2025-06-08 19:43:18'),(301,4,'Which skill is important for success in online learning?',23,3,'ACTIVE','2025-06-08 19:43:18','2025-06-08 19:43:18'),(302,4,'What type of courses do online platforms offer?',23,3,'ACTIVE','2025-06-08 19:43:18','2025-06-08 19:43:18'),(303,4,'What is a disadvantage of urban living?',24,2,'ACTIVE','2025-06-08 19:43:19','2025-06-08 19:43:19'),(304,4,'What does rural living offer?',24,3,'ACTIVE','2025-06-08 19:43:19','2025-06-08 19:43:19'),(305,4,'What is a disadvantage of rural living?',24,4,'ACTIVE','2025-06-08 19:43:19','2025-06-08 19:43:19'),(306,4,'Which planets are mentioned in Passage 1?',25,3,'ACTIVE','2025-06-08 19:43:19','2025-06-08 19:43:19'),(307,4,'What kind of innovations has space exploration produced?',25,4,'ACTIVE','2025-06-08 19:43:20','2025-06-08 19:43:20'),(308,4,'Who has recently entered the space industry?',25,3,'ACTIVE','2025-06-08 19:43:20','2025-06-08 19:43:20'),(309,4,'What is one purpose of business travel?',26,2,'ACTIVE','2025-06-08 19:43:20','2025-06-08 19:43:20'),(310,4,'What is one disadvantage of frequent business travel?',26,3,'ACTIVE','2025-06-08 19:43:21','2025-06-08 19:43:21'),(311,4,'Why do companies promote virtual meetings?',26,4,'ACTIVE','2025-06-08 19:43:21','2025-06-08 19:43:21'),(312,7,'Where is this conversation likely taking place?',27,1,'ACTIVE','2025-06-10 04:21:30','2025-06-10 04:21:30'),(313,7,'What does the woman order?',27,1,'ACTIVE','2025-06-10 06:20:46','2025-06-10 06:20:46'),(314,7,'Where will she eat her food?',27,2,'ACTIVE','2025-06-10 06:21:46','2025-06-10 06:21:46'),(315,7,'Who will bring the food?',27,2,'ACTIVE','2025-06-10 06:22:35','2025-06-10 06:22:35'),(316,7,'Who is calling?',28,3,'ACTIVE','2025-06-10 06:35:24','2025-06-10 06:35:24'),(317,7,'What is the purpose of the call?',28,3,'ACTIVE','2025-06-10 06:38:24','2025-06-10 06:38:24'),(318,7,'When will the meeting take place?',28,4,'ACTIVE','2025-06-10 06:39:24','2025-06-10 06:39:24'),(319,7,'What will Mark bring to the meeting?',28,3,'ACTIVE','2025-06-10 06:40:16','2025-06-10 06:40:16'),(320,7,'What is the destination of the flight?',29,4,'ACTIVE','2025-06-10 06:43:54','2025-06-10 06:43:54'),(321,7,'Which rows are invited to board first?',29,4,'ACTIVE','2025-06-10 06:44:38','2025-06-10 06:44:38'),(322,7,'What documents should passengers have ready?',29,4,'ACTIVE','2025-06-10 06:45:32','2025-06-10 06:45:32'),(323,7,'How much time is left before the gate closes?',29,5,'ACTIVE','2025-06-10 06:46:21','2025-06-10 06:46:21'),(324,7,'What is the purpose of the announcement?',30,2,'ACTIVE','2025-06-14 00:12:05','2025-06-14 00:12:05'),(325,7,'Where should employees go during the drill? ',30,2,'ACTIVE','2025-06-14 00:12:49','2025-06-14 00:12:49'),(326,7,'What are managers asked to do?',30,3,'ACTIVE','2025-06-14 00:13:36','2025-06-14 00:13:36'),(327,7,'How long will the drill last?',30,2,'ACTIVE','2025-06-14 00:14:24','2025-06-14 00:14:24'),(328,7,'What issue is discussed?',31,3,'ACTIVE','2025-06-14 00:22:25','2025-06-14 00:22:25'),(329,7,'What solution does Sarah propose?',31,4,'ACTIVE','2025-06-14 00:23:07','2025-06-14 00:23:07'),(330,7,'What does Mark request from Sarah? ',31,4,'ACTIVE','2025-06-14 00:23:51','2025-06-14 00:23:51'),(331,7,'When will the analysis be ready?',31,2,'ACTIVE','2025-06-14 00:24:42','2025-06-14 00:24:42'),(332,8,'Why is the flight delayed?',32,4,'ACTIVE','2025-06-14 00:33:22','2025-06-14 00:39:56'),(333,8,'What are passengers offered?',32,3,'ACTIVE','2025-06-14 00:34:11','2025-06-14 00:39:50'),(334,8,'Where can passengers discuss rebooking?',32,2,'ACTIVE','2025-06-14 00:35:23','2025-06-14 00:39:44'),(335,8,'What tone does the speaker use?',32,5,'ACTIVE','2025-06-14 00:36:13','2025-06-14 00:39:38'),(336,7,'Why is the flight delayed?',33,3,'ACTIVE','2025-06-14 00:50:25','2025-06-14 00:50:25'),(337,7,'Where should the passenger check for updates?',33,2,'ACTIVE','2025-06-14 00:51:50','2025-06-14 00:51:50'),(338,7,'What compensation is mentioned?',33,4,'ACTIVE','2025-06-14 00:53:01','2025-06-14 00:53:01'),(339,7,'When can the vouchers be collected?',33,3,'ACTIVE','2025-06-14 00:53:51','2025-06-14 00:53:51'),(340,8,'What is the purpose of the call?',34,4,'ACTIVE','2025-06-14 01:03:05','2025-06-14 01:03:05'),(341,8,'What was added to the proposal?',34,5,'ACTIVE','2025-06-14 01:03:57','2025-06-14 01:03:57'),(342,8,'How can Ms. Rivera respond?',34,3,'ACTIVE','2025-06-14 01:04:39','2025-06-14 01:04:39'),(343,8,'What time is the proposed call?',34,2,'ACTIVE','2025-06-14 01:05:30','2025-06-14 01:05:30'),(344,6,'Choose the best response',35,2,'ACTIVE','2025-06-14 19:12:05','2025-06-14 19:12:05'),(345,6,'Choose the best response.',36,3,'ACTIVE','2025-06-14 19:14:25','2025-06-14 19:14:25'),(346,6,'Choose the best response.',37,4,'ACTIVE','2025-06-14 19:36:09','2025-06-14 19:36:09'),(347,7,'Why is Sarah canceling the meeting?',38,2,'ACTIVE','2025-06-14 19:49:14','2025-06-14 19:49:14'),(348,7,'What time is the new meeting?',38,1,'ACTIVE','2025-06-14 19:49:54','2025-06-14 19:49:54'),(349,7,'Where will the meeting take place?',38,2,'ACTIVE','2025-06-14 19:50:34','2025-06-14 19:50:34'),(350,7,'What will Tom do next? ',38,3,'ACTIVE','2025-06-14 19:51:12','2025-06-14 19:51:12'),(351,7,'What is the man ordering?',39,2,'ACTIVE','2025-06-14 20:01:36','2025-06-14 20:01:36'),(352,7,'What color cartridges does he want? ',39,2,'ACTIVE','2025-06-14 20:03:13','2025-06-14 20:03:13'),(353,7,'When does he need the delivery?',39,2,'ACTIVE','2025-06-14 20:04:08','2025-06-14 20:04:08'),(354,7,'When will the items arrive?',39,3,'ACTIVE','2025-06-14 20:04:50','2025-06-14 20:04:50'),(355,7,'What was the problem with the reservation?',40,3,'ACTIVE','2025-06-14 20:09:35','2025-06-14 20:09:35'),(356,7,'What type of room is still available? ',40,2,'ACTIVE','2025-06-14 20:10:20','2025-06-14 20:10:20'),(357,7,'What does the receptionist offer?',40,4,'ACTIVE','2025-06-14 20:10:57','2025-06-14 20:10:57'),(358,7,'How much more expensive is the available room',40,3,'ACTIVE','2025-06-14 20:11:42','2025-06-14 20:11:42'),(359,7,'What is the man’s problem? ',41,3,'ACTIVE','2025-06-14 20:18:16','2025-06-14 20:18:16'),(360,7,'What did Priya suggest first?',41,4,'ACTIVE','2025-06-14 20:18:52','2025-06-14 20:18:52'),(361,7,'What will Priya do next?',41,5,'ACTIVE','2025-06-14 20:19:31','2025-06-14 20:19:31'),(362,7,'Why might the system have changed?',41,4,'ACTIVE','2025-06-14 20:20:04','2025-06-14 20:20:04'),(363,7,'What is the man inviting Anna to do?',42,2,'ACTIVE','2025-06-14 20:28:42','2025-06-14 20:28:42'),(364,7,'Where do they decide to eat?',42,2,'ACTIVE','2025-06-14 20:29:16','2025-06-14 20:29:16'),(365,7,'When will they meet?',42,1,'ACTIVE','2025-06-14 20:29:57','2025-06-14 20:29:57'),(366,7,'Where will they meet before leaving?',42,2,'ACTIVE','2025-06-14 20:30:34','2025-06-14 20:30:34'),(367,7,'What was the problem with the customer’s order?',43,2,'ACTIVE','2025-06-14 20:55:57','2025-06-14 20:55:57'),(368,7,'What did the manager offer to do?',43,3,'ACTIVE','2025-06-14 20:56:34','2025-06-14 20:56:34'),(369,7,'What else did the customer complain about?',43,2,'ACTIVE','2025-06-14 20:57:25','2025-06-14 20:57:25'),(370,7,'What does \"on the house\" mean?',43,3,'ACTIVE','2025-06-14 20:58:10','2025-06-14 20:58:10'),(371,7,'What is Ms. Lopez’s field of expertise?',44,4,'ACTIVE','2025-06-14 21:01:16','2025-06-14 21:01:16'),(372,7,'Why does she want the job?',44,4,'ACTIVE','2025-06-14 21:01:58','2025-06-14 21:01:58'),(373,7,'How does she handle deadlines?',44,5,'ACTIVE','2025-06-14 21:02:46','2025-06-14 21:02:46'),(374,7,'What tone does the interviewer use? ',44,4,'ACTIVE','2025-06-14 21:03:17','2025-06-14 21:03:17'),(375,7,'What is the woman interested in?',45,2,'ACTIVE','2025-06-14 21:06:44','2025-06-14 21:06:44'),(376,7,'How much is the monthly plan?',45,1,'ACTIVE','2025-06-14 21:07:36','2025-06-14 21:07:36'),(377,7,'What does the yearly plan include?',45,2,'ACTIVE','2025-06-14 21:08:24','2025-06-14 21:08:24'),(378,7,'Where is this conversation taking place?',45,1,'ACTIVE','2025-06-14 21:08:59','2025-06-14 21:08:59'),(379,7,'What is the problem in the office? ',46,2,'ACTIVE','2025-06-14 21:15:09','2025-06-14 21:15:09'),(380,7,'What did the woman try to do?',46,3,'ACTIVE','2025-06-14 21:15:57','2025-06-14 21:15:57'),(381,7,'What will Mark do next?',46,3,'ACTIVE','2025-06-14 21:16:41','2025-06-14 21:16:41'),(382,7,'When can they expect help?',46,2,'ACTIVE','2025-06-14 21:17:16','2025-06-14 21:17:16'),(383,7,'Why is the man calling?',47,3,'ACTIVE','2025-06-14 21:21:17','2025-06-14 21:21:17'),(384,7,'Where was his confirmation email?',47,3,'ACTIVE','2025-06-14 21:21:56','2025-06-14 21:21:56'),(385,7,'What special request does he make?',47,2,'ACTIVE','2025-06-14 21:22:43','2025-06-14 21:22:43'),(386,7,'What will the woman do immediately?',47,3,'ACTIVE','2025-06-14 21:23:20','2025-06-14 21:23:20'),(387,7,'What will the customer receive during the investigation?',48,4,'ACTIVE','2025-06-14 21:28:29','2025-06-14 21:31:53'),(388,7,'What action will the bank take?',48,5,'ACTIVE','2025-06-14 21:29:13','2025-06-14 21:32:36'),(389,7,'What does the representative suggest first? ',48,4,'ACTIVE','2025-06-14 21:30:02','2025-06-14 21:33:12'),(390,7,'What is the customer reporting?',48,4,'ACTIVE','2025-06-14 21:30:40','2025-06-14 21:33:50'),(391,7,'What training is being discussed?',49,3,'ACTIVE','2025-06-14 21:36:58','2025-06-14 21:36:58'),(392,7,'When is the man available?',49,2,'ACTIVE','2025-06-14 21:37:34','2025-06-14 21:37:34'),(393,7,'What is required for all users?',49,3,'ACTIVE','2025-06-14 21:38:10','2025-06-14 21:38:10'),(394,7,'What has the man already done?',49,3,'ACTIVE','2025-06-14 21:38:49','2025-06-14 21:38:49'),(395,7,'What is the passenger inquiring about?',50,2,'ACTIVE','2025-06-14 21:46:50','2025-06-14 21:46:50'),(396,7,'What are the payment options for the upgrade?',50,3,'ACTIVE','2025-06-14 21:47:28','2025-06-14 21:47:28'),(397,7,'Which benefit is not mentioned with the upgrade?',50,3,'ACTIVE','2025-06-14 21:48:13','2025-06-14 21:48:13'),(398,7,'How does the passenger finally pay?',50,2,'ACTIVE','2025-06-14 21:48:57','2025-06-14 21:48:57'),(399,7,'What is the main purpose of the call?',51,3,'ACTIVE','2025-06-14 21:54:23','2025-06-14 21:54:23'),(400,7,'What caused the delay?',51,4,'ACTIVE','2025-06-14 21:56:22','2025-06-14 21:56:22'),(401,7,'What compensation is offered? ',51,4,'ACTIVE','2025-06-14 21:57:10','2025-06-14 21:57:10'),(402,7,'What does the client request at the end?',51,3,'ACTIVE','2025-06-14 21:57:49','2025-06-14 21:57:49');
/*!40000 ALTER TABLE `questions` ENABLE KEYS */;
UNLOCK TABLES;

--
-- Table structure for table `questions_titles`
--

DROP TABLE IF EXISTS `questions_titles`;
/*!40101 SET @saved_cs_client     = @@character_set_client */;
/*!50503 SET character_set_client = utf8mb4 */;
CREATE TABLE `questions_titles` (
  `pk_title` int NOT NULL AUTO_INCREMENT,
  `title_name` varchar(100) COLLATE utf8mb4_general_ci NOT NULL,
  `title_test` text COLLATE utf8mb4_general_ci NOT NULL,
  `title_type` varchar(20) COLLATE utf8mb4_general_ci NOT NULL,
  `title_url` varchar(255) COLLATE utf8mb4_general_ci DEFAULT NULL,
  `status` varchar(10) COLLATE utf8mb4_general_ci NOT NULL DEFAULT 'ACTIVE',
  `created_at` datetime DEFAULT CURRENT_TIMESTAMP,
  `updated_at` datetime DEFAULT CURRENT_TIMESTAMP ON UPDATE CURRENT_TIMESTAMP,
  PRIMARY KEY (`pk_title`)
) ENGINE=InnoDB AUTO_INCREMENT=52 DEFAULT CHARSET=utf8mb4 COLLATE=utf8mb4_general_ci;
/*!40101 SET character_set_client = @saved_cs_client */;

--
-- Dumping data for table `questions_titles`
--

LOCK TABLES `questions_titles` WRITE;
/*!40000 ALTER TABLE `questions_titles` DISABLE KEYS */;
INSERT INTO `questions_titles` VALUES (1,'Incomplete Sentences - Set 1','Complete the following sentences by choosing the correct option.','READING',NULL,'ACTIVE','2025-06-08 18:57:00','2025-06-08 18:57:00'),(2,'Incomplete Sentences - Set 2','Complete the following sentences by choosing the correct option.','READING',NULL,'ACTIVE','2025-06-08 18:59:09','2025-06-08 18:59:09'),(3,'Error Recognition - Set 1','Identify the part of the sentence that contains an error.','READING',NULL,'ACTIVE','2025-06-08 19:05:18','2025-06-08 19:05:18'),(4,'Error Recognition - Set 2','Identify the part of the sentence that contains an error.','READING',NULL,'ACTIVE','2025-06-08 19:05:28','2025-06-08 19:46:21'),(5,'Company Meeting - Internal Email','Dear Team,\n\nI hope this message finds you well. I would like to remind everyone that we have a mandatory company meeting scheduled for Friday, July 12th, at 10:00 AM in the main conference room.\nThe purpose of the meeting is to discuss the progress of our current projects, upcoming deadlines, and departmental goals for the next quarter. We will also take some time to acknowledge recent achievements and welcome new team members.\nPlease come prepared to share updates from your department. If you are unable to attend, inform HR as soon as possible.\n\nBest regards,\nSarah Jenkins\nOperations Manager','READING',NULL,'ACTIVE','2025-06-08 19:14:23','2025-06-08 19:14:23'),(6,'Local Library Expansion Project','The City Council has approved a five million dollars expansion of the downtown public library. The project aims to increase seating capacity, add a new children\'s section, and modernize digital resources. Construction is scheduled to begin in September and is expected to last about one year. In addition to expanding physical space, the library will introduce new community programs, including coding workshops for teenagers and a monthly author talk series. City officials believe the project will make the library a more dynamic space for lifelong learning. Residents are encouraged to share their suggestions during upcoming public forums.','READING',NULL,'ACTIVE','2025-06-08 19:14:25','2025-06-08 19:14:25'),(7,'The Lost Wallet','Anna was walking through the park on her way home from work when she noticed a wallet lying on the ground. She picked it up and opened it, finding several credit cards and an ID. The wallet belonged to a man named Peter Davis. Unsure what to do, Anna decided to take the wallet to the nearest police station. On her way there, she received a phone call from Peter himself, who had tracked his wallet using an app. Grateful for Anna’s honesty, Peter offered to meet her and thank her in person. They agreed to meet at a nearby café, where Peter rewarded her with a heartfelt thank you and a small gift.','READING',NULL,'ACTIVE','2025-06-08 19:14:26','2025-06-08 19:14:26'),(8,'Breakthrough in Renewable Energy Storage','Scientists at the European Institute of Technology have announced a groundbreaking advancement in renewable energy storage. A new type of ultra-efficient battery, developed over the past five years, can store solar and wind energy for significantly longer periods than existing technologies. This innovation addresses one of the major challenges in the field of sustainable energy: intermittency. The battery\'s high storage capacity and durability could transform how renewable energy is used and distributed globally.The research team has already partnered with several energy companies to begin large-scale production. Experts predict that this technology will accelerate the global transition toward cleaner energy sources. Public demonstrations of the battery\'s capabilities will be held at next month\'s International Energy Conference in Berlin.','READING',NULL,'ACTIVE','2025-06-08 19:15:59','2025-06-08 19:15:59'),(9,'Weekend Plans - Email to a Friend','Hi Emma,\n\nHow are you? I hope your week has been good! I wanted to tell you about my plans for the weekend.\nOn Saturday morning, I\'m going to the farmer\'s market to buy some fresh fruit and vegetables. In the afternoon, I will meet Laura for lunch at the new Italian restaurant downtown. On Sunday, I\'m planning to go hiking in the hills. The weather should be sunny, so it will be a perfect day for a walk in nature.\nLet me know if you want to join us for lunch or hiking. It would be great to see you!\n\nTake care,\nSophie','READING',NULL,'ACTIVE','2025-06-08 19:16:00','2025-06-08 19:16:00'),(10,'New Library Hours and Services','Attention all library members:\n\nStarting next month, the City Public Library will introduce new opening hours to better serve the community.The library will now be open from 8:00 AM to 8:00 PM, Monday through Friday, and from 9:00 AM to 5:00 PM on Saturdays. The library will remain closed on Sundays.\nIn addition to the extended hours, the library will offer free weekend workshops on topics such as digital skills, creative writing, and local history. \nMembers are encouraged to register early for these workshops, as spaces are limited.\n\nFor more information, please visit our website or contact the library front desk.','READING',NULL,'ACTIVE','2025-06-08 19:17:38','2025-06-08 19:17:38'),(11,'Change in Remote Work Policy','MEMO\n\nTo: All Employees  \nFrom: HR Department  \nSubject: Remote Work Policy Update\n\nDear Team,\n\nStarting from next month, employees will be allowed to work remotely up to three days per week, based on departmental needs. All managers will coordinate schedules to ensure business continuity.\nEmployees must submit their preferred remote work days by Friday of the current week. Company-provided laptops must be used when working remotely. \nPlease note that attendance at important team meetings on-site remains mandatory.\n\nIf you have any questions, contact your department manager or HR.','READING',NULL,'ACTIVE','2025-06-08 19:23:40','2025-06-08 19:23:40'),(12,'Wireless Earbuds - Customer Review','I recently purchased the SonicSound Wireless Earbuds, and overall, I\'m very satisfied with the product. The sound quality is excellent, with clear highs and deep bass. The battery life is also impressive — I can use them for about 8 hours on a single charge. The only drawback is the size of the earbuds. They are a bit larger than expected and may not fit comfortably for everyone. However, for the price, these earbuds offer great value. I would definitely recommend them to anyone looking for affordable wireless audio.','READING',NULL,'ACTIVE','2025-06-08 19:23:42','2025-06-08 19:23:42'),(13,'Welcome to Ocean View Hotel','Dear Guest,\n\nWelcome to the Ocean View Hotel! We are delighted to have you here. Our restaurant is open from 6:30 AM to 10:00 PM. Breakfast is served from 6:30 AM to 10:00 AM. Free Wi-Fi is available throughout the hotel. The fitness center is open 24 hours.\nIf you need any assistance, please call the front desk at extension 0.\nWe hope you enjoy your stay!\n\nSincerely,  \nHotel Management','READING',NULL,'ACTIVE','2025-06-08 19:23:43','2025-06-08 19:23:43'),(14,'Recent Trends in Renewable Energy Usage','According to the 2025 Global Energy Report, renewable energy sources accounted for 34% of the world\'s total energy production last year, up from 28% five years ago. Solar power remains the fastest-growing sector, with a 12% annual increase in capacity. Wind energy follows closely, particularly in Europe and North America. However, challenges remain. The variability of renewable sources and the need for improved energy storage solutions continue to be key issues for the industry. Experts predict that with continued investment and technological advancements, renewables could surpass 50% of global production within the next decade.','READING',NULL,'ACTIVE','2025-06-08 19:23:44','2025-06-08 19:23:44'),(15,'Company Policy Update','Company Policy Update - Paid Time Off (PTO)\n\nEffective January 1st, all employees will receive an additional 3 days of PTO per year. This applies to both full-time and part-time staff. To request PTO, employees must submit a form via the HR portal at least two weeks in advance. PTO requests are approved on a first-come, first-served basis and subject to business needs. Unused PTO can be carried over to the following year, up to a maximum of 10 days. \n\nFor questions, please contact the HR department.','READING',NULL,'ACTIVE','2025-06-08 19:25:51','2025-06-08 19:25:51'),(16,'Business Travel Itinerary','Business Trip Itinerary for Ms. Jane Lee\n\nDate: June 15-17\nDestination: Chicago\n\nJune 15\n09:00 - Flight UA123 to Chicago\n11:30 - Arrive at O\'Hare Airport\n12:00 - Check-in at Grand Hotel\n\nJune 16\n09:00 - Client meeting at ABC Corp.\n12:30 - Lunch with partners\n15:00 - Workshop at Convention Center\n\nJune 17\n10:00 - Visit local office\n13:00 - Flight UA456 back to New York.','READING',NULL,'ACTIVE','2025-06-08 19:25:52','2025-06-08 19:25:52'),(17,'Job Posting: Marketing Manager','We are seeking an experienced Marketing Manager to join our dynamic team.\n\nResponsibilities:\n- Develop and execute marketing strategies.\n- Manage digital campaigns and social media.\n- Collaborate with sales and product teams.\n\nRequirements:\n- Bachelor’s degree in Marketing or related field.\n- Minimum 5 years of marketing experience.\n- Strong analytical and communication skills.\n\nBenefits:\n- Competitive salary\n- Health insurance\n- Opportunities for professional growth.','READING',NULL,'ACTIVE','2025-06-08 19:25:54','2025-06-08 19:25:54'),(18,'New High-Speed Rail Project Launched','The government has officially launched a new high-speed rail project that aims to connect major cities across the country. Construction is scheduled to begin next year and is expected to be completed by 2030. The rail system will significantly reduce travel time between major hubs, offering an eco-friendly alternative to air and road travel. Officials estimate that the project will create over 50,000 new jobs during construction and another 10,000 permanent jobs once operational.','READING',NULL,'ACTIVE','2025-06-08 19:25:55','2025-06-08 19:25:55'),(19,'Double Passage on Workplace Communication - Set 1','Passage 1:  \nEffective workplace communication is essential for a productive environment. It includes verbal and non-verbal methods such as emails, meetings, and body language.  \nPassage 2:  \nMiscommunication can lead to mistakes and reduced morale. Companies often invest in training programs to improve communication skills among employees.','READING',NULL,'ACTIVE','2025-06-08 19:31:26','2025-06-08 19:31:26'),(20,'Double Passage on Climate Change Effects - Set 2','Passage 1:  \nGlobal temperatures have risen steadily over the past century. This increase is linked to human activities like burning fossil fuels.  \nPassage 2:  \nRising temperatures contribute to melting ice caps, sea level rise, and more extreme weather events, threatening ecosystems and communities.','READING',NULL,'ACTIVE','2025-06-08 19:31:26','2025-06-08 19:31:26'),(21,'Double Passage on Historical Inventions - Set 3','Passage 1:  \nThe invention of the printing press revolutionized the spread of information in the 15th century, making books more accessible.  \nPassage 2:  \nLater inventions, like the telegraph and telephone, further enhanced long-distance communication and shaped modern society.','READING',NULL,'ACTIVE','2025-06-08 19:31:27','2025-06-08 19:31:27'),(22,'Double Passage on Healthy Living Habits - Set 4','Passage 1:  \nRegular exercise benefits both physical and mental health, reducing risks of chronic diseases.  \nPassage 2:  \nA balanced diet rich in fruits, vegetables, and whole grains supports energy levels and overall well-being.','READING',NULL,'ACTIVE','2025-06-08 19:31:27','2025-06-08 19:31:27'),(23,'Double Passage on Online Learning Trends - Set 5','Passage 1:  \nOnline learning platforms have grown rapidly in recent years, offering a wide range of courses from programming to language learning. Flexibility is one of their key advantages.  \nPassage 2:  \nHowever, online learning requires strong self-discipline and time management skills. Without these, learners may struggle to complete courses successfully.','READING',NULL,'ACTIVE','2025-06-08 19:43:18','2025-06-08 19:46:21'),(24,'Double Passage on Urban vs Rural Living - Set 6','Passage 1:  \nLiving in a city offers many conveniences such as public transport, entertainment, and career opportunities. However, it can also mean more noise and pollution.  \nPassage 2:  \nRural living provides peace, natural surroundings, and a slower pace of life. On the downside, access to healthcare and jobs may be more limited.','READING',NULL,'ACTIVE','2025-06-08 19:43:18','2025-06-08 19:43:18'),(25,'Double Passage on Space Exploration - Set 7','Passage 1:  \nIn recent years, private companies have entered the space industry, launching rockets and planning missions to the Moon and Mars.  \nPassage 2:  \nSpace exploration has led to many technological innovations that benefit life on Earth, such as satellite communication and advanced materials.','READING',NULL,'ACTIVE','2025-06-08 19:43:19','2025-06-08 19:43:19'),(26,'Double Passage on Traveling for Business - Set 8','Passage 1:  \nBusiness travel allows employees to attend meetings, conferences, and build relationships with international partners.  \nPassage 2:  \nWhile valuable, business travel can also cause fatigue and disrupt work-life balance, which is why some companies now promote virtual meetings instead.','READING',NULL,'ACTIVE','2025-06-08 19:43:20','2025-06-08 19:43:20'),(27,'Audio - At a Café','default: Listen to the following short conversation and answer the listed questions.\nperson 1: Good morning! What would you like to order?\nperson 2: Good morning. I would like a cup of coffee and a sandwich, please.\nperson 1: Sure. Would you like it to go or to have here?\nperson 2: I’ll have it here, thank you.\nperson 1: Great, I’ll bring it to your table in a moment..','LISTENING','https://storage.googleapis.com/necdiagnostics-bucket/audios/20250610-d270f1af74604c258ea93f0e3ec62347.mp3','ACTIVE','2025-06-10 04:16:14','2025-06-10 21:05:31'),(28,'Audio - Business Call','default: Listen to the following short conversation and answer the listed questions.\nperson 4: Hello, this is Mark Johnson from ABC Corporation.\nperson 2: Hello Mr. Johnson, this is Sarah Miller. How can I help you today?\nperson 4: I wanted to confirm our meeting scheduled for Friday at 10 AM.\nperson 2: Yes, it is confirmed. The meeting will take place in Conference Room A.\nperson 4: Great! I’ll bring the project documents with me.\nperson 2: Perfect. See you then\nperson 4: Thanks.','LISTENING','https://storage.googleapis.com/necdiagnostics-bucket/audios/20250610-e092afdc74dd4fb18625a54e1fe82e0a.mp3','ACTIVE','2025-06-10 06:31:41','2025-06-10 21:16:23'),(29,'Audio - Airport Announcement','default: Listen to the following announcement and answer the listed questions.\nperson 4: Ladies and gentlemen, may I have your attention, please.\nFlight AB123 to London Heathrow is now boarding at Gate 27. \nPassengers in rows 20 to 30 are invited to board first.\nPlease have your boarding pass and passport ready.\nFinal call for passengers to flight AB123. The gate will close in 10 minutes.\nThank you for your attention.','LISTENING','https://storage.googleapis.com/necdiagnostics-bucket/audios/20250610-8cce67a54ca243bf829e7ce8a0268868.mp3','ACTIVE','2025-06-10 06:41:31','2025-06-10 06:42:17'),(30,'Audio – Office Announcement','default: Listen to the following announcement.\nperson 2: Attention all staff. \nperson 2: This is a reminder that the annual fire drill will take place today at 3 PM. Please proceed to the designated assembly area in the parking lot when you hear the alarm. Do not use the elevators. \nperson 2: Managers, ensure your teams are accounted for. The drill should last no longer than 20 minutes. \nperson 2: Thank you for your cooperation.','LISTENING','https://storage.googleapis.com/necdiagnostics-bucket/audios/20250614-b3c1fb1f5c2742e693bdb25fbe8cf118.mp3','ACTIVE','2025-06-14 00:10:13','2025-06-14 00:10:13'),(31,'Audio – Business Meeting','default: Listen to the conversation and answer the questions.\nperson 4: Sarah, I’ve reviewed the quarterly sales report, and while the numbers are strong in Europe, the Asia-Pacific region is underperforming. \nperson 4: We need to adjust our strategy.\nperson 2:  I agree.\nperson 2: The marketing team suggests increasing digital ad spending there, but we’d need approval from Finance.\nperson 4: Let’s schedule a meeting with them tomorrow. Also, can you prepare a comparative analysis by noon?\nperson 2: I’ll have it ready by then.\nperson 4: Thanks.','LISTENING','https://storage.googleapis.com/necdiagnostics-bucket/audios/20250614-3b95fe09b7db47fb82ead45d0e41dff1.mp3','ACTIVE','2025-06-14 00:20:31','2025-06-14 00:20:31'),(32,'Audio – Airport Delay','Default: Listen to the following announcement and answer the questions.\nperson 3: Ladies and gentlemen.\nperson 3: This is an update regarding Flight 307 to Tokyo. \nperson 3: Due to unforeseen maintenance issues, departure will be delayed by approximately two hours. \nperson 3: We apologize for the inconvenience and invite all passengers to enjoy complimentary refreshments at Gate B12. \nperson 3: Rebooking options are available at the service desk. \nperson 3: Thank you for your patience.','LISTENING','https://storage.googleapis.com/necdiagnostics-bucket/audios/20250614-d33b705b48c24ce7a17b4f24e5f4fb3c.mp3','ACTIVE','2025-06-14 00:26:38','2025-06-14 00:27:02'),(33,'Audio – Travel Delay','default: Listen to a conversation at an airport.\nperson 4: Excuse me, I just heard an update about Flight 247 to Berlin. \nperson 4: Is it delayed?\nperson 3: Yes, sir. Due to bad weather, the departure is postponed by 3 hours. \nperson 3: We recommend checking the monitors for further updates.\nperson 4: Will there be meal vouchers provided?\nperson 3: Absolutely. \nperson 3: You can collect them at Gate 12 after 6 PM.','LISTENING','https://storage.googleapis.com/necdiagnostics-bucket/audios/20250614-6b7d180a38ed4a428a72de9cf1ea3ae4.mp3','ACTIVE','2025-06-14 00:49:25','2025-06-14 00:49:25'),(34,'Audio – Business Proposal','default: Listen to a voicemail.\nperson 1: Hi Ms. Rivera, this is David Klein from TechSolutions. \nperson 1: I’m calling to discuss the proposal we sent last week. \nperson 1: We’ve incorporated your feedback and added a cost-analysis section. \nperson 1: Could we schedule a call tomorrow at 11 AM? \nperson 1: Alternatively, you can reply via email. Looking forward to your response.','LISTENING','https://storage.googleapis.com/necdiagnostics-bucket/audios/20250614-7b24fe60e47941acbc0a83f861615952.mp3','ACTIVE','2025-06-14 00:57:50','2025-06-14 00:57:50'),(35,'Audio Question/Response – Office Supplies','default: Listen to the question and choose the best response.\nperson 3: Where can I find the new printers?','LISTENING','https://storage.googleapis.com/necdiagnostics-bucket/audios/20250614-7e9fcb36eb2a4be0968f3b36cab63ae7.mp3','ACTIVE','2025-06-14 18:59:09','2025-06-14 18:59:09'),(36,'Audio Question/Response – Meeting Delay','default: Listen to the question and choose the best response.\nperson 4: Could we reschedule the meeting to tomorrow?','LISTENING','https://storage.googleapis.com/necdiagnostics-bucket/audios/20250614-7180e9322dd549d397344393d9948056.mp3','ACTIVE','2025-06-14 19:12:57','2025-06-14 19:12:57'),(37,'Audio Question/Response – Travel Itinerary','default: Listen to the question and choose the best response.\nperson 2: What’s the fastest way to get to the conference center from the airport?','LISTENING','https://storage.googleapis.com/necdiagnostics-bucket/audios/20250614-d0cd9ef390804d30bf85df273c89ee12.mp3','ACTIVE','2025-06-14 19:34:38','2025-06-14 19:34:38'),(38,'Audio Conversation – Rescheduling a Meeting','default: Listen to the following conversation between two colleagues.\nperson 2: Hi Tom.\nperson 2: I’m afraid I can’t make the 2 PM meeting. \nperson 2: My client call is running late.\nperson 4: No problem, Sarah. \nperson 4: Should we move it to 3:30 PM? \nperson 4: Conference Room B is free then.\nperson 2: That works!\nperson 2: Could you email the team about the change?\nperson 4: Already on it.\nperson 4: I’ll send updates in 10 minutes.','LISTENING','https://storage.googleapis.com/necdiagnostics-bucket/audios/20250614-4fb01935370245629a62288f401f69d4.mp3','ACTIVE','2025-06-14 19:40:49','2025-06-14 19:43:09'),(39,'Audio Conversation – Ordering Supplies','default: Listen to a conversation between an office manager and a supplier.\nperson 3: Good morning.\nperson 3: This is Linda from OfficePlus. \nperson 3: How can I help you?\nperson 1: Hi, \nperson 1: I’d like to place an order. \nperson 1: We need 50 reams of paper and 10 printer cartridges.\nperson 3: Certainly.\nperson 3: Your usual A4 white paper and black cartridges?\nperson 1: Yes, please.\nperson 1: And could we get them by Friday?\nperson 3: Of course. \nperson 3: I’ll process the delivery for Thursday morning.','LISTENING','https://storage.googleapis.com/necdiagnostics-bucket/audios/20250614-497b69aadaf74c7ab976f68b09e33fed.mp3','ACTIVE','2025-06-14 20:00:07','2025-06-14 20:00:07'),(40,'Audio Conversation – Hotel Reservation Issue','default: Listen to a guest speaking with a hotel receptionist.\nperson 2: Good Morning.\nperson 2: I reserved a double room for three nights under the name ‘Collins’\nperson 2: But I don’t see it in your system.\nperson 4: Let me check in the system. \nperson 4: Ah, here it is! \nperson 4: You booked for next month.\nperson 4: Starting June 10th.\nperson 2: Oh no!\nperson 2: I meant to book for this month. \nperson 3: Are there any rooms available now?\nperson 4: We have one executive suite left. \npeson 4: It’s $50 more per night.\nperson 4: But I can offer a 10% discount for the mix-up.','LISTENING','https://storage.googleapis.com/necdiagnostics-bucket/audios/20250614-2b5146df27654a62ba56de6ce527a82f.mp3','ACTIVE','2025-06-14 20:07:40','2025-06-14 20:07:40'),(41,'Audio Conversation – Technical Support','default: Listen to a call between an IT specialist and an employee.\nperson 3: IT help desk, this is Priya speaking.\nperson 3: How can i help you today?\nperson 1: Hi.\nperson 1: I can’t access the shared drive. \nperson 1: I keep getting an ‘authentication error’.\nperson 3: Have you tried resetting your password? \nperson 3: The system required some updates last night.\nperson 1: Yes, but it didn’t work.\nperson 3: Let me try something.\nperson 3: I’ll remote into your computer to check the settings. \nperson 3: One moment.\nperson 1: Sure, no problem.','LISTENING','https://storage.googleapis.com/necdiagnostics-bucket/audios/20250614-98b16fda4a6e4e54ade2f47b1b4a1e03.mp3','ACTIVE','2025-06-14 20:14:58','2025-06-14 20:14:58'),(42,'Audio Conversation – Lunch Invitation','default: Listen to two coworkers talking.\nperson 4: Hi Anna.\nperson 4: Would you like to have lunch with me today?\nperson 2: I’d love to! \nperson 2: Where should we go?\nperson 4: How about.\nperson 4: The new Italian restaurant on 5th Street?\nperson 2: Perfect! \nperson 2: Let’s meet at the lobby at 12:30.','LISTENING','https://storage.googleapis.com/necdiagnostics-bucket/audios/20250614-f4aa3fd9b2e74635a8c916f74914d1c8.mp3','ACTIVE','2025-06-14 20:22:17','2025-06-14 20:22:17'),(43,'Audio Conversation – Restaurant Complaint','Default: Listen to a customer speaking with a restaurant manager.\nperson 3: Sir, I ordered the vegetarian pasta.\nperson 3: But this has meat in it.\nperson 1: I’m so sorry about that. \nperson 1: I’ll have the kitchen prepare a new dish immediately.\nperson 3: Thank you.\nperson 3: Also, the water I asked for never arrived.\nperson 1: I’ll bring it myself right away\nperson 1: And your meal will be on the house.','LISTENING','https://storage.googleapis.com/necdiagnostics-bucket/audios/20250614-02831a6c03c0417da922c968c3c28bd6.mp3','ACTIVE','2025-06-14 20:52:44','2025-06-14 20:52:44'),(44,'Audio Conversation – Job Interview','default: Listen to an interview between a candidate and a hiring manager.\nperson 4: Ms. Lopez, your resume is impressive. \nperson 4: Why are you interested in this position?\nperson 2:  Well, I’ve always admired your company’s innovative projects.\nperson 2: And I want to contribute my skills in data analysis.\nperson 4: How would you handle tight deadlines?\nperson 2: I prioritize tasks and communicate early if I foresee delays.','LISTENING','https://storage.googleapis.com/necdiagnostics-bucket/audios/20250614-d3b479b1f6514b0ab41c2d6192e08bfb.mp3','ACTIVE','2025-06-14 21:00:00','2025-06-14 21:00:00'),(45,'Audio Conversation – Gym Membership','default: Listen to a conversation at a gym reception desk.\nperson 3: Hi.\nperson 3: I’d like to join the gym.\nperson 3: What are the membership options?\nperson 1: Hi.\nperson 1: We have monthly plans for $50.\nperson 1: Or a yearly plan for $500.\nperson 3: Does the yearly plan include classes?\nperson 1: Yes, all group classes are free with that plan.\nperson 3: Ok, I\'ll get the yearly plan.','LISTENING','https://storage.googleapis.com/necdiagnostics-bucket/audios/20250614-415f32eef28144ceb86cd27b98ee0a3c.mp3','ACTIVE','2025-06-14 21:05:47','2025-06-14 21:05:47'),(46,'Audio Conversation – Office Equipment Problem','default: Listen to two coworkers discussing a printer issue.\nperson 2: Mark.\nperson 2: The printer in the copy room is jammed again. \nperson 2: Do you know how to fix it?\nperson 4: Let me check. \nperson 4: Did you try opening the front panel to remove the stuck paper?\nperson 2: Yes.\nperson 2: But there\'s still an error message on the screen.\nperson 4: Okay.\nperson 4: I\'ll call IT support. \nperson 4: They should send someone within the hour.','LISTENING','https://storage.googleapis.com/necdiagnostics-bucket/audios/20250614-98a188a9dfe84f5aa15a4ed54b2cf0b2.mp3','ACTIVE','2025-06-14 21:12:53','2025-06-14 21:12:53'),(47,'Audio Conversation – Conference Registration','Default: Listen to a phone call about an event registration.\nperson 3: Good morning, Global Business Conference.\nperson 3: How may I help you?\nperson 1: Hi.\npeson 1: I registered last week but haven\'t received my confirmation email.\nperson 3: Let me check.\nperson 3: Ah, I see your registration. \nperson 3: The email might be in your spam folder.\nperson 1: Let me check that.\nperson 1: You\'re right! \nperson 1: I found it.\nperson 1: One more thing. Can I still request a vegetarian meal option?\nperson 3: Sure. \nperson 3: I\'ll update your registration right now.','LISTENING','https://storage.googleapis.com/necdiagnostics-bucket/audios/20250614-6fed2e24858e496a9259cc9db05b7869.mp3','ACTIVE','2025-06-14 21:19:53','2025-06-14 21:19:53'),(48,'Audio Conversation – Bank Transaction Error','default: Listen to a customer speaking with a bank representative.\nperson 2: Hi, thank you for calling Union States Bank. \nperson 2: How may i assist you today?\nperson 4: Hi.\nperson 4: I noticed an unauthorized $200 withdrawal from my account yesterday.\nperson 2: I\'ll investigate immediately. \nperson 2: Could it be from your new credit card?\nperson 4: No, I haven\'t activated that card yet. \nperson 4: This was from my checking account.\nperson 2: I see. \nperson 2: We\'ll freeze your account and issue a temporary credit while we investigate.','LISTENING','https://storage.googleapis.com/necdiagnostics-bucket/audios/20250614-ee274e274b68483aa6be4e6084208c05.mp3','ACTIVE','2025-06-14 21:26:57','2025-06-14 21:26:57'),(49,'Audio Conversation – Software Training Session','default: Listen to colleagues discussing a training program.\nperson 2: The new accounting software training starts Monday. \nperson 2: Did you enroll?\nperson 4: Yes.\nperson 4: But I\'m only available for the afternoon sessions.\nperson 2: That\'s fine. \nperson 2: Just remember the certification test is mandatory for all users.\nperson 4: Understood. \nperson 4: I\'ve already downloaded the practice materials.','LISTENING','https://storage.googleapis.com/necdiagnostics-bucket/audios/20250614-f7523ea1fd434b34b7fe2ed041de900e.mp3','ACTIVE','2025-06-14 21:35:40','2025-06-14 21:35:40'),(50,'Audio Conversation – Flight Upgrade Inquiry','default: Listen to a passenger speaking with an airline representative.\nperson 3: Good afternoon.\nperson 3: How can I assist you today?\nperson 1: Hi, I\'m on Flight 602 to Tokyo tomorrow.\nperson 1: I was wondering if any business class upgrades are available?\nperson 3: Let me check if there\'s any available. \nperson 3: Yes, we have two seats left. \nperson 3: The upgrade fee is $300 or 25,000 miles.\nperson 1: That\'s a bit expensive. \nperson 1: Does it include lounge access?\nperson 3: Yes, it does. \nperson 3: You\'ll also get priority boarding and extra baggage allowance.\nperson 1: Okay, I\'ll take it with miles then.','LISTENING','https://storage.googleapis.com/necdiagnostics-bucket/audios/20250614-c12b148aba0c48c98245964f0ad010fb.mp3','ACTIVE','2025-06-14 21:45:08','2025-06-14 21:45:08'),(51,'Audio Conversation – Project Delay Notification','default: Listen to a project manager informing a client about a delay.\nperson 4: Good morning Ms. Rodríguez.\nperson 4: This is David Park from TechSolutions. \nperson 4: I\'m calling about your software development project.\nperson 2: Yes, David.\nperson 2: Is everything on schedule?\nperson 4: I\'m afraid we\'ve encountered an unexpected complication with the integration. \nperson 4: We\'ll need about two more weeks to resolve it properly.\nperson 2: That\'s concerning. \nperson 3: Our product launch is scheduled for next month.\nperson 4: I completely understand. \nperson 4: We\'re bringing in additional developers to help, and we\'ll provide daily progress reports. \nperson 4: Also, we\'re waiving 15% of the project fee for this delay.\nperson 2: I appreciate that. \nperson 2: Please email me the revised timeline by end of day.','LISTENING','https://storage.googleapis.com/necdiagnostics-bucket/audios/20250614-57b7b1fef0ee4b4f8e7f8b2158ed0740.mp3','ACTIVE','2025-06-14 21:52:19','2025-06-14 21:52:19');
/*!40000 ALTER TABLE `questions_titles` ENABLE KEYS */;
UNLOCK TABLES;

--
-- Table structure for table `recommendations`
--

DROP TABLE IF EXISTS `recommendations`;
/*!40101 SET @saved_cs_client     = @@character_set_client */;
/*!50503 SET character_set_client = utf8mb4 */;
CREATE TABLE `recommendations` (
  `pk_recommend` int NOT NULL AUTO_INCREMENT,
  `test_fk` int NOT NULL,
  `recommendation_text` text COLLATE utf8mb4_general_ci NOT NULL,
  `created_at` datetime DEFAULT CURRENT_TIMESTAMP,
  `updated_at` datetime DEFAULT CURRENT_TIMESTAMP ON UPDATE CURRENT_TIMESTAMP,
  PRIMARY KEY (`pk_recommend`),
  KEY `idx_test_fk` (`test_fk`),
  CONSTRAINT `recommendations_ibfk_1` FOREIGN KEY (`test_fk`) REFERENCES `tests` (`pk_test`)
) ENGINE=InnoDB AUTO_INCREMENT=24 DEFAULT CHARSET=utf8mb4 COLLATE=utf8mb4_general_ci;
/*!40101 SET character_set_client = @saved_cs_client */;

--
-- Dumping data for table `recommendations`
--

LOCK TABLES `recommendations` WRITE;
/*!40000 ALTER TABLE `recommendations` DISABLE KEYS */;
INSERT INTO `recommendations` VALUES (1,1,'To further improve, the student should focus on practicing error recognition exercises, especially those that involve subtle grammatical nuances. Engaging with a variety of texts that cover similar topics but present different viewpoints or information can also help in distinguishing between passages more effectively. Additionally, reviewing advanced grammar rules and applying them in context through writing and speaking exercises will strengthen their overall language proficiency. For TOEIC preparation, timed practice tests that include a mix of question types and difficulty levels will help the student become more comfortable with the exam format and improve time management skills.','2025-06-08 20:42:35','2025-06-08 20:42:35'),(2,2,'Given the student\'s current level, it is recommended to start with foundational English language learning materials focusing on basic grammar, vocabulary, and simple reading comprehension exercises. Engaging with A2 level materials consistently will help build a solid base. Additionally, practicing with TOEIC-specific preparation books that start with beginner levels can gradually introduce the student to the format and types of questions found in the exam. It\'s also beneficial to incorporate listening practice, as the TOEIC exam includes a listening section. Seeking guidance from a language tutor or enrolling in an English language course could provide structured learning and personalized feedback. Regular practice, patience, and persistence are key to improving proficiency and confidence in English.','2025-06-08 21:22:27','2025-06-08 21:22:27'),(3,3,'To improve reading comprehension, the student should start with texts at their current level (A2) and gradually work up to more complex materials. Practicing with TOEIC-specific reading exercises can help familiarize them with the exam format. For grammar and error recognition, targeted exercises focusing on common mistakes and sentence structure are recommended. Engaging with English media, such as news articles and podcasts, can also enhance vocabulary and comprehension skills. Consistent practice with both listening and reading materials, along with feedback on errors, will be crucial for improvement.','2025-06-10 21:12:49','2025-06-10 21:12:49'),(4,4,'To improve, the student should focus on advanced grammar and vocabulary exercises, especially those that challenge their understanding of complex sentence structures and idiomatic expressions. Practicing with C1 and C2 level materials will be beneficial. They should also work on their listening skills by engaging with a variety of English accents and speeds, and by summarizing spoken passages to ensure comprehension. For reading comprehension, they should practice identifying key details and inferring information not explicitly stated. Regular practice with TOEIC-style questions at all levels will help familiarize them with the exam format and timing.','2025-06-12 14:43:27','2025-06-12 14:43:27'),(5,5,'To improve, the student should focus on practicing with more C1 level materials to enhance their ability to understand and infer information from complex texts. They should also work on paying closer attention to details in simpler texts to avoid missing key information. Engaging in extensive reading and listening exercises across a range of topics and difficulty levels will help broaden their comprehension skills. Additionally, practicing with TOEIC-specific materials can familiarize them with the exam format and question types, further improving their performance.','2025-06-12 16:29:22','2025-06-12 16:29:22'),(6,6,'To further improve, the student should focus on mastering advanced grammatical structures and expanding their vocabulary, especially for C1 and C2 level questions. Practicing with TOEIC-specific materials that target these higher levels can be beneficial. Additionally, the student should work on time management and double-checking answers to avoid simple mistakes in lower-level questions. Engaging in regular listening practice with a variety of English accents and speeds, as well as reading diverse texts, will help solidify their comprehension skills across all levels.','2025-06-14 22:36:47','2025-06-14 22:36:47'),(7,7,'To improve inference skills, the student should practice reading between the lines in texts and listening materials. Engaging with more complex reading passages and summarizing the main ideas and implied messages could be beneficial.','2025-06-15 00:11:06','2025-06-15 00:11:06'),(8,7,'For grammatical accuracy, focusing on verb tenses and conditional sentences through targeted exercises and practice tests would help. Utilizing grammar workbooks or online resources specifically designed for TOEIC preparation could provide the necessary practice.','2025-06-15 00:11:06','2025-06-15 00:11:06'),(9,8,'Practicar la comprensión de lectura con textos de nivel A1 y A2, enfocándose en identificar información específica como fechas, lugares y acciones.','2025-06-15 00:18:55','2025-06-15 00:18:55'),(10,8,'Mejorar la comprensión auditiva escuchando conversaciones y anuncios simples, prestando atención a detalles clave.','2025-06-15 00:18:55','2025-06-15 00:18:55'),(11,8,'Trabajar en el vocabulario básico y en la estructura de oraciones para mejorar en la sección de completar oraciones.','2025-06-15 00:18:55','2025-06-15 00:18:55'),(12,8,'Utilizar recursos en línea como \'British Council LearnEnglish\' para practicar habilidades básicas de inglés. Visita: https://learnenglish.britishcouncil.org/','2025-06-15 00:18:55','2025-06-15 00:18:55'),(13,8,'Realizar ejercicios de escucha activa, como escuchar anuncios públicos o conversaciones cortas, y luego intentar responder preguntas sobre ellos.','2025-06-15 00:18:55','2025-06-15 00:18:55'),(14,8,'Practicar la identificación de información clave en textos cortos, subrayando fechas, nombres y acciones importantes.','2025-06-15 00:18:55','2025-06-15 00:18:55'),(15,9,'Practicar la lectura de textos técnicos y noticias para mejorar la comprensión de vocabulario específico y la capacidad de inferencia. Sitios como BBC Learning English ofrecen materiales útiles.','2025-06-15 00:28:19','2025-06-15 00:28:19'),(16,9,'Realizar ejercicios de gramática enfocados en tiempos verbales y estructuras de oraciones complejas. Un recurso recomendado es el canal de YouTube \'English Addict with Mr Steve\'.','2025-06-15 00:28:19','2025-06-15 00:28:19'),(17,9,'Escuchar activamente conversaciones y anuncios en inglés, prestando atención a números, fechas, y condiciones. La app \'ELLLO\' ofrece ejercicios de listening gratuitos.','2025-06-15 00:28:19','2025-06-15 00:28:19'),(18,9,'Participar en simulacros de examen TOEIC completos para familiarizarse con el formato y mejorar la gestión del tiempo. Un buen recurso es el sitio web \'Exam English\'.','2025-06-15 00:28:19','2025-06-15 00:28:19'),(19,10,'Practicar la memorización de datos numéricos y porcentajes, ya que son comunes en preguntas sobre informes y estadísticas. Un ejercicio útil podría ser crear resúmenes de artículos con números clave.','2025-06-15 00:35:45','2025-06-15 00:35:45'),(20,10,'Mejorar la atención a los detalles en textos informativos, como horarios y procedimientos. Se recomienda subrayar o tomar notas de fechas, horas y pasos a seguir mientras se lee.','2025-06-15 00:35:45','2025-06-15 00:35:45'),(21,10,'Reforzar el conocimiento de estructuras gramaticales, especialmente condicionales y el uso de adverbios de frecuencia. Realizar ejercicios específicos sobre estos temas puede ser muy beneficioso.','2025-06-15 00:35:45','2025-06-15 00:35:45'),(22,10,'Desarrollar estrategias para identificar el tono y la intención en anuncios y conversaciones. Escuchar una variedad de anuncios públicos y practicar identificando el tono puede ayudar.','2025-06-15 00:35:45','2025-06-15 00:35:45'),(23,10,'Para mejorar en la sección de LISTENING, se recomienda practicar con materiales auténticos, como anuncios de aeropuertos y conversaciones de negocios. Un buen recurso es el canal de YouTube \'TOEIC Listening Practice\', que ofrece ejercicios similares a los del examen.','2025-06-15 00:35:45','2025-06-15 00:35:45');
/*!40000 ALTER TABLE `recommendations` ENABLE KEYS */;
UNLOCK TABLES;

--
-- Table structure for table `strengths`
--

DROP TABLE IF EXISTS `strengths`;
/*!40101 SET @saved_cs_client     = @@character_set_client */;
/*!50503 SET character_set_client = utf8mb4 */;
CREATE TABLE `strengths` (
  `pk_strength` int NOT NULL AUTO_INCREMENT,
  `test_fk` int NOT NULL,
  `strength_text` text COLLATE utf8mb4_general_ci NOT NULL,
  `created_at` datetime DEFAULT CURRENT_TIMESTAMP,
  `updated_at` datetime DEFAULT CURRENT_TIMESTAMP ON UPDATE CURRENT_TIMESTAMP,
  PRIMARY KEY (`pk_strength`),
  KEY `idx_test_fk` (`test_fk`),
  CONSTRAINT `strengths_ibfk_1` FOREIGN KEY (`test_fk`) REFERENCES `tests` (`pk_test`)
) ENGINE=InnoDB AUTO_INCREMENT=18 DEFAULT CHARSET=utf8mb4 COLLATE=utf8mb4_general_ci;
/*!40101 SET character_set_client = @saved_cs_client */;

--
-- Dumping data for table `strengths`
--

LOCK TABLES `strengths` WRITE;
/*!40000 ALTER TABLE `strengths` DISABLE KEYS */;
INSERT INTO `strengths` VALUES (1,1,'The student demonstrates a strong understanding of complex texts and questions at the C1 and C2 levels, particularly in the areas of renewable energy and advanced grammar. Their ability to correctly answer questions about detailed and specific information, such as the challenges for renewable energy and the main benefit of a new battery, shows a high level of reading comprehension. Additionally, the student performs well in recognizing errors in sentences, indicating a solid grasp of English grammar rules.','2025-06-08 20:42:35','2025-06-08 20:42:35'),(2,2,'The student did not provide any answers, making it difficult to identify specific strengths. However, the fact that they attempted the test could indicate a willingness to engage with the material and a recognition of the importance of the TOEIC exam.','2025-06-08 21:22:27','2025-06-08 21:22:27'),(3,3,'The student demonstrated basic understanding in very simple listening comprehension tasks, such as identifying a common order at a café and recognizing the setting of a conversation. This indicates a foundational ability to grasp straightforward spoken English in familiar contexts.','2025-06-10 21:12:49','2025-06-10 21:12:49'),(4,4,'The student demonstrates a strong understanding of B1 and B2 level reading comprehension questions, as evidenced by their correct answers regarding Anna\'s actions with the wallet, Ms. Lee\'s business trip itinerary, and the company\'s PTO policy. They also performed well in listening comprehension, accurately answering questions about flight boarding procedures, a café order, and a business meeting confirmation. Their ability to grasp details from both written and spoken English at these levels is a significant strength.','2025-06-12 14:43:27','2025-06-12 14:43:27'),(5,5,'The student demonstrates a good understanding of intermediate-level English, particularly in answering questions correctly that are at the B1 level. For instance, they correctly identified that the library is closed on Sunday and accurately answered questions about renewable energy challenges and the recommendation for wireless earbuds. Their ability to grasp details from reading passages is a notable strength.','2025-06-12 16:29:22','2025-06-12 16:29:22'),(6,6,'The student demonstrates a strong ability to comprehend and answer questions accurately in both READING and LISTENING sections, particularly at the B1 and B2 levels. Their performance in understanding details from texts and conversations is notable, as evidenced by correct answers to questions about specific information, main ideas, and inferences. The student also shows proficiency in handling a variety of question types, including those requiring understanding of vocabulary in context and the ability to follow and interpret spoken English in different scenarios.','2025-06-14 22:36:47','2025-06-14 22:36:47'),(7,7,'The student demonstrated a good understanding of specific details in reading comprehension, such as correctly answering \'How did Peter contact Anna?\' with \'He called her.\' and \'Where did Anna and Peter meet?\' with \'At a café.\' This shows an ability to extract and recall specific information from a text.','2025-06-15 00:11:06','2025-06-15 00:11:06'),(8,7,'In the LISTENING section, the student correctly identified the tone of a speaker as \'Apologetic\' in a short talk, indicating an ability to understand nuances in spoken English.','2025-06-15 00:11:06','2025-06-15 00:11:06'),(9,8,'Ninguna Fortaleza a destacar','2025-06-15 00:18:55','2025-06-15 00:18:55'),(10,9,'El estudiante demostró comprensión en preguntas específicas de lectura, como identificar detalles en textos cortos, por ejemplo, acertó en preguntas sobre la ubicación de un objeto perdido y el destino de un viaje.','2025-06-15 00:28:19','2025-06-15 00:28:19'),(11,9,'En la sección de LISTENING, el estudiante mostró habilidad para captar el tono de un anuncio y detalles específicos ofrecidos a los pasajeros, como compensaciones por retrasos.','2025-06-15 00:28:19','2025-06-15 00:28:19'),(12,9,'El estudiante fue capaz de identificar correctamente el propósito de llamadas y conversaciones en la sección de LISTENING, demostrando comprensión auditiva en contextos específicos.','2025-06-15 00:28:19','2025-06-15 00:28:19'),(13,10,'El estudiante demostró una buena comprensión de textos relacionados con energía renovable, identificando correctamente que las energías renovables podrían superar el 50% de la producción global en la próxima década, que el sector de la energía solar es el de más rápido crecimiento y que el almacenamiento de energía sigue siendo un desafío.','2025-06-15 00:35:45','2025-06-15 00:35:45'),(14,10,'En la sección de comprensión de lectura, el estudiante fue capaz de identificar correctamente detalles específicos sobre horarios de bibliotecas y servicios nuevos, como talleres de fin de semana y horarios de apertura los sábados.','2025-06-15 00:35:45','2025-06-15 00:35:45'),(15,10,'El estudiante mostró habilidad para entender itinerarios de viaje de negocios, identificando correctamente el destino del viaje y con quién se almorzaría en un día específico.','2025-06-15 00:35:45','2025-06-15 00:35:45'),(16,10,'En preguntas de gramática, el estudiante demostró un buen manejo de tiempos verbales, eligiendo correctamente \'goes\' y \'bought\' en oraciones incompletas.','2025-06-15 00:35:45','2025-06-15 00:35:45'),(17,10,'El estudiante identificó correctamente el tono de un anuncio de aeropuerto como \'apologetic\' y entendió que los pasajeros eran invitados a disfrutar de refrescos gratuitos debido a un retraso.','2025-06-15 00:35:45','2025-06-15 00:35:45');
/*!40000 ALTER TABLE `strengths` ENABLE KEYS */;
UNLOCK TABLES;

--
-- Table structure for table `study_materials`
--

DROP TABLE IF EXISTS `study_materials`;
/*!40101 SET @saved_cs_client     = @@character_set_client */;
/*!50503 SET character_set_client = utf8mb4 */;
CREATE TABLE `study_materials` (
  `pk_studymaterial` int NOT NULL AUTO_INCREMENT,
  `studymaterial_title` varchar(250) COLLATE utf8mb4_general_ci NOT NULL,
  `studymaterial_desc` text COLLATE utf8mb4_general_ci,
  `studymaterial_type` varchar(20) COLLATE utf8mb4_general_ci DEFAULT NULL,
  `studymaterial_url` varchar(255) COLLATE utf8mb4_general_ci DEFAULT NULL,
  `level_fk` int NOT NULL,
  `studymaterial_tags` varchar(200) COLLATE utf8mb4_general_ci DEFAULT NULL,
  `created_at` datetime DEFAULT CURRENT_TIMESTAMP,
  PRIMARY KEY (`pk_studymaterial`),
  KEY `idx_level_fk` (`level_fk`),
  KEY `idx_title` (`studymaterial_title`),
  KEY `idx_tags` (`studymaterial_tags`),
  CONSTRAINT `study_materials_ibfk_1` FOREIGN KEY (`level_fk`) REFERENCES `mcer_level` (`pk_level`)
) ENGINE=InnoDB AUTO_INCREMENT=2 DEFAULT CHARSET=utf8mb4 COLLATE=utf8mb4_general_ci;
/*!40101 SET character_set_client = @saved_cs_client */;

--
-- Dumping data for table `study_materials`
--

LOCK TABLES `study_materials` WRITE;
/*!40000 ALTER TABLE `study_materials` DISABLE KEYS */;
INSERT INTO `study_materials` VALUES (1,'Material Test','test de material','PDF','https://storage.googleapis.com/necdiagnostics-bucket/f8ba9de0-0cbe-4647-b9f7-2f88d98dbc58-Bitacora_del_Proyecto_de_Tesis_NECDiagnostics.pdf',2,'PDF, BITACORA','2025-05-28 21:56:25');
/*!40000 ALTER TABLE `study_materials` ENABLE KEYS */;
UNLOCK TABLES;

--
-- Table structure for table `test_comments`
--

DROP TABLE IF EXISTS `test_comments`;
/*!40101 SET @saved_cs_client     = @@character_set_client */;
/*!50503 SET character_set_client = utf8mb4 */;
CREATE TABLE `test_comments` (
  `pk_comment` int NOT NULL AUTO_INCREMENT,
  `comment_title` varchar(100) COLLATE utf8mb4_general_ci DEFAULT NULL,
  `comment_value` text COLLATE utf8mb4_general_ci,
  `user_fk` int DEFAULT NULL,
  `test_fk` int DEFAULT NULL,
  `created_at` datetime DEFAULT CURRENT_TIMESTAMP,
  `updated_at` datetime DEFAULT CURRENT_TIMESTAMP ON UPDATE CURRENT_TIMESTAMP,
  PRIMARY KEY (`pk_comment`),
  KEY `idx_user_fk` (`user_fk`),
  KEY `idx_test_fk` (`test_fk`),
  CONSTRAINT `test_comments_ibfk_1` FOREIGN KEY (`user_fk`) REFERENCES `users` (`pk_user`),
  CONSTRAINT `test_comments_ibfk_2` FOREIGN KEY (`test_fk`) REFERENCES `tests` (`pk_test`)
) ENGINE=InnoDB DEFAULT CHARSET=utf8mb4 COLLATE=utf8mb4_general_ci;
/*!40101 SET character_set_client = @saved_cs_client */;

--
-- Dumping data for table `test_comments`
--

LOCK TABLES `test_comments` WRITE;
/*!40000 ALTER TABLE `test_comments` DISABLE KEYS */;
/*!40000 ALTER TABLE `test_comments` ENABLE KEYS */;
UNLOCK TABLES;

--
-- Table structure for table `test_details`
--

DROP TABLE IF EXISTS `test_details`;
/*!40101 SET @saved_cs_client     = @@character_set_client */;
/*!50503 SET character_set_client = utf8mb4 */;
CREATE TABLE `test_details` (
  `pk_testdetail` int NOT NULL AUTO_INCREMENT,
  `test_fk` int NOT NULL,
  `title_fk` int NOT NULL,
  `question_fk` int DEFAULT NULL,
  `answer_fk` int DEFAULT NULL,
  `created_at` datetime DEFAULT CURRENT_TIMESTAMP,
  `updated_at` datetime DEFAULT CURRENT_TIMESTAMP ON UPDATE CURRENT_TIMESTAMP,
  `ai_comments` text COLLATE utf8mb4_general_ci,
  PRIMARY KEY (`pk_testdetail`),
  KEY `idx_test_fk` (`test_fk`),
  KEY `idx_question_fk` (`question_fk`),
  KEY `idx_answer_fk` (`answer_fk`),
  CONSTRAINT `test_details_ibfk_1` FOREIGN KEY (`test_fk`) REFERENCES `tests` (`pk_test`),
  CONSTRAINT `test_details_ibfk_2` FOREIGN KEY (`question_fk`) REFERENCES `questions` (`pk_question`),
  CONSTRAINT `test_details_ibfk_3` FOREIGN KEY (`answer_fk`) REFERENCES `answers` (`pk_answer`)
) ENGINE=InnoDB AUTO_INCREMENT=949 DEFAULT CHARSET=utf8mb4 COLLATE=utf8mb4_general_ci;
/*!40101 SET character_set_client = @saved_cs_client */;

--
-- Dumping data for table `test_details`
--

LOCK TABLES `test_details` WRITE;
/*!40000 ALTER TABLE `test_details` DISABLE KEYS */;
INSERT INTO `test_details` VALUES (1,1,14,266,274,'2025-06-08 20:21:23','2025-06-08 20:42:19',NULL),(2,1,14,267,279,'2025-06-08 20:21:23','2025-06-08 20:42:19',NULL),(3,1,14,265,270,'2025-06-08 20:21:23','2025-06-08 20:42:19',NULL),(4,1,14,264,267,'2025-06-08 20:21:23','2025-06-08 20:42:19',NULL),(5,1,8,242,179,'2025-06-08 20:21:23','2025-06-08 20:42:19',NULL),(6,1,8,241,174,'2025-06-08 20:21:23','2025-06-08 20:42:19',NULL),(7,1,8,240,170,'2025-06-08 20:21:23','2025-06-08 20:42:19',NULL),(8,1,8,243,182,'2025-06-08 20:21:23','2025-06-08 20:42:19',NULL),(9,1,16,273,301,'2025-06-08 20:21:23','2025-06-08 20:42:19',NULL),(10,1,16,274,305,'2025-06-08 20:21:23','2025-06-08 20:42:19',NULL),(11,1,16,272,298,'2025-06-08 20:21:23','2025-06-08 20:42:19',NULL),(12,1,16,275,310,'2025-06-08 20:21:23','2025-06-08 20:42:19',NULL),(13,1,20,292,373,'2025-06-08 20:21:23','2025-06-08 20:42:19',NULL),(14,1,20,289,361,'2025-06-08 20:21:23','2025-06-08 20:42:19',NULL),(15,1,20,291,370,'2025-06-08 20:21:23','2025-06-08 20:42:19',NULL),(16,1,20,290,367,'2025-06-08 20:21:23','2025-06-08 20:42:19',NULL),(17,1,1,203,21,'2025-06-08 20:21:23','2025-06-08 20:42:19',NULL),(18,1,1,199,7,'2025-06-08 20:21:23','2025-06-08 20:42:19',NULL),(19,1,1,204,25,'2025-06-08 20:21:23','2025-06-08 20:42:19',NULL),(20,1,1,198,2,'2025-06-08 20:21:23','2025-06-08 20:42:19',NULL),(21,1,4,226,114,'2025-06-08 20:21:23','2025-06-08 20:42:19',NULL),(22,1,4,223,101,'2025-06-08 20:21:23','2025-06-08 20:42:19',NULL),(23,1,4,224,107,'2025-06-08 20:21:23','2025-06-08 20:42:19',NULL),(24,1,4,225,111,'2025-06-08 20:21:23','2025-06-08 20:42:19',NULL),(25,1,5,228,122,'2025-06-08 20:21:23','2025-06-08 20:42:19',NULL),(26,1,5,231,134,'2025-06-08 20:21:23','2025-06-08 20:42:19',NULL),(27,1,5,229,126,'2025-06-08 20:21:23','2025-06-08 20:42:19',NULL),(28,1,5,230,131,'2025-06-08 20:21:23','2025-06-08 20:42:19',NULL),(29,1,3,222,100,'2025-06-08 20:21:23','2025-06-08 20:42:19',NULL),(30,1,3,221,93,'2025-06-08 20:21:23','2025-06-08 20:42:19',NULL),(31,1,3,219,87,'2025-06-08 20:21:23','2025-06-08 20:42:19',NULL),(32,1,3,220,91,'2025-06-08 20:21:23','2025-06-08 20:42:19',NULL),(33,1,7,236,154,'2025-06-08 20:21:23','2025-06-08 20:42:19',NULL),(34,1,7,237,159,'2025-06-08 20:21:23','2025-06-08 20:42:19',NULL),(35,1,7,238,161,'2025-06-08 20:21:23','2025-06-08 20:42:19',NULL),(36,1,7,239,165,'2025-06-08 20:21:23','2025-06-08 20:42:19',NULL),(37,1,15,268,282,'2025-06-08 20:21:23','2025-06-08 20:42:19',NULL),(38,1,15,269,286,'2025-06-08 20:21:23','2025-06-08 20:42:19',NULL),(39,1,15,271,295,'2025-06-08 20:21:23','2025-06-08 20:42:19',NULL),(40,1,15,270,291,'2025-06-08 20:21:23','2025-06-08 20:42:19',NULL),(41,1,22,299,402,'2025-06-08 20:21:23','2025-06-08 20:42:19',NULL),(42,1,22,297,396,'2025-06-08 20:21:23','2025-06-08 20:42:19',NULL),(43,1,22,296,389,'2025-06-08 20:21:23','2025-06-08 20:42:19',NULL),(44,1,22,298,397,'2025-06-08 20:21:23','2025-06-08 20:42:19',NULL),(45,1,12,259,246,'2025-06-08 20:21:23','2025-06-08 20:42:19',NULL),(46,1,12,257,238,'2025-06-08 20:21:23','2025-06-08 20:42:19',NULL),(47,1,12,256,234,'2025-06-08 20:21:23','2025-06-08 20:42:19',NULL),(48,1,12,258,243,'2025-06-08 20:21:23','2025-06-08 20:42:19',NULL),(49,2,15,270,NULL,'2025-06-08 21:21:29','2025-06-08 21:21:29',NULL),(50,2,15,271,NULL,'2025-06-08 21:21:29','2025-06-08 21:21:29',NULL),(51,2,15,268,NULL,'2025-06-08 21:21:29','2025-06-08 21:21:29',NULL),(52,2,15,269,NULL,'2025-06-08 21:21:29','2025-06-08 21:21:29',NULL),(53,2,6,235,NULL,'2025-06-08 21:21:29','2025-06-08 21:21:29',NULL),(54,2,6,234,NULL,'2025-06-08 21:21:29','2025-06-08 21:21:29',NULL),(55,2,6,232,NULL,'2025-06-08 21:21:29','2025-06-08 21:21:29',NULL),(56,2,6,233,NULL,'2025-06-08 21:21:29','2025-06-08 21:21:29',NULL),(57,2,3,222,NULL,'2025-06-08 21:21:29','2025-06-08 21:21:29',NULL),(58,2,3,221,NULL,'2025-06-08 21:21:29','2025-06-08 21:21:29',NULL),(59,2,3,219,NULL,'2025-06-08 21:21:29','2025-06-08 21:21:29',NULL),(60,2,3,220,NULL,'2025-06-08 21:21:29','2025-06-08 21:21:29',NULL),(61,2,12,256,NULL,'2025-06-08 21:21:29','2025-06-08 21:21:29',NULL),(62,2,12,258,NULL,'2025-06-08 21:21:29','2025-06-08 21:21:29',NULL),(63,2,12,257,NULL,'2025-06-08 21:21:29','2025-06-08 21:21:29',NULL),(64,2,12,259,NULL,'2025-06-08 21:21:29','2025-06-08 21:21:29',NULL),(65,2,14,267,NULL,'2025-06-08 21:21:29','2025-06-08 21:21:29',NULL),(66,2,14,266,NULL,'2025-06-08 21:21:29','2025-06-08 21:21:29',NULL),(67,2,14,265,NULL,'2025-06-08 21:21:29','2025-06-08 21:21:29',NULL),(68,2,14,264,NULL,'2025-06-08 21:21:29','2025-06-08 21:21:29',NULL),(69,2,2,210,NULL,'2025-06-08 21:21:29','2025-06-08 21:21:29',NULL),(70,2,2,209,NULL,'2025-06-08 21:21:29','2025-06-08 21:21:29',NULL),(71,2,2,212,NULL,'2025-06-08 21:21:29','2025-06-08 21:21:29',NULL),(72,2,2,214,NULL,'2025-06-08 21:21:29','2025-06-08 21:21:29',NULL),(73,2,22,297,NULL,'2025-06-08 21:21:29','2025-06-08 21:21:29',NULL),(74,2,22,298,NULL,'2025-06-08 21:21:29','2025-06-08 21:21:29',NULL),(75,2,22,296,NULL,'2025-06-08 21:21:29','2025-06-08 21:21:29',NULL),(76,2,22,299,NULL,'2025-06-08 21:21:29','2025-06-08 21:21:29',NULL),(77,2,18,283,NULL,'2025-06-08 21:21:29','2025-06-08 21:21:29',NULL),(78,2,18,281,NULL,'2025-06-08 21:21:29','2025-06-08 21:21:29',NULL),(79,2,18,280,NULL,'2025-06-08 21:21:29','2025-06-08 21:21:29',NULL),(80,2,18,282,NULL,'2025-06-08 21:21:29','2025-06-08 21:21:29',NULL),(81,2,13,262,NULL,'2025-06-08 21:21:29','2025-06-08 21:21:29',NULL),(82,2,13,260,NULL,'2025-06-08 21:21:29','2025-06-08 21:21:29',NULL),(83,2,13,261,NULL,'2025-06-08 21:21:29','2025-06-08 21:21:29',NULL),(84,2,13,263,NULL,'2025-06-08 21:21:29','2025-06-08 21:21:29',NULL),(85,2,17,278,NULL,'2025-06-08 21:21:29','2025-06-08 21:21:29',NULL),(86,2,17,276,NULL,'2025-06-08 21:21:29','2025-06-08 21:21:29',NULL),(87,2,17,279,NULL,'2025-06-08 21:21:29','2025-06-08 21:21:29',NULL),(88,2,17,277,NULL,'2025-06-08 21:21:29','2025-06-08 21:21:29',NULL),(89,2,1,204,NULL,'2025-06-08 21:21:29','2025-06-08 21:21:29',NULL),(90,2,1,202,NULL,'2025-06-08 21:21:29','2025-06-08 21:21:29',NULL),(91,2,1,205,NULL,'2025-06-08 21:21:29','2025-06-08 21:21:29',NULL),(92,2,1,200,NULL,'2025-06-08 21:21:29','2025-06-08 21:21:29',NULL),(93,2,9,246,NULL,'2025-06-08 21:21:29','2025-06-08 21:21:29',NULL),(94,2,9,245,NULL,'2025-06-08 21:21:29','2025-06-08 21:21:29',NULL),(95,2,9,247,NULL,'2025-06-08 21:21:29','2025-06-08 21:21:29',NULL),(96,2,9,244,NULL,'2025-06-08 21:21:29','2025-06-08 21:21:29',NULL),(97,3,20,289,NULL,'2025-06-10 21:06:48','2025-06-10 21:06:48',NULL),(98,3,20,290,NULL,'2025-06-10 21:06:48','2025-06-10 21:06:48',NULL),(99,3,20,292,NULL,'2025-06-10 21:06:48','2025-06-10 21:06:48',NULL),(100,3,20,291,NULL,'2025-06-10 21:06:48','2025-06-10 21:06:48',NULL),(101,3,4,227,NULL,'2025-06-10 21:06:48','2025-06-10 21:06:48',NULL),(102,3,4,224,NULL,'2025-06-10 21:06:48','2025-06-10 21:06:48',NULL),(103,3,4,226,NULL,'2025-06-10 21:06:48','2025-06-10 21:06:48',NULL),(104,3,4,225,NULL,'2025-06-10 21:06:48','2025-06-10 21:06:48',NULL),(105,3,17,279,NULL,'2025-06-10 21:06:48','2025-06-10 21:06:48',NULL),(106,3,17,278,NULL,'2025-06-10 21:06:48','2025-06-10 21:06:48',NULL),(107,3,17,277,NULL,'2025-06-10 21:06:48','2025-06-10 21:06:48',NULL),(108,3,17,276,NULL,'2025-06-10 21:06:48','2025-06-10 21:06:48',NULL),(109,3,18,283,NULL,'2025-06-10 21:06:48','2025-06-10 21:06:48',NULL),(110,3,18,280,NULL,'2025-06-10 21:06:48','2025-06-10 21:06:48',NULL),(111,3,18,281,NULL,'2025-06-10 21:06:48','2025-06-10 21:06:48',NULL),(112,3,18,282,NULL,'2025-06-10 21:06:48','2025-06-10 21:06:48',NULL),(113,3,6,232,NULL,'2025-06-10 21:06:48','2025-06-10 21:06:48',NULL),(114,3,6,233,NULL,'2025-06-10 21:06:48','2025-06-10 21:06:48',NULL),(115,3,6,234,NULL,'2025-06-10 21:06:48','2025-06-10 21:06:48',NULL),(116,3,6,235,NULL,'2025-06-10 21:06:48','2025-06-10 21:06:48',NULL),(117,3,5,229,NULL,'2025-06-10 21:06:48','2025-06-10 21:06:48',NULL),(118,3,5,228,NULL,'2025-06-10 21:06:48','2025-06-10 21:06:48',NULL),(119,3,5,231,NULL,'2025-06-10 21:06:48','2025-06-10 21:06:48',NULL),(120,3,5,230,NULL,'2025-06-10 21:06:48','2025-06-10 21:06:48',NULL),(121,3,14,267,NULL,'2025-06-10 21:06:48','2025-06-10 21:06:48',NULL),(122,3,14,266,NULL,'2025-06-10 21:06:48','2025-06-10 21:06:48',NULL),(123,3,14,265,NULL,'2025-06-10 21:06:48','2025-06-10 21:06:48',NULL),(124,3,14,264,NULL,'2025-06-10 21:06:48','2025-06-10 21:06:48',NULL),(125,3,19,286,NULL,'2025-06-10 21:06:48','2025-06-10 21:06:48',NULL),(126,3,19,287,NULL,'2025-06-10 21:06:48','2025-06-10 21:06:48',NULL),(127,3,19,288,NULL,'2025-06-10 21:06:48','2025-06-10 21:06:48',NULL),(128,3,19,285,NULL,'2025-06-10 21:06:48','2025-06-10 21:06:48',NULL),(129,3,3,220,NULL,'2025-06-10 21:06:48','2025-06-10 21:06:48',NULL),(130,3,3,218,NULL,'2025-06-10 21:06:48','2025-06-10 21:06:48',NULL),(131,3,3,219,NULL,'2025-06-10 21:06:48','2025-06-10 21:06:48',NULL),(132,3,3,221,NULL,'2025-06-10 21:06:48','2025-06-10 21:06:48',NULL),(133,3,8,243,NULL,'2025-06-10 21:06:48','2025-06-10 21:06:48',NULL),(134,3,8,241,NULL,'2025-06-10 21:06:48','2025-06-10 21:06:48',NULL),(135,3,8,242,NULL,'2025-06-10 21:06:48','2025-06-10 21:06:48',NULL),(136,3,8,240,NULL,'2025-06-10 21:06:48','2025-06-10 21:06:48',NULL),(137,3,10,251,NULL,'2025-06-10 21:06:48','2025-06-10 21:06:48',NULL),(138,3,10,248,NULL,'2025-06-10 21:06:48','2025-06-10 21:06:48',NULL),(139,3,10,249,NULL,'2025-06-10 21:06:48','2025-06-10 21:06:48',NULL),(140,3,10,250,NULL,'2025-06-10 21:06:48','2025-06-10 21:06:48',NULL),(141,3,22,297,NULL,'2025-06-10 21:06:48','2025-06-10 21:06:48',NULL),(142,3,22,299,NULL,'2025-06-10 21:06:48','2025-06-10 21:06:48',NULL),(143,3,22,298,NULL,'2025-06-10 21:06:48','2025-06-10 21:06:48',NULL),(144,3,22,296,NULL,'2025-06-10 21:06:48','2025-06-10 21:06:48',NULL),(145,3,29,321,NULL,'2025-06-10 21:06:48','2025-06-10 21:06:48',NULL),(146,3,29,323,NULL,'2025-06-10 21:06:48','2025-06-10 21:06:48',NULL),(147,3,29,320,NULL,'2025-06-10 21:06:48','2025-06-10 21:06:48',NULL),(148,3,29,322,NULL,'2025-06-10 21:06:48','2025-06-10 21:06:48',NULL),(149,3,27,314,462,'2025-06-10 21:06:48','2025-06-10 21:12:31',NULL),(150,3,27,313,458,'2025-06-10 21:06:48','2025-06-10 21:12:31',NULL),(151,3,27,312,454,'2025-06-10 21:06:48','2025-06-10 21:12:31',NULL),(152,3,27,315,465,'2025-06-10 21:06:48','2025-06-10 21:12:31',NULL),(153,3,28,316,469,'2025-06-10 21:06:48','2025-06-10 21:12:31',NULL),(154,3,28,319,481,'2025-06-10 21:06:48','2025-06-10 21:12:31',NULL),(155,3,28,318,478,'2025-06-10 21:06:48','2025-06-10 21:12:31',NULL),(156,3,28,317,474,'2025-06-10 21:06:48','2025-06-10 21:12:31',NULL),(157,4,3,218,84,'2025-06-12 14:18:10','2025-06-12 14:43:03',NULL),(158,4,3,222,97,'2025-06-12 14:18:10','2025-06-12 14:43:03',NULL),(159,4,3,221,93,'2025-06-12 14:18:10','2025-06-12 14:43:03',NULL),(160,4,3,219,86,'2025-06-12 14:18:10','2025-06-12 14:43:03',NULL),(161,4,11,254,226,'2025-06-12 14:18:10','2025-06-12 14:43:03',NULL),(162,4,11,255,230,'2025-06-12 14:18:10','2025-06-12 14:43:03',NULL),(163,4,11,252,219,'2025-06-12 14:18:10','2025-06-12 14:43:03',NULL),(164,4,11,253,222,'2025-06-12 14:18:10','2025-06-12 14:43:03',NULL),(165,4,17,278,323,'2025-06-12 14:18:10','2025-06-12 14:43:03',NULL),(166,4,17,277,319,'2025-06-12 14:18:10','2025-06-12 14:43:03',NULL),(167,4,17,279,327,'2025-06-12 14:18:10','2025-06-12 14:43:03',NULL),(168,4,17,276,314,'2025-06-12 14:18:10','2025-06-12 14:43:03',NULL),(169,4,1,207,39,'2025-06-12 14:18:10','2025-06-12 14:43:03',NULL),(170,4,1,206,33,'2025-06-12 14:18:10','2025-06-12 14:43:03',NULL),(171,4,1,205,29,'2025-06-12 14:18:10','2025-06-12 14:43:03',NULL),(172,4,1,202,17,'2025-06-12 14:18:10','2025-06-12 14:43:03',NULL),(173,4,16,273,301,'2025-06-12 14:18:10','2025-06-12 14:43:03',NULL),(174,4,16,274,305,'2025-06-12 14:18:10','2025-06-12 14:43:03',NULL),(175,4,16,275,310,'2025-06-12 14:18:10','2025-06-12 14:43:03',NULL),(176,4,16,272,298,'2025-06-12 14:18:10','2025-06-12 14:43:03',NULL),(177,4,6,232,139,'2025-06-12 14:18:10','2025-06-12 14:43:03',NULL),(178,4,6,234,146,'2025-06-12 14:18:10','2025-06-12 14:43:03',NULL),(179,4,6,233,143,'2025-06-12 14:18:10','2025-06-12 14:43:03',NULL),(180,4,6,235,152,'2025-06-12 14:18:10','2025-06-12 14:43:03',NULL),(181,4,22,298,397,'2025-06-12 14:18:10','2025-06-12 14:43:03',NULL),(182,4,22,297,396,'2025-06-12 14:18:10','2025-06-12 14:43:03',NULL),(183,4,22,296,389,'2025-06-12 14:18:10','2025-06-12 14:43:03',NULL),(184,4,22,299,402,'2025-06-12 14:18:10','2025-06-12 14:43:03',NULL),(185,4,2,213,61,'2025-06-12 14:18:10','2025-06-12 14:43:03',NULL),(186,4,2,215,69,'2025-06-12 14:18:10','2025-06-12 14:43:03',NULL),(187,4,2,212,60,'2025-06-12 14:18:10','2025-06-12 14:43:03',NULL),(188,4,2,209,48,'2025-06-12 14:18:10','2025-06-12 14:43:03',NULL),(189,4,19,286,349,'2025-06-12 14:18:10','2025-06-12 14:43:03',NULL),(190,4,19,285,348,'2025-06-12 14:18:10','2025-06-12 14:43:03',NULL),(191,4,19,288,357,'2025-06-12 14:18:10','2025-06-12 14:43:03',NULL),(192,4,19,287,354,'2025-06-12 14:18:10','2025-06-12 14:43:03',NULL),(193,4,4,227,117,'2025-06-12 14:18:10','2025-06-12 14:43:03',NULL),(194,4,4,223,101,'2025-06-12 14:18:10','2025-06-12 14:43:03',NULL),(195,4,4,224,107,'2025-06-12 14:18:10','2025-06-12 14:43:03',NULL),(196,4,4,226,113,'2025-06-12 14:18:10','2025-06-12 14:43:03',NULL),(197,4,7,237,159,'2025-06-12 14:18:10','2025-06-12 14:43:03',NULL),(198,4,7,236,154,'2025-06-12 14:18:10','2025-06-12 14:43:03',NULL),(199,4,7,238,161,'2025-06-12 14:18:10','2025-06-12 14:43:03',NULL),(200,4,7,239,165,'2025-06-12 14:18:10','2025-06-12 14:43:03',NULL),(201,4,15,268,282,'2025-06-12 14:18:10','2025-06-12 14:43:03',NULL),(202,4,15,271,295,'2025-06-12 14:18:10','2025-06-12 14:43:03',NULL),(203,4,15,269,286,'2025-06-12 14:18:10','2025-06-12 14:43:03',NULL),(204,4,15,270,291,'2025-06-12 14:18:10','2025-06-12 14:43:03',NULL),(205,4,28,317,475,'2025-06-12 14:18:10','2025-06-12 14:43:03',NULL),(206,4,28,316,471,'2025-06-12 14:18:10','2025-06-12 14:43:03',NULL),(207,4,28,319,483,'2025-06-12 14:18:10','2025-06-12 14:43:03',NULL),(208,4,28,318,477,'2025-06-12 14:18:10','2025-06-12 14:43:03',NULL),(209,4,27,314,464,'2025-06-12 14:18:10','2025-06-12 14:43:03',NULL),(210,4,27,313,458,'2025-06-12 14:18:10','2025-06-12 14:43:03',NULL),(211,4,27,312,454,'2025-06-12 14:18:10','2025-06-12 14:43:03',NULL),(212,4,27,315,466,'2025-06-12 14:18:10','2025-06-12 14:43:03',NULL),(213,4,29,323,499,'2025-06-12 14:18:10','2025-06-12 14:43:03',NULL),(214,4,29,321,491,'2025-06-12 14:18:10','2025-06-12 14:43:03',NULL),(215,4,29,322,493,'2025-06-12 14:18:10','2025-06-12 14:43:03',NULL),(216,4,29,320,486,'2025-06-12 14:18:10','2025-06-12 14:43:03',NULL),(217,5,4,223,101,'2025-06-12 16:25:16','2025-06-12 16:29:07',NULL),(218,5,4,226,115,'2025-06-12 16:25:16','2025-06-12 16:29:07',NULL),(219,5,4,225,110,'2025-06-12 16:25:16','2025-06-12 16:29:07',NULL),(220,5,4,224,105,'2025-06-12 16:25:16','2025-06-12 16:29:07',NULL),(221,5,10,248,201,'2025-06-12 16:25:16','2025-06-12 16:29:07',NULL),(222,5,10,250,209,'2025-06-12 16:25:16','2025-06-12 16:29:07',NULL),(223,5,10,251,215,'2025-06-12 16:25:16','2025-06-12 16:29:07',NULL),(224,5,10,249,207,'2025-06-12 16:25:16','2025-06-12 16:29:07',NULL),(225,5,6,232,137,'2025-06-12 16:25:16','2025-06-12 16:29:07',NULL),(226,5,6,235,151,'2025-06-12 16:25:16','2025-06-12 16:29:07',NULL),(227,5,6,233,142,'2025-06-12 16:25:16','2025-06-12 16:29:07',NULL),(228,5,6,234,147,'2025-06-12 16:25:16','2025-06-12 16:29:07',NULL),(229,5,19,288,359,'2025-06-12 16:25:16','2025-06-12 16:29:07',NULL),(230,5,19,286,352,'2025-06-12 16:25:16','2025-06-12 16:29:07',NULL),(231,5,19,287,355,'2025-06-12 16:25:16','2025-06-12 16:29:07',NULL),(232,5,19,285,347,'2025-06-12 16:25:16','2025-06-12 16:29:07',NULL),(233,5,22,299,402,'2025-06-12 16:25:16','2025-06-12 16:29:07',NULL),(234,5,22,298,400,'2025-06-12 16:25:16','2025-06-12 16:29:07',NULL),(235,5,22,297,394,'2025-06-12 16:25:16','2025-06-12 16:29:07',NULL),(236,5,22,296,390,'2025-06-12 16:25:16','2025-06-12 16:29:07',NULL),(237,5,16,272,297,'2025-06-12 16:25:16','2025-06-12 16:29:07',NULL),(238,5,16,273,302,'2025-06-12 16:25:16','2025-06-12 16:29:07',NULL),(239,5,16,275,311,'2025-06-12 16:25:16','2025-06-12 16:29:07',NULL),(240,5,16,274,305,'2025-06-12 16:25:16','2025-06-12 16:29:07',NULL),(241,5,5,229,128,'2025-06-12 16:25:16','2025-06-12 16:29:07',NULL),(242,5,5,231,133,'2025-06-12 16:25:16','2025-06-12 16:29:07',NULL),(243,5,5,228,123,'2025-06-12 16:25:16','2025-06-12 16:29:07',NULL),(244,5,5,230,130,'2025-06-12 16:25:16','2025-06-12 16:29:07',NULL),(245,5,3,218,81,'2025-06-12 16:25:16','2025-06-12 16:29:07',NULL),(246,5,3,222,97,'2025-06-12 16:25:16','2025-06-12 16:29:07',NULL),(247,5,3,220,89,'2025-06-12 16:25:16','2025-06-12 16:29:07',NULL),(248,5,3,219,86,'2025-06-12 16:25:16','2025-06-12 16:29:07',NULL),(249,5,12,257,237,'2025-06-12 16:25:16','2025-06-12 16:29:07',NULL),(250,5,12,256,233,'2025-06-12 16:25:16','2025-06-12 16:29:07',NULL),(251,5,12,259,247,'2025-06-12 16:25:16','2025-06-12 16:29:07',NULL),(252,5,12,258,244,'2025-06-12 16:25:16','2025-06-12 16:29:07',NULL),(253,5,14,266,274,'2025-06-12 16:25:16','2025-06-12 16:29:07',NULL),(254,5,14,267,277,'2025-06-12 16:25:16','2025-06-12 16:29:07',NULL),(255,5,14,264,267,'2025-06-12 16:25:16','2025-06-12 16:29:07',NULL),(256,5,14,265,271,'2025-06-12 16:25:16','2025-06-12 16:29:07',NULL),(257,5,15,269,287,'2025-06-12 16:25:16','2025-06-12 16:29:07',NULL),(258,5,15,268,282,'2025-06-12 16:25:16','2025-06-12 16:29:07',NULL),(259,5,15,271,294,'2025-06-12 16:25:16','2025-06-12 16:29:07',NULL),(260,5,15,270,292,'2025-06-12 16:25:16','2025-06-12 16:29:07',NULL),(261,5,9,247,198,'2025-06-12 16:25:16','2025-06-12 16:29:07',NULL),(262,5,9,245,191,'2025-06-12 16:25:16','2025-06-12 16:29:07',NULL),(263,5,9,244,185,'2025-06-12 16:25:16','2025-06-12 16:29:07',NULL),(264,5,9,246,196,'2025-06-12 16:25:16','2025-06-12 16:29:07',NULL),(265,5,27,313,460,'2025-06-12 16:25:16','2025-06-12 16:29:07',NULL),(266,5,27,315,467,'2025-06-12 16:25:16','2025-06-12 16:29:07',NULL),(267,5,27,314,463,'2025-06-12 16:25:16','2025-06-12 16:29:07',NULL),(268,5,27,312,454,'2025-06-12 16:25:16','2025-06-12 16:29:07',NULL),(269,5,29,322,495,'2025-06-12 16:25:16','2025-06-12 16:29:07',NULL),(270,5,29,320,488,'2025-06-12 16:25:16','2025-06-12 16:29:07',NULL),(271,5,29,323,498,'2025-06-12 16:25:16','2025-06-12 16:29:07',NULL),(272,5,29,321,491,'2025-06-12 16:25:16','2025-06-12 16:29:07',NULL),(273,5,28,316,469,'2025-06-12 16:25:16','2025-06-12 16:29:07',NULL),(274,5,28,319,484,'2025-06-12 16:25:16','2025-06-12 16:29:07',NULL),(275,5,28,317,475,'2025-06-12 16:25:16','2025-06-12 16:29:07',NULL),(276,5,28,318,480,'2025-06-12 16:25:16','2025-06-12 16:29:07',NULL),(277,6,11,254,226,'2025-06-14 22:02:32','2025-06-14 22:36:31',NULL),(278,6,11,255,230,'2025-06-14 22:02:32','2025-06-14 22:36:31',NULL),(279,6,11,253,222,'2025-06-14 22:02:32','2025-06-14 22:36:31',NULL),(280,6,11,252,219,'2025-06-14 22:02:32','2025-06-14 22:36:31',NULL),(281,6,7,239,165,'2025-06-14 22:02:32','2025-06-14 22:36:31',NULL),(282,6,7,237,159,'2025-06-14 22:02:32','2025-06-14 22:36:31',NULL),(283,6,7,238,161,'2025-06-14 22:02:32','2025-06-14 22:36:31',NULL),(284,6,7,236,154,'2025-06-14 22:02:32','2025-06-14 22:36:31',NULL),(285,6,10,250,210,'2025-06-14 22:02:32','2025-06-14 22:36:31',NULL),(286,6,10,251,215,'2025-06-14 22:02:32','2025-06-14 22:36:31',NULL),(287,6,10,248,202,'2025-06-14 22:02:32','2025-06-14 22:36:31',NULL),(288,6,10,249,206,'2025-06-14 22:02:32','2025-06-14 22:36:31',NULL),(289,6,6,234,146,'2025-06-14 22:02:32','2025-06-14 22:36:31',NULL),(290,6,6,233,143,'2025-06-14 22:02:32','2025-06-14 22:36:31',NULL),(291,6,6,232,139,'2025-06-14 22:02:32','2025-06-14 22:36:31',NULL),(292,6,6,235,150,'2025-06-14 22:02:32','2025-06-14 22:36:31',NULL),(293,6,1,201,14,'2025-06-14 22:02:32','2025-06-14 22:36:31',NULL),(294,6,1,198,2,'2025-06-14 22:02:32','2025-06-14 22:36:31',NULL),(295,6,1,203,21,'2025-06-14 22:02:32','2025-06-14 22:36:31',NULL),(296,6,1,202,20,'2025-06-14 22:02:32','2025-06-14 22:36:31',NULL),(297,6,19,285,348,'2025-06-14 22:02:32','2025-06-14 22:36:31',NULL),(298,6,19,286,350,'2025-06-14 22:02:32','2025-06-14 22:36:31',NULL),(299,6,19,288,358,'2025-06-14 22:02:32','2025-06-14 22:36:31',NULL),(300,6,19,287,354,'2025-06-14 22:02:32','2025-06-14 22:36:31',NULL),(301,6,15,268,282,'2025-06-14 22:02:32','2025-06-14 22:36:31',NULL),(302,6,15,271,295,'2025-06-14 22:02:32','2025-06-14 22:36:31',NULL),(303,6,15,270,291,'2025-06-14 22:02:32','2025-06-14 22:36:31',NULL),(304,6,15,269,286,'2025-06-14 22:02:32','2025-06-14 22:36:31',NULL),(305,6,2,215,70,'2025-06-14 22:02:32','2025-06-14 22:36:31',NULL),(306,6,2,212,59,'2025-06-14 22:02:32','2025-06-14 22:36:31',NULL),(307,6,2,213,64,'2025-06-14 22:02:32','2025-06-14 22:36:31',NULL),(308,6,2,211,55,'2025-06-14 22:02:32','2025-06-14 22:36:31',NULL),(309,6,9,247,198,'2025-06-14 22:02:32','2025-06-14 22:36:31',NULL),(310,6,9,244,186,'2025-06-14 22:02:32','2025-06-14 22:36:31',NULL),(311,6,9,246,195,'2025-06-14 22:02:32','2025-06-14 22:36:31',NULL),(312,6,9,245,190,'2025-06-14 22:02:32','2025-06-14 22:36:31',NULL),(313,6,13,260,249,'2025-06-14 22:02:32','2025-06-14 22:36:31',NULL),(314,6,13,263,262,'2025-06-14 22:02:32','2025-06-14 22:36:31',NULL),(315,6,13,262,259,'2025-06-14 22:02:32','2025-06-14 22:36:31',NULL),(316,6,13,261,254,'2025-06-14 22:02:32','2025-06-14 22:36:31',NULL),(317,6,22,296,389,'2025-06-14 22:02:32','2025-06-14 22:36:31',NULL),(318,6,22,298,397,'2025-06-14 22:02:32','2025-06-14 22:36:31',NULL),(319,6,22,297,396,'2025-06-14 22:02:32','2025-06-14 22:36:31',NULL),(320,6,22,299,402,'2025-06-14 22:02:32','2025-06-14 22:36:31',NULL),(321,6,16,274,305,'2025-06-14 22:02:32','2025-06-14 22:36:31',NULL),(322,6,16,275,310,'2025-06-14 22:02:32','2025-06-14 22:36:31',NULL),(323,6,16,272,298,'2025-06-14 22:02:32','2025-06-14 22:36:31',NULL),(324,6,16,273,302,'2025-06-14 22:02:32','2025-06-14 22:36:31',NULL),(325,6,41,361,668,'2025-06-14 22:02:32','2025-06-14 22:36:31',NULL),(326,6,41,362,669,'2025-06-14 22:02:32','2025-06-14 22:36:31',NULL),(327,6,41,359,660,'2025-06-14 22:02:32','2025-06-14 22:36:31',NULL),(328,6,41,360,663,'2025-06-14 22:02:32','2025-06-14 22:36:31',NULL),(329,6,33,339,580,'2025-06-14 22:02:32','2025-06-14 22:36:31',NULL),(330,6,33,338,576,'2025-06-14 22:02:32','2025-06-14 22:36:31',NULL),(331,6,33,336,565,'2025-06-14 22:02:32','2025-06-14 22:36:31',NULL),(332,6,33,337,571,'2025-06-14 22:02:32','2025-06-14 22:36:31',NULL),(333,6,50,397,826,'2025-06-14 22:02:32','2025-06-14 22:36:31',NULL),(334,6,50,395,819,'2025-06-14 22:02:32','2025-06-14 22:36:31',NULL),(335,6,50,398,830,'2025-06-14 22:02:32','2025-06-14 22:36:31',NULL),(336,6,50,396,823,'2025-06-14 22:02:33','2025-06-14 22:36:31',NULL),(337,6,34,342,592,'2025-06-14 22:02:33','2025-06-14 22:36:31',NULL),(338,6,34,341,587,'2025-06-14 22:02:33','2025-06-14 22:36:31',NULL),(339,6,34,343,593,'2025-06-14 22:02:33','2025-06-14 22:36:31',NULL),(340,6,34,340,581,'2025-06-14 22:02:33','2025-06-14 22:36:31',NULL),(341,6,46,381,745,'2025-06-14 22:02:33','2025-06-14 22:36:31',NULL),(342,6,46,380,743,'2025-06-14 22:02:33','2025-06-14 22:36:31',NULL),(343,6,46,382,750,'2025-06-14 22:02:33','2025-06-14 22:36:31',NULL),(344,6,46,379,738,'2025-06-14 22:02:33','2025-06-14 22:36:31',NULL),(345,6,51,402,845,'2025-06-14 22:02:33','2025-06-14 22:36:31',NULL),(346,6,51,401,843,'2025-06-14 22:02:33','2025-06-14 22:36:31',NULL),(347,6,51,399,835,'2025-06-14 22:02:33','2025-06-14 22:36:31',NULL),(348,6,51,400,838,'2025-06-14 22:02:33','2025-06-14 22:36:31',NULL),(349,6,40,355,642,'2025-06-14 22:02:33','2025-06-14 22:36:31',NULL),(350,6,40,356,647,'2025-06-14 22:02:33','2025-06-14 22:36:31',NULL),(351,6,40,358,654,'2025-06-14 22:02:33','2025-06-14 22:36:31',NULL),(352,6,40,357,652,'2025-06-14 22:02:33','2025-06-14 22:36:31',NULL),(353,6,29,323,499,'2025-06-14 22:02:33','2025-06-14 22:36:31',NULL),(354,6,29,322,493,'2025-06-14 22:02:33','2025-06-14 22:36:31',NULL),(355,6,29,321,491,'2025-06-14 22:02:33','2025-06-14 22:36:31',NULL),(356,6,29,320,486,'2025-06-14 22:02:33','2025-06-14 22:36:31',NULL),(357,6,44,371,707,'2025-06-14 22:02:33','2025-06-14 22:36:31',NULL),(358,6,44,373,713,'2025-06-14 22:02:33','2025-06-14 22:36:31',NULL),(359,6,44,372,711,'2025-06-14 22:02:33','2025-06-14 22:36:31',NULL),(360,6,44,374,720,'2025-06-14 22:02:33','2025-06-14 22:36:31',NULL),(361,6,30,325,507,'2025-06-14 22:02:33','2025-06-14 22:36:31',NULL),(362,6,30,324,502,'2025-06-14 22:02:33','2025-06-14 22:36:31',NULL),(363,6,30,326,510,'2025-06-14 22:02:33','2025-06-14 22:36:31',NULL),(364,6,30,327,515,'2025-06-14 22:02:33','2025-06-14 22:36:31',NULL),(365,6,43,369,697,'2025-06-14 22:02:33','2025-06-14 22:36:31',NULL),(366,6,43,367,690,'2025-06-14 22:02:33','2025-06-14 22:36:31',NULL),(367,6,43,370,701,'2025-06-14 22:02:33','2025-06-14 22:36:31',NULL),(368,6,43,368,696,'2025-06-14 22:02:33','2025-06-14 22:36:31',NULL),(369,6,48,390,798,'2025-06-14 22:02:33','2025-06-14 22:36:31',NULL),(370,6,48,389,796,'2025-06-14 22:02:33','2025-06-14 22:36:31',NULL),(371,6,48,387,785,'2025-06-14 22:02:33','2025-06-14 22:36:31',NULL),(372,6,48,388,789,'2025-06-14 22:02:33','2025-06-14 22:36:31',NULL),(373,7,17,278,321,'2025-06-14 23:16:20','2025-06-14 23:23:43',NULL),(374,7,17,279,326,'2025-06-14 23:16:20','2025-06-14 23:23:43',NULL),(375,7,17,276,313,'2025-06-14 23:16:20','2025-06-14 23:23:43',NULL),(376,7,17,277,317,'2025-06-14 23:16:20','2025-06-14 23:23:43',NULL),(377,7,7,238,161,'2025-06-14 23:16:20','2025-06-14 23:23:43',NULL),(378,7,7,237,157,'2025-06-14 23:16:20','2025-06-14 23:23:43',NULL),(379,7,7,236,153,'2025-06-14 23:16:20','2025-06-14 23:23:43',NULL),(380,7,7,239,165,'2025-06-14 23:16:20','2025-06-14 23:23:43',NULL),(381,7,20,289,361,'2025-06-14 23:16:20','2025-06-14 23:23:43',NULL),(382,7,20,290,367,'2025-06-14 23:16:20','2025-06-14 23:23:43',NULL),(383,7,20,291,371,'2025-06-14 23:16:20','2025-06-14 23:23:43',NULL),(384,7,20,292,374,'2025-06-14 23:16:20','2025-06-14 23:23:43',NULL),(385,7,16,272,298,'2025-06-14 23:16:20','2025-06-14 23:23:43',NULL),(386,7,16,275,309,'2025-06-14 23:16:20','2025-06-14 23:23:43',NULL),(387,7,16,273,301,'2025-06-14 23:16:20','2025-06-14 23:23:43',NULL),(388,7,16,274,305,'2025-06-14 23:16:20','2025-06-14 23:23:43',NULL),(389,7,5,230,129,'2025-06-14 23:16:20','2025-06-14 23:23:43',NULL),(390,7,5,229,125,'2025-06-14 23:16:20','2025-06-14 23:23:43',NULL),(391,7,5,228,121,'2025-06-14 23:16:20','2025-06-14 23:23:43',NULL),(392,7,5,231,133,'2025-06-14 23:16:20','2025-06-14 23:23:43',NULL),(393,7,11,254,226,'2025-06-14 23:16:20','2025-06-14 23:23:43',NULL),(394,7,11,252,217,'2025-06-14 23:16:20','2025-06-14 23:23:43',NULL),(395,7,11,253,221,'2025-06-14 23:16:20','2025-06-14 23:23:43',NULL),(396,7,11,255,230,'2025-06-14 23:16:20','2025-06-14 23:23:43',NULL),(397,7,8,243,181,'2025-06-14 23:16:20','2025-06-14 23:23:43',NULL),(398,7,8,240,170,'2025-06-14 23:16:20','2025-06-14 23:23:43',NULL),(399,7,8,241,173,'2025-06-14 23:16:20','2025-06-14 23:23:43',NULL),(400,7,8,242,177,'2025-06-14 23:16:20','2025-06-14 23:23:43',NULL),(401,7,22,296,390,'2025-06-14 23:16:20','2025-06-14 23:23:43',NULL),(402,7,22,299,403,'2025-06-14 23:16:20','2025-06-14 23:23:43',NULL),(403,7,22,297,395,'2025-06-14 23:16:20','2025-06-14 23:23:43',NULL),(404,7,22,298,399,'2025-06-14 23:16:20','2025-06-14 23:23:43',NULL),(405,7,1,200,10,'2025-06-14 23:16:20','2025-06-14 23:23:43',NULL),(406,7,1,206,34,'2025-06-14 23:16:20','2025-06-14 23:23:43',NULL),(407,7,1,205,30,'2025-06-14 23:16:20','2025-06-14 23:23:43',NULL),(408,7,1,198,2,'2025-06-14 23:16:20','2025-06-14 23:23:43',NULL),(409,7,13,261,256,'2025-06-14 23:16:20','2025-06-14 23:23:43',NULL),(410,7,13,262,259,'2025-06-14 23:16:20','2025-06-14 23:23:43',NULL),(411,7,13,263,261,'2025-06-14 23:16:20','2025-06-14 23:23:43',NULL),(412,7,13,260,250,'2025-06-14 23:16:20','2025-06-14 23:23:43',NULL),(413,7,18,281,334,'2025-06-14 23:16:20','2025-06-14 23:23:43',NULL),(414,7,18,282,337,'2025-06-14 23:16:20','2025-06-14 23:23:43',NULL),(415,7,18,283,342,'2025-06-14 23:16:20','2025-06-14 23:23:43',NULL),(416,7,18,280,329,'2025-06-14 23:16:20','2025-06-14 23:23:43',NULL),(417,7,9,244,185,'2025-06-14 23:16:20','2025-06-14 23:23:43',NULL),(418,7,9,246,195,'2025-06-14 23:16:20','2025-06-14 23:23:43',NULL),(419,7,9,245,190,'2025-06-14 23:16:20','2025-06-14 23:23:43',NULL),(420,7,9,247,200,'2025-06-14 23:16:20','2025-06-14 23:23:43',NULL),(421,7,33,338,575,'2025-06-14 23:16:20','2025-06-14 23:23:43',NULL),(422,7,33,339,577,'2025-06-14 23:16:20','2025-06-14 23:23:43',NULL),(423,7,33,336,565,'2025-06-14 23:16:20','2025-06-14 23:23:43',NULL),(424,7,33,337,570,'2025-06-14 23:16:20','2025-06-14 23:23:43',NULL),(425,7,38,347,609,'2025-06-14 23:16:20','2025-06-14 23:23:43',NULL),(426,7,38,349,617,'2025-06-14 23:16:20','2025-06-14 23:23:43',NULL),(427,7,38,350,621,'2025-06-14 23:16:20','2025-06-14 23:23:43',NULL),(428,7,38,348,613,'2025-06-14 23:16:20','2025-06-14 23:23:43',NULL),(429,7,49,392,806,'2025-06-14 23:16:20','2025-06-14 23:23:43',NULL),(430,7,49,394,813,'2025-06-14 23:16:20','2025-06-14 23:23:43',NULL),(431,7,49,393,809,'2025-06-14 23:16:20','2025-06-14 23:23:43',NULL),(432,7,49,391,803,'2025-06-14 23:16:20','2025-06-14 23:23:43',NULL),(433,7,31,331,529,'2025-06-14 23:16:20','2025-06-14 23:23:43',NULL),(434,7,31,328,517,'2025-06-14 23:16:20','2025-06-14 23:23:43',NULL),(435,7,31,330,528,'2025-06-14 23:16:20','2025-06-14 23:23:43',NULL),(436,7,31,329,522,'2025-06-14 23:16:20','2025-06-14 23:23:43',NULL),(437,7,46,380,741,'2025-06-14 23:16:20','2025-06-14 23:23:43',NULL),(438,7,46,381,745,'2025-06-14 23:16:20','2025-06-14 23:23:43',NULL),(439,7,46,382,751,'2025-06-14 23:16:20','2025-06-14 23:23:43',NULL),(440,7,46,379,737,'2025-06-14 23:16:20','2025-06-14 23:23:43',NULL),(441,7,48,388,789,'2025-06-14 23:16:20','2025-06-14 23:23:43',NULL),(442,7,48,389,793,'2025-06-14 23:16:20','2025-06-14 23:23:43',NULL),(443,7,48,387,788,'2025-06-14 23:16:20','2025-06-14 23:23:43',NULL),(444,7,48,390,798,'2025-06-14 23:16:20','2025-06-14 23:23:43',NULL),(445,7,42,363,673,'2025-06-14 23:16:20','2025-06-14 23:23:43',NULL),(446,7,42,364,679,'2025-06-14 23:16:20','2025-06-14 23:23:43',NULL),(447,7,42,365,684,'2025-06-14 23:16:20','2025-06-14 23:23:43',NULL),(448,7,42,366,685,'2025-06-14 23:16:20','2025-06-14 23:23:43',NULL),(449,7,39,351,626,'2025-06-14 23:16:20','2025-06-14 23:23:43',NULL),(450,7,39,352,631,'2025-06-14 23:16:20','2025-06-14 23:23:43',NULL),(451,7,39,353,634,'2025-06-14 23:16:20','2025-06-14 23:23:43',NULL),(452,7,39,354,637,'2025-06-14 23:16:20','2025-06-14 23:23:43',NULL),(453,7,30,325,507,'2025-06-14 23:16:20','2025-06-14 23:23:43',NULL),(454,7,30,327,513,'2025-06-14 23:16:20','2025-06-14 23:23:43',NULL),(455,7,30,324,501,'2025-06-14 23:16:20','2025-06-14 23:23:43',NULL),(456,7,30,326,511,'2025-06-14 23:16:20','2025-06-14 23:23:43',NULL),(457,7,32,335,551,'2025-06-14 23:16:20','2025-06-14 23:23:43',NULL),(458,7,32,334,554,'2025-06-14 23:16:20','2025-06-14 23:23:43',NULL),(459,7,32,332,561,'2025-06-14 23:16:20','2025-06-14 23:23:43',NULL),(460,7,32,333,557,'2025-06-14 23:16:20','2025-06-14 23:23:43',NULL),(461,7,41,359,657,'2025-06-14 23:16:20','2025-06-14 23:23:43',NULL),(462,7,41,362,670,'2025-06-14 23:16:20','2025-06-14 23:23:43',NULL),(463,7,41,360,661,'2025-06-14 23:16:20','2025-06-14 23:23:43',NULL),(464,7,41,361,666,'2025-06-14 23:16:20','2025-06-14 23:23:43',NULL),(465,7,34,342,589,'2025-06-14 23:16:20','2025-06-14 23:23:43',NULL),(466,7,34,343,593,'2025-06-14 23:16:20','2025-06-14 23:23:43',NULL),(467,7,34,341,585,'2025-06-14 23:16:20','2025-06-14 23:23:43',NULL),(468,7,34,340,581,'2025-06-14 23:16:20','2025-06-14 23:23:43',NULL),(469,8,12,259,NULL,'2025-06-15 00:17:33','2025-06-15 00:17:33',NULL),(470,8,12,258,NULL,'2025-06-15 00:17:33','2025-06-15 00:17:33',NULL),(471,8,12,256,NULL,'2025-06-15 00:17:33','2025-06-15 00:17:33',NULL),(472,8,12,257,NULL,'2025-06-15 00:17:33','2025-06-15 00:17:33',NULL),(473,8,10,249,NULL,'2025-06-15 00:17:33','2025-06-15 00:17:33',NULL),(474,8,10,248,NULL,'2025-06-15 00:17:33','2025-06-15 00:17:33',NULL),(475,8,10,251,NULL,'2025-06-15 00:17:33','2025-06-15 00:17:33',NULL),(476,8,10,250,NULL,'2025-06-15 00:17:33','2025-06-15 00:17:33',NULL),(477,8,16,275,NULL,'2025-06-15 00:17:33','2025-06-15 00:17:33',NULL),(478,8,16,274,NULL,'2025-06-15 00:17:33','2025-06-15 00:17:33',NULL),(479,8,16,273,NULL,'2025-06-15 00:17:33','2025-06-15 00:17:33',NULL),(480,8,16,272,NULL,'2025-06-15 00:17:33','2025-06-15 00:17:33',NULL),(481,8,22,298,398,'2025-06-15 00:17:33','2025-06-15 00:18:36',NULL),(482,8,22,297,394,'2025-06-15 00:17:33','2025-06-15 00:18:36',NULL),(483,8,22,296,390,'2025-06-15 00:17:33','2025-06-15 00:18:36',NULL),(484,8,22,299,404,'2025-06-15 00:17:33','2025-06-15 00:18:36',NULL),(485,8,6,233,NULL,'2025-06-15 00:17:33','2025-06-15 00:17:33',NULL),(486,8,6,234,NULL,'2025-06-15 00:17:33','2025-06-15 00:17:33',NULL),(487,8,6,235,NULL,'2025-06-15 00:17:33','2025-06-15 00:17:33',NULL),(488,8,6,232,NULL,'2025-06-15 00:17:33','2025-06-15 00:17:33',NULL),(489,8,1,204,NULL,'2025-06-15 00:17:33','2025-06-15 00:17:33',NULL),(490,8,1,206,NULL,'2025-06-15 00:17:33','2025-06-15 00:17:33',NULL),(491,8,1,203,NULL,'2025-06-15 00:17:33','2025-06-15 00:17:33',NULL),(492,8,1,207,NULL,'2025-06-15 00:17:33','2025-06-15 00:17:33',NULL),(493,8,9,245,NULL,'2025-06-15 00:17:33','2025-06-15 00:17:33',NULL),(494,8,9,246,NULL,'2025-06-15 00:17:33','2025-06-15 00:17:33',NULL),(495,8,9,247,NULL,'2025-06-15 00:17:33','2025-06-15 00:17:33',NULL),(496,8,9,244,NULL,'2025-06-15 00:17:33','2025-06-15 00:17:33',NULL),(497,8,20,292,375,'2025-06-15 00:17:33','2025-06-15 00:18:36',NULL),(498,8,20,289,363,'2025-06-15 00:17:33','2025-06-15 00:18:36',NULL),(499,8,20,291,371,'2025-06-15 00:17:33','2025-06-15 00:18:36',NULL),(500,8,20,290,365,'2025-06-15 00:17:33','2025-06-15 00:18:36',NULL),(501,8,18,281,NULL,'2025-06-15 00:17:33','2025-06-15 00:17:33',NULL),(502,8,18,282,NULL,'2025-06-15 00:17:33','2025-06-15 00:17:33',NULL),(503,8,18,283,NULL,'2025-06-15 00:17:33','2025-06-15 00:17:33',NULL),(504,8,18,280,NULL,'2025-06-15 00:17:33','2025-06-15 00:17:33',NULL),(505,8,15,270,NULL,'2025-06-15 00:17:33','2025-06-15 00:17:33',NULL),(506,8,15,271,NULL,'2025-06-15 00:17:33','2025-06-15 00:17:33',NULL),(507,8,15,268,NULL,'2025-06-15 00:17:33','2025-06-15 00:17:33',NULL),(508,8,15,269,NULL,'2025-06-15 00:17:33','2025-06-15 00:17:33',NULL),(509,8,13,260,250,'2025-06-15 00:17:33','2025-06-15 00:18:36',NULL),(510,8,13,262,257,'2025-06-15 00:17:33','2025-06-15 00:18:36',NULL),(511,8,13,261,253,'2025-06-15 00:17:33','2025-06-15 00:18:36',NULL),(512,8,13,263,261,'2025-06-15 00:17:33','2025-06-15 00:18:36',NULL),(513,8,8,240,NULL,'2025-06-15 00:17:33','2025-06-15 00:17:33',NULL),(514,8,8,241,NULL,'2025-06-15 00:17:33','2025-06-15 00:17:33',NULL),(515,8,8,243,NULL,'2025-06-15 00:17:33','2025-06-15 00:17:33',NULL),(516,8,8,242,NULL,'2025-06-15 00:17:33','2025-06-15 00:17:33',NULL),(517,8,27,312,454,'2025-06-15 00:17:33','2025-06-15 00:18:36',NULL),(518,8,27,314,462,'2025-06-15 00:17:33','2025-06-15 00:18:36',NULL),(519,8,27,313,457,'2025-06-15 00:17:33','2025-06-15 00:18:36',NULL),(520,8,27,315,465,'2025-06-15 00:17:33','2025-06-15 00:18:36',NULL),(521,8,30,324,501,'2025-06-15 00:17:33','2025-06-15 00:18:36',NULL),(522,8,30,325,505,'2025-06-15 00:17:33','2025-06-15 00:18:36',NULL),(523,8,30,326,510,'2025-06-15 00:17:33','2025-06-15 00:18:36',NULL),(524,8,30,327,515,'2025-06-15 00:17:33','2025-06-15 00:18:36',NULL),(525,8,38,350,NULL,'2025-06-15 00:17:33','2025-06-15 00:17:33',NULL),(526,8,38,347,NULL,'2025-06-15 00:17:33','2025-06-15 00:17:33',NULL),(527,8,38,349,NULL,'2025-06-15 00:17:33','2025-06-15 00:17:33',NULL),(528,8,38,348,NULL,'2025-06-15 00:17:33','2025-06-15 00:17:33',NULL),(529,8,43,368,NULL,'2025-06-15 00:17:33','2025-06-15 00:17:33',NULL),(530,8,43,369,NULL,'2025-06-15 00:17:33','2025-06-15 00:17:33',NULL),(531,8,43,367,NULL,'2025-06-15 00:17:33','2025-06-15 00:17:33',NULL),(532,8,43,370,NULL,'2025-06-15 00:17:33','2025-06-15 00:17:33',NULL),(533,8,50,395,NULL,'2025-06-15 00:17:33','2025-06-15 00:17:33',NULL),(534,8,50,398,NULL,'2025-06-15 00:17:33','2025-06-15 00:17:33',NULL),(535,8,50,397,NULL,'2025-06-15 00:17:33','2025-06-15 00:17:33',NULL),(536,8,50,396,NULL,'2025-06-15 00:17:33','2025-06-15 00:17:33',NULL),(537,8,40,357,NULL,'2025-06-15 00:17:33','2025-06-15 00:17:33',NULL),(538,8,40,355,NULL,'2025-06-15 00:17:33','2025-06-15 00:17:33',NULL),(539,8,40,356,NULL,'2025-06-15 00:17:33','2025-06-15 00:17:33',NULL),(540,8,40,358,NULL,'2025-06-15 00:17:33','2025-06-15 00:17:33',NULL),(541,8,29,323,497,'2025-06-15 00:17:33','2025-06-15 00:18:36',NULL),(542,8,29,322,495,'2025-06-15 00:17:33','2025-06-15 00:18:36',NULL),(543,8,29,321,491,'2025-06-15 00:17:33','2025-06-15 00:18:36',NULL),(544,8,29,320,485,'2025-06-15 00:17:33','2025-06-15 00:18:36',NULL),(545,8,47,386,NULL,'2025-06-15 00:17:33','2025-06-15 00:17:33',NULL),(546,8,47,385,NULL,'2025-06-15 00:17:33','2025-06-15 00:17:33',NULL),(547,8,47,384,NULL,'2025-06-15 00:17:33','2025-06-15 00:17:33',NULL),(548,8,47,383,NULL,'2025-06-15 00:17:33','2025-06-15 00:17:33',NULL),(549,8,48,388,NULL,'2025-06-15 00:17:33','2025-06-15 00:17:33',NULL),(550,8,48,387,NULL,'2025-06-15 00:17:33','2025-06-15 00:17:33',NULL),(551,8,48,389,NULL,'2025-06-15 00:17:33','2025-06-15 00:17:33',NULL),(552,8,48,390,NULL,'2025-06-15 00:17:33','2025-06-15 00:17:33',NULL),(553,8,51,402,NULL,'2025-06-15 00:17:33','2025-06-15 00:17:33',NULL),(554,8,51,400,NULL,'2025-06-15 00:17:33','2025-06-15 00:17:33',NULL),(555,8,51,399,NULL,'2025-06-15 00:17:33','2025-06-15 00:17:33',NULL),(556,8,51,401,NULL,'2025-06-15 00:17:33','2025-06-15 00:17:33',NULL),(557,8,28,316,469,'2025-06-15 00:17:33','2025-06-15 00:18:36',NULL),(558,8,28,318,477,'2025-06-15 00:17:33','2025-06-15 00:18:36',NULL),(559,8,28,319,481,'2025-06-15 00:17:33','2025-06-15 00:18:36',NULL),(560,8,28,317,473,'2025-06-15 00:17:33','2025-06-15 00:18:36',NULL),(561,8,46,380,NULL,'2025-06-15 00:17:33','2025-06-15 00:17:33',NULL),(562,8,46,379,NULL,'2025-06-15 00:17:33','2025-06-15 00:17:33',NULL),(563,8,46,381,NULL,'2025-06-15 00:17:33','2025-06-15 00:17:33',NULL),(564,8,46,382,NULL,'2025-06-15 00:17:33','2025-06-15 00:17:33',NULL),(565,9,22,297,394,'2025-06-15 00:24:03','2025-06-15 00:27:55',NULL),(566,9,22,298,399,'2025-06-15 00:24:03','2025-06-15 00:27:55',NULL),(567,9,22,296,389,'2025-06-15 00:24:03','2025-06-15 00:27:55',NULL),(568,9,22,299,402,'2025-06-15 00:24:03','2025-06-15 00:27:55',NULL),(569,9,17,278,321,'2025-06-15 00:24:03','2025-06-15 00:27:55',NULL),(570,9,17,276,314,'2025-06-15 00:24:03','2025-06-15 00:27:55',NULL),(571,9,17,279,325,'2025-06-15 00:24:03','2025-06-15 00:27:55',NULL),(572,9,17,277,318,'2025-06-15 00:24:03','2025-06-15 00:27:55',NULL),(573,9,1,207,37,'2025-06-15 00:24:03','2025-06-15 00:27:55',NULL),(574,9,1,205,29,'2025-06-15 00:24:03','2025-06-15 00:27:55',NULL),(575,9,1,198,1,'2025-06-15 00:24:03','2025-06-15 00:27:55',NULL),(576,9,1,204,25,'2025-06-15 00:24:03','2025-06-15 00:27:55',NULL),(577,9,20,292,374,'2025-06-15 00:24:03','2025-06-15 00:27:55',NULL),(578,9,20,291,371,'2025-06-15 00:24:03','2025-06-15 00:27:55',NULL),(579,9,20,289,361,'2025-06-15 00:24:03','2025-06-15 00:27:55',NULL),(580,9,20,290,367,'2025-06-15 00:24:03','2025-06-15 00:27:55',NULL),(581,9,18,281,335,'2025-06-15 00:24:03','2025-06-15 00:27:55',NULL),(582,9,18,280,330,'2025-06-15 00:24:03','2025-06-15 00:27:55',NULL),(583,9,18,283,343,'2025-06-15 00:24:03','2025-06-15 00:27:55',NULL),(584,9,18,282,338,'2025-06-15 00:24:03','2025-06-15 00:27:55',NULL),(585,9,14,266,275,'2025-06-15 00:24:03','2025-06-15 00:27:55',NULL),(586,9,14,267,278,'2025-06-15 00:24:03','2025-06-15 00:27:55',NULL),(587,9,14,264,265,'2025-06-15 00:24:03','2025-06-15 00:27:55',NULL),(588,9,14,265,269,'2025-06-15 00:24:03','2025-06-15 00:27:55',NULL),(589,9,19,285,347,'2025-06-15 00:24:03','2025-06-15 00:27:55',NULL),(590,9,19,286,349,'2025-06-15 00:24:03','2025-06-15 00:27:55',NULL),(591,9,19,287,354,'2025-06-15 00:24:03','2025-06-15 00:27:55',NULL),(592,9,19,288,358,'2025-06-15 00:24:03','2025-06-15 00:27:55',NULL),(593,9,16,275,311,'2025-06-15 00:24:03','2025-06-15 00:27:55',NULL),(594,9,16,273,302,'2025-06-15 00:24:03','2025-06-15 00:27:55',NULL),(595,9,16,274,307,'2025-06-15 00:24:03','2025-06-15 00:27:55',NULL),(596,9,16,272,298,'2025-06-15 00:24:03','2025-06-15 00:27:55',NULL),(597,9,9,246,195,'2025-06-15 00:24:03','2025-06-15 00:27:55',NULL),(598,9,9,247,198,'2025-06-15 00:24:03','2025-06-15 00:27:55',NULL),(599,9,9,245,190,'2025-06-15 00:24:03','2025-06-15 00:27:55',NULL),(600,9,9,244,185,'2025-06-15 00:24:03','2025-06-15 00:27:55',NULL),(601,9,13,260,249,'2025-06-15 00:24:03','2025-06-15 00:27:55',NULL),(602,9,13,263,263,'2025-06-15 00:24:03','2025-06-15 00:27:55',NULL),(603,9,13,261,254,'2025-06-15 00:24:03','2025-06-15 00:27:55',NULL),(604,9,13,262,258,'2025-06-15 00:24:03','2025-06-15 00:27:55',NULL),(605,9,7,236,154,'2025-06-15 00:24:03','2025-06-15 00:27:55',NULL),(606,9,7,239,165,'2025-06-15 00:24:03','2025-06-15 00:27:55',NULL),(607,9,7,237,157,'2025-06-15 00:24:03','2025-06-15 00:27:55',NULL),(608,9,7,238,162,'2025-06-15 00:24:03','2025-06-15 00:27:55',NULL),(609,9,10,251,215,'2025-06-15 00:24:03','2025-06-15 00:27:55',NULL),(610,9,10,249,207,'2025-06-15 00:24:03','2025-06-15 00:27:55',NULL),(611,9,10,250,211,'2025-06-15 00:24:03','2025-06-15 00:27:55',NULL),(612,9,10,248,203,'2025-06-15 00:24:03','2025-06-15 00:27:55',NULL),(613,9,33,339,579,'2025-06-15 00:24:03','2025-06-15 00:27:55',NULL),(614,9,33,338,575,'2025-06-15 00:24:03','2025-06-15 00:27:55',NULL),(615,9,33,336,565,'2025-06-15 00:24:03','2025-06-15 00:27:55',NULL),(616,9,33,337,569,'2025-06-15 00:24:03','2025-06-15 00:27:55',NULL),(617,9,49,392,806,'2025-06-15 00:24:03','2025-06-15 00:27:55',NULL),(618,9,49,393,812,'2025-06-15 00:24:03','2025-06-15 00:27:55',NULL),(619,9,49,391,802,'2025-06-15 00:24:03','2025-06-15 00:27:55',NULL),(620,9,49,394,814,'2025-06-15 00:24:03','2025-06-15 00:27:55',NULL),(621,9,51,399,835,'2025-06-15 00:24:03','2025-06-15 00:27:55',NULL),(622,9,51,400,838,'2025-06-15 00:24:03','2025-06-15 00:27:55',NULL),(623,9,51,402,845,'2025-06-15 00:24:03','2025-06-15 00:27:55',NULL),(624,9,51,401,841,'2025-06-15 00:24:03','2025-06-15 00:27:55',NULL),(625,9,40,357,650,'2025-06-15 00:24:03','2025-06-15 00:27:55',NULL),(626,9,40,358,654,'2025-06-15 00:24:03','2025-06-15 00:27:55',NULL),(627,9,40,356,646,'2025-06-15 00:24:03','2025-06-15 00:27:55',NULL),(628,9,40,355,641,'2025-06-15 00:24:03','2025-06-15 00:27:55',NULL),(629,9,48,389,793,'2025-06-15 00:24:03','2025-06-15 00:27:55',NULL),(630,9,48,387,785,'2025-06-15 00:24:03','2025-06-15 00:27:55',NULL),(631,9,48,390,797,'2025-06-15 00:24:03','2025-06-15 00:27:55',NULL),(632,9,48,388,790,'2025-06-15 00:24:03','2025-06-15 00:27:55',NULL),(633,9,38,347,611,'2025-06-15 00:24:03','2025-06-15 00:27:55',NULL),(634,9,38,350,621,'2025-06-15 00:24:03','2025-06-15 00:27:55',NULL),(635,9,38,349,617,'2025-06-15 00:24:03','2025-06-15 00:27:55',NULL),(636,9,38,348,613,'2025-06-15 00:24:03','2025-06-15 00:27:55',NULL),(637,9,50,396,821,'2025-06-15 00:24:03','2025-06-15 00:27:55',NULL),(638,9,50,398,830,'2025-06-15 00:24:03','2025-06-15 00:27:55',NULL),(639,9,50,397,825,'2025-06-15 00:24:03','2025-06-15 00:27:55',NULL),(640,9,50,395,817,'2025-06-15 00:24:03','2025-06-15 00:27:55',NULL),(641,9,34,341,585,'2025-06-15 00:24:03','2025-06-15 00:27:55',NULL),(642,9,34,343,594,'2025-06-15 00:24:03','2025-06-15 00:27:55',NULL),(643,9,34,342,590,'2025-06-15 00:24:03','2025-06-15 00:27:55',NULL),(644,9,34,340,581,'2025-06-15 00:24:03','2025-06-15 00:27:55',NULL),(645,9,32,335,551,'2025-06-15 00:24:03','2025-06-15 00:27:55',NULL),(646,9,32,332,561,'2025-06-15 00:24:03','2025-06-15 00:27:55',NULL),(647,9,32,333,558,'2025-06-15 00:24:03','2025-06-15 00:27:55',NULL),(648,9,32,334,554,'2025-06-15 00:24:03','2025-06-15 00:27:55',NULL),(649,9,45,376,728,'2025-06-15 00:24:03','2025-06-15 00:27:55',NULL),(650,9,45,377,731,'2025-06-15 00:24:03','2025-06-15 00:27:55',NULL),(651,9,45,378,734,'2025-06-15 00:24:03','2025-06-15 00:27:55',NULL),(652,9,45,375,721,'2025-06-15 00:24:03','2025-06-15 00:27:55',NULL),(653,9,29,322,494,'2025-06-15 00:24:03','2025-06-15 00:27:55',NULL),(654,9,29,320,486,'2025-06-15 00:24:03','2025-06-15 00:27:55',NULL),(655,9,29,323,499,'2025-06-15 00:24:03','2025-06-15 00:27:55',NULL),(656,9,29,321,491,'2025-06-15 00:24:03','2025-06-15 00:27:55',NULL),(657,9,27,315,465,'2025-06-15 00:24:03','2025-06-15 00:27:55',NULL),(658,9,27,313,457,'2025-06-15 00:24:03','2025-06-15 00:27:55',NULL),(659,9,27,312,454,'2025-06-15 00:24:03','2025-06-15 00:27:55',NULL),(660,9,27,314,461,'2025-06-15 00:24:03','2025-06-15 00:27:55',NULL),(661,10,8,240,171,'2025-06-15 00:32:10','2025-06-15 00:35:07',NULL),(662,10,8,243,182,'2025-06-15 00:32:10','2025-06-15 00:35:07',NULL),(663,10,8,241,174,'2025-06-15 00:32:10','2025-06-15 00:35:07',NULL),(664,10,8,242,178,'2025-06-15 00:32:10','2025-06-15 00:35:07',NULL),(665,10,1,198,2,'2025-06-15 00:32:10','2025-06-15 00:35:07',NULL),(666,10,1,200,10,'2025-06-15 00:32:10','2025-06-15 00:35:07',NULL),(667,10,1,202,18,'2025-06-15 00:32:10','2025-06-15 00:35:07',NULL),(668,10,1,199,7,'2025-06-15 00:32:10','2025-06-15 00:35:07',NULL),(669,10,18,283,343,'2025-06-15 00:32:10','2025-06-15 00:35:07',NULL),(670,10,18,281,334,'2025-06-15 00:32:10','2025-06-15 00:35:07',NULL),(671,10,18,280,330,'2025-06-15 00:32:10','2025-06-15 00:35:07',NULL),(672,10,18,282,339,'2025-06-15 00:32:10','2025-06-15 00:35:07',NULL),(673,10,17,277,319,'2025-06-15 00:32:10','2025-06-15 00:35:07',NULL),(674,10,17,276,314,'2025-06-15 00:32:10','2025-06-15 00:35:07',NULL),(675,10,17,279,327,'2025-06-15 00:32:10','2025-06-15 00:35:07',NULL),(676,10,17,278,323,'2025-06-15 00:32:10','2025-06-15 00:35:07',NULL),(677,10,22,299,404,'2025-06-15 00:32:10','2025-06-15 00:35:07',NULL),(678,10,22,296,390,'2025-06-15 00:32:10','2025-06-15 00:35:07',NULL),(679,10,22,298,398,'2025-06-15 00:32:10','2025-06-15 00:35:07',NULL),(680,10,22,297,394,'2025-06-15 00:32:10','2025-06-15 00:35:07',NULL),(681,10,19,288,360,'2025-06-15 00:32:10','2025-06-15 00:35:07',NULL),(682,10,19,287,356,'2025-06-15 00:32:10','2025-06-15 00:35:07',NULL),(683,10,19,286,351,'2025-06-15 00:32:10','2025-06-15 00:35:07',NULL),(684,10,19,285,347,'2025-06-15 00:32:10','2025-06-15 00:35:07',NULL),(685,10,6,235,150,'2025-06-15 00:32:10','2025-06-15 00:35:07',NULL),(686,10,6,232,139,'2025-06-15 00:32:10','2025-06-15 00:35:07',NULL),(687,10,6,234,146,'2025-06-15 00:32:10','2025-06-15 00:35:07',NULL),(688,10,6,233,141,'2025-06-15 00:32:10','2025-06-15 00:35:07',NULL),(689,10,10,249,206,'2025-06-15 00:32:10','2025-06-15 00:35:07',NULL),(690,10,10,251,214,'2025-06-15 00:32:10','2025-06-15 00:35:07',NULL),(691,10,10,248,202,'2025-06-15 00:32:10','2025-06-15 00:35:07',NULL),(692,10,10,250,209,'2025-06-15 00:32:10','2025-06-15 00:35:07',NULL),(693,10,20,289,361,'2025-06-15 00:32:10','2025-06-15 00:35:07',NULL),(694,10,20,291,369,'2025-06-15 00:32:10','2025-06-15 00:35:07',NULL),(695,10,20,292,373,'2025-06-15 00:32:10','2025-06-15 00:35:07',NULL),(696,10,20,290,366,'2025-06-15 00:32:10','2025-06-15 00:35:07',NULL),(697,10,15,268,283,'2025-06-15 00:32:10','2025-06-15 00:35:07',NULL),(698,10,15,270,291,'2025-06-15 00:32:10','2025-06-15 00:35:07',NULL),(699,10,15,269,287,'2025-06-15 00:32:10','2025-06-15 00:35:07',NULL),(700,10,15,271,295,'2025-06-15 00:32:10','2025-06-15 00:35:07',NULL),(701,10,14,267,279,'2025-06-15 00:32:10','2025-06-15 00:35:07',NULL),(702,10,14,265,270,'2025-06-15 00:32:10','2025-06-15 00:35:07',NULL),(703,10,14,266,274,'2025-06-15 00:32:10','2025-06-15 00:35:07',NULL),(704,10,14,264,266,'2025-06-15 00:32:10','2025-06-15 00:35:07',NULL),(705,10,16,272,298,'2025-06-15 00:32:10','2025-06-15 00:35:07',NULL),(706,10,16,274,305,'2025-06-15 00:32:10','2025-06-15 00:35:07',NULL),(707,10,16,275,309,'2025-06-15 00:32:10','2025-06-15 00:35:07',NULL),(708,10,16,273,302,'2025-06-15 00:32:10','2025-06-15 00:35:07',NULL),(709,10,50,395,817,'2025-06-15 00:32:10','2025-06-15 00:35:07',NULL),(710,10,50,396,823,'2025-06-15 00:32:10','2025-06-15 00:35:07',NULL),(711,10,50,397,826,'2025-06-15 00:32:10','2025-06-15 00:35:07',NULL),(712,10,50,398,830,'2025-06-15 00:32:10','2025-06-15 00:35:07',NULL),(713,10,38,347,611,'2025-06-15 00:32:10','2025-06-15 00:35:07',NULL),(714,10,38,349,618,'2025-06-15 00:32:10','2025-06-15 00:35:07',NULL),(715,10,38,348,614,'2025-06-15 00:32:10','2025-06-15 00:35:07',NULL),(716,10,38,350,621,'2025-06-15 00:32:10','2025-06-15 00:35:07',NULL),(717,10,46,381,746,'2025-06-15 00:32:10','2025-06-15 00:35:07',NULL),(718,10,46,379,738,'2025-06-15 00:32:10','2025-06-15 00:35:07',NULL),(719,10,46,380,741,'2025-06-15 00:32:10','2025-06-15 00:35:07',NULL),(720,10,46,382,749,'2025-06-15 00:32:10','2025-06-15 00:35:07',NULL),(721,10,49,393,810,'2025-06-15 00:32:10','2025-06-15 00:35:07',NULL),(722,10,49,392,805,'2025-06-15 00:32:10','2025-06-15 00:35:07',NULL),(723,10,49,394,814,'2025-06-15 00:32:10','2025-06-15 00:35:07',NULL),(724,10,49,391,802,'2025-06-15 00:32:10','2025-06-15 00:35:07',NULL),(725,10,32,333,559,'2025-06-15 00:32:10','2025-06-15 00:35:07',NULL),(726,10,32,332,562,'2025-06-15 00:32:10','2025-06-15 00:35:07',NULL),(727,10,32,334,554,'2025-06-15 00:32:10','2025-06-15 00:35:07',NULL),(728,10,32,335,551,'2025-06-15 00:32:10','2025-06-15 00:35:07',NULL),(729,10,29,320,485,'2025-06-15 00:32:10','2025-06-15 00:35:07',NULL),(730,10,29,322,493,'2025-06-15 00:32:10','2025-06-15 00:35:07',NULL),(731,10,29,323,497,'2025-06-15 00:32:10','2025-06-15 00:35:07',NULL),(732,10,29,321,491,'2025-06-15 00:32:10','2025-06-15 00:35:07',NULL),(733,10,31,328,517,'2025-06-15 00:32:10','2025-06-15 00:35:07',NULL),(734,10,31,330,525,'2025-06-15 00:32:10','2025-06-15 00:35:07',NULL),(735,10,31,329,521,'2025-06-15 00:32:10','2025-06-15 00:35:07',NULL),(736,10,31,331,529,'2025-06-15 00:32:10','2025-06-15 00:35:07',NULL),(737,10,28,319,481,'2025-06-15 00:32:10','2025-06-15 00:35:07',NULL),(738,10,28,318,477,'2025-06-15 00:32:10','2025-06-15 00:35:07',NULL),(739,10,28,317,474,'2025-06-15 00:32:10','2025-06-15 00:35:07',NULL),(740,10,28,316,469,'2025-06-15 00:32:10','2025-06-15 00:35:07',NULL),(741,10,42,366,685,'2025-06-15 00:32:10','2025-06-15 00:35:07',NULL),(742,10,42,365,682,'2025-06-15 00:32:10','2025-06-15 00:35:07',NULL),(743,10,42,364,677,'2025-06-15 00:32:10','2025-06-15 00:35:07',NULL),(744,10,42,363,673,'2025-06-15 00:32:10','2025-06-15 00:35:07',NULL),(745,10,30,325,505,'2025-06-15 00:32:10','2025-06-15 00:35:07',NULL),(746,10,30,324,501,'2025-06-15 00:32:10','2025-06-15 00:35:07',NULL),(747,10,30,327,513,'2025-06-15 00:32:10','2025-06-15 00:35:07',NULL),(748,10,30,326,509,'2025-06-15 00:32:10','2025-06-15 00:35:07',NULL),(749,10,33,337,569,'2025-06-15 00:32:10','2025-06-15 00:35:07',NULL),(750,10,33,339,577,'2025-06-15 00:32:10','2025-06-15 00:35:07',NULL),(751,10,33,338,574,'2025-06-15 00:32:10','2025-06-15 00:35:07',NULL),(752,10,33,336,565,'2025-06-15 00:32:10','2025-06-15 00:35:07',NULL),(753,10,34,343,594,'2025-06-15 00:32:10','2025-06-15 00:35:07',NULL),(754,10,34,342,590,'2025-06-15 00:32:10','2025-06-15 00:35:07',NULL),(755,10,34,340,581,'2025-06-15 00:32:10','2025-06-15 00:35:07',NULL),(756,10,34,341,586,'2025-06-15 00:32:10','2025-06-15 00:35:07',NULL),(757,11,9,246,NULL,'2025-06-15 02:50:34','2025-06-15 02:50:34',NULL),(758,11,9,244,NULL,'2025-06-15 02:50:34','2025-06-15 02:50:34',NULL),(759,11,9,245,NULL,'2025-06-15 02:50:34','2025-06-15 02:50:34',NULL),(760,11,9,247,NULL,'2025-06-15 02:50:34','2025-06-15 02:50:34',NULL),(761,11,10,251,NULL,'2025-06-15 02:50:34','2025-06-15 02:50:34',NULL),(762,11,10,250,NULL,'2025-06-15 02:50:34','2025-06-15 02:50:34',NULL),(763,11,10,249,NULL,'2025-06-15 02:50:34','2025-06-15 02:50:34',NULL),(764,11,10,248,NULL,'2025-06-15 02:50:34','2025-06-15 02:50:34',NULL),(765,11,11,252,NULL,'2025-06-15 02:50:34','2025-06-15 02:50:34',NULL),(766,11,11,255,NULL,'2025-06-15 02:50:34','2025-06-15 02:50:34',NULL),(767,11,11,254,NULL,'2025-06-15 02:50:34','2025-06-15 02:50:34',NULL),(768,11,11,253,NULL,'2025-06-15 02:50:34','2025-06-15 02:50:34',NULL),(769,11,4,223,NULL,'2025-06-15 02:50:34','2025-06-15 02:50:34',NULL),(770,11,4,227,NULL,'2025-06-15 02:50:34','2025-06-15 02:50:34',NULL),(771,11,4,224,NULL,'2025-06-15 02:50:34','2025-06-15 02:50:34',NULL),(772,11,4,226,NULL,'2025-06-15 02:50:34','2025-06-15 02:50:34',NULL),(773,11,1,202,NULL,'2025-06-15 02:50:34','2025-06-15 02:50:34',NULL),(774,11,1,204,NULL,'2025-06-15 02:50:34','2025-06-15 02:50:34',NULL),(775,11,1,205,NULL,'2025-06-15 02:50:34','2025-06-15 02:50:34',NULL),(776,11,1,200,NULL,'2025-06-15 02:50:34','2025-06-15 02:50:34',NULL),(777,11,14,265,NULL,'2025-06-15 02:50:34','2025-06-15 02:50:34',NULL),(778,11,14,264,NULL,'2025-06-15 02:50:34','2025-06-15 02:50:34',NULL),(779,11,14,267,NULL,'2025-06-15 02:50:34','2025-06-15 02:50:34',NULL),(780,11,14,266,NULL,'2025-06-15 02:50:34','2025-06-15 02:50:34',NULL),(781,11,17,278,NULL,'2025-06-15 02:50:34','2025-06-15 02:50:34',NULL),(782,11,17,276,NULL,'2025-06-15 02:50:34','2025-06-15 02:50:34',NULL),(783,11,17,277,NULL,'2025-06-15 02:50:34','2025-06-15 02:50:34',NULL),(784,11,17,279,NULL,'2025-06-15 02:50:34','2025-06-15 02:50:34',NULL),(785,11,12,257,NULL,'2025-06-15 02:50:34','2025-06-15 02:50:34',NULL),(786,11,12,259,NULL,'2025-06-15 02:50:34','2025-06-15 02:50:34',NULL),(787,11,12,258,NULL,'2025-06-15 02:50:34','2025-06-15 02:50:34',NULL),(788,11,12,256,NULL,'2025-06-15 02:50:34','2025-06-15 02:50:34',NULL),(789,11,7,237,NULL,'2025-06-15 02:50:34','2025-06-15 02:50:34',NULL),(790,11,7,238,NULL,'2025-06-15 02:50:34','2025-06-15 02:50:34',NULL),(791,11,7,236,NULL,'2025-06-15 02:50:34','2025-06-15 02:50:34',NULL),(792,11,7,239,NULL,'2025-06-15 02:50:34','2025-06-15 02:50:34',NULL),(793,11,19,287,NULL,'2025-06-15 02:50:34','2025-06-15 02:50:34',NULL),(794,11,19,285,NULL,'2025-06-15 02:50:34','2025-06-15 02:50:34',NULL),(795,11,19,286,NULL,'2025-06-15 02:50:34','2025-06-15 02:50:34',NULL),(796,11,19,288,NULL,'2025-06-15 02:50:34','2025-06-15 02:50:34',NULL),(797,11,16,273,NULL,'2025-06-15 02:50:34','2025-06-15 02:50:34',NULL),(798,11,16,275,NULL,'2025-06-15 02:50:34','2025-06-15 02:50:34',NULL),(799,11,16,274,NULL,'2025-06-15 02:50:34','2025-06-15 02:50:34',NULL),(800,11,16,272,NULL,'2025-06-15 02:50:34','2025-06-15 02:50:34',NULL),(801,11,5,230,NULL,'2025-06-15 02:50:34','2025-06-15 02:50:34',NULL),(802,11,5,229,NULL,'2025-06-15 02:50:34','2025-06-15 02:50:34',NULL),(803,11,5,228,NULL,'2025-06-15 02:50:34','2025-06-15 02:50:34',NULL),(804,11,5,231,NULL,'2025-06-15 02:50:34','2025-06-15 02:50:34',NULL),(805,11,41,361,NULL,'2025-06-15 02:50:34','2025-06-15 02:50:34',NULL),(806,11,41,362,NULL,'2025-06-15 02:50:34','2025-06-15 02:50:34',NULL),(807,11,41,360,NULL,'2025-06-15 02:50:34','2025-06-15 02:50:34',NULL),(808,11,41,359,NULL,'2025-06-15 02:50:34','2025-06-15 02:50:34',NULL),(809,11,51,402,NULL,'2025-06-15 02:50:34','2025-06-15 02:50:34',NULL),(810,11,51,401,NULL,'2025-06-15 02:50:34','2025-06-15 02:50:34',NULL),(811,11,51,399,NULL,'2025-06-15 02:50:34','2025-06-15 02:50:34',NULL),(812,11,51,400,NULL,'2025-06-15 02:50:34','2025-06-15 02:50:34',NULL),(813,11,45,377,NULL,'2025-06-15 02:50:34','2025-06-15 02:50:34',NULL),(814,11,45,375,NULL,'2025-06-15 02:50:34','2025-06-15 02:50:34',NULL),(815,11,45,378,NULL,'2025-06-15 02:50:34','2025-06-15 02:50:34',NULL),(816,11,45,376,NULL,'2025-06-15 02:50:34','2025-06-15 02:50:34',NULL),(817,11,31,328,NULL,'2025-06-15 02:50:34','2025-06-15 02:50:34',NULL),(818,11,31,330,NULL,'2025-06-15 02:50:34','2025-06-15 02:50:34',NULL),(819,11,31,331,NULL,'2025-06-15 02:50:34','2025-06-15 02:50:34',NULL),(820,11,31,329,NULL,'2025-06-15 02:50:34','2025-06-15 02:50:34',NULL),(821,11,38,348,NULL,'2025-06-15 02:50:34','2025-06-15 02:50:34',NULL),(822,11,38,349,NULL,'2025-06-15 02:50:34','2025-06-15 02:50:34',NULL),(823,11,38,350,NULL,'2025-06-15 02:50:34','2025-06-15 02:50:34',NULL),(824,11,38,347,NULL,'2025-06-15 02:50:34','2025-06-15 02:50:34',NULL),(825,11,39,352,NULL,'2025-06-15 02:50:34','2025-06-15 02:50:34',NULL),(826,11,39,351,NULL,'2025-06-15 02:50:34','2025-06-15 02:50:34',NULL),(827,11,39,354,NULL,'2025-06-15 02:50:34','2025-06-15 02:50:34',NULL),(828,11,39,353,NULL,'2025-06-15 02:50:34','2025-06-15 02:50:34',NULL),(829,11,49,393,NULL,'2025-06-15 02:50:34','2025-06-15 02:50:34',NULL),(830,11,49,391,NULL,'2025-06-15 02:50:34','2025-06-15 02:50:34',NULL),(831,11,49,394,NULL,'2025-06-15 02:50:34','2025-06-15 02:50:34',NULL),(832,11,49,392,NULL,'2025-06-15 02:50:34','2025-06-15 02:50:34',NULL),(833,11,43,368,NULL,'2025-06-15 02:50:34','2025-06-15 02:50:34',NULL),(834,11,43,370,NULL,'2025-06-15 02:50:34','2025-06-15 02:50:34',NULL),(835,11,43,369,NULL,'2025-06-15 02:50:34','2025-06-15 02:50:34',NULL),(836,11,43,367,NULL,'2025-06-15 02:50:34','2025-06-15 02:50:34',NULL),(837,11,27,314,NULL,'2025-06-15 02:50:34','2025-06-15 02:50:34',NULL),(838,11,27,312,NULL,'2025-06-15 02:50:34','2025-06-15 02:50:34',NULL),(839,11,27,315,NULL,'2025-06-15 02:50:34','2025-06-15 02:50:34',NULL),(840,11,27,313,NULL,'2025-06-15 02:50:34','2025-06-15 02:50:34',NULL),(841,11,34,340,NULL,'2025-06-15 02:50:34','2025-06-15 02:50:34',NULL),(842,11,34,341,NULL,'2025-06-15 02:50:34','2025-06-15 02:50:34',NULL),(843,11,34,342,NULL,'2025-06-15 02:50:34','2025-06-15 02:50:34',NULL),(844,11,34,343,NULL,'2025-06-15 02:50:34','2025-06-15 02:50:34',NULL),(845,11,33,339,NULL,'2025-06-15 02:50:34','2025-06-15 02:50:34',NULL),(846,11,33,336,NULL,'2025-06-15 02:50:34','2025-06-15 02:50:34',NULL),(847,11,33,337,NULL,'2025-06-15 02:50:34','2025-06-15 02:50:34',NULL),(848,11,33,338,NULL,'2025-06-15 02:50:34','2025-06-15 02:50:34',NULL),(849,11,29,320,NULL,'2025-06-15 02:50:34','2025-06-15 02:50:34',NULL),(850,11,29,321,NULL,'2025-06-15 02:50:34','2025-06-15 02:50:34',NULL),(851,11,29,323,NULL,'2025-06-15 02:50:34','2025-06-15 02:50:34',NULL),(852,11,29,322,NULL,'2025-06-15 02:50:34','2025-06-15 02:50:34',NULL),(853,12,11,252,NULL,'2025-06-15 03:49:40','2025-06-15 03:49:40',NULL),(854,12,11,254,NULL,'2025-06-15 03:49:40','2025-06-15 03:49:40',NULL),(855,12,11,255,NULL,'2025-06-15 03:49:40','2025-06-15 03:49:40',NULL),(856,12,11,253,NULL,'2025-06-15 03:49:40','2025-06-15 03:49:40',NULL),(857,12,2,212,NULL,'2025-06-15 03:49:40','2025-06-15 03:49:40',NULL),(858,12,2,208,NULL,'2025-06-15 03:49:40','2025-06-15 03:49:40',NULL),(859,12,2,217,NULL,'2025-06-15 03:49:40','2025-06-15 03:49:40',NULL),(860,12,2,211,NULL,'2025-06-15 03:49:40','2025-06-15 03:49:40',NULL),(861,12,20,292,NULL,'2025-06-15 03:49:40','2025-06-15 03:49:40',NULL),(862,12,20,290,NULL,'2025-06-15 03:49:40','2025-06-15 03:49:40',NULL),(863,12,20,291,NULL,'2025-06-15 03:49:40','2025-06-15 03:49:40',NULL),(864,12,20,289,NULL,'2025-06-15 03:49:40','2025-06-15 03:49:40',NULL),(865,12,15,270,NULL,'2025-06-15 03:49:40','2025-06-15 03:49:40',NULL),(866,12,15,268,NULL,'2025-06-15 03:49:40','2025-06-15 03:49:40',NULL),(867,12,15,271,NULL,'2025-06-15 03:49:40','2025-06-15 03:49:40',NULL),(868,12,15,269,NULL,'2025-06-15 03:49:40','2025-06-15 03:49:40',NULL),(869,12,5,229,NULL,'2025-06-15 03:49:40','2025-06-15 03:49:40',NULL),(870,12,5,231,NULL,'2025-06-15 03:49:40','2025-06-15 03:49:40',NULL),(871,12,5,228,NULL,'2025-06-15 03:49:40','2025-06-15 03:49:40',NULL),(872,12,5,230,NULL,'2025-06-15 03:49:40','2025-06-15 03:49:40',NULL),(873,12,19,285,NULL,'2025-06-15 03:49:40','2025-06-15 03:49:40',NULL),(874,12,19,288,NULL,'2025-06-15 03:49:40','2025-06-15 03:49:40',NULL),(875,12,19,287,NULL,'2025-06-15 03:49:40','2025-06-15 03:49:40',NULL),(876,12,19,286,NULL,'2025-06-15 03:49:40','2025-06-15 03:49:40',NULL),(877,12,18,282,NULL,'2025-06-15 03:49:40','2025-06-15 03:49:40',NULL),(878,12,18,283,NULL,'2025-06-15 03:49:40','2025-06-15 03:49:40',NULL),(879,12,18,281,NULL,'2025-06-15 03:49:40','2025-06-15 03:49:40',NULL),(880,12,18,280,NULL,'2025-06-15 03:49:40','2025-06-15 03:49:40',NULL),(881,12,10,248,NULL,'2025-06-15 03:49:40','2025-06-15 03:49:40',NULL),(882,12,10,249,NULL,'2025-06-15 03:49:40','2025-06-15 03:49:40',NULL),(883,12,10,250,NULL,'2025-06-15 03:49:40','2025-06-15 03:49:40',NULL),(884,12,10,251,NULL,'2025-06-15 03:49:40','2025-06-15 03:49:40',NULL),(885,12,12,258,NULL,'2025-06-15 03:49:40','2025-06-15 03:49:40',NULL),(886,12,12,256,NULL,'2025-06-15 03:49:40','2025-06-15 03:49:40',NULL),(887,12,12,259,NULL,'2025-06-15 03:49:40','2025-06-15 03:49:40',NULL),(888,12,12,257,NULL,'2025-06-15 03:49:40','2025-06-15 03:49:40',NULL),(889,12,22,297,NULL,'2025-06-15 03:49:40','2025-06-15 03:49:40',NULL),(890,12,22,298,NULL,'2025-06-15 03:49:40','2025-06-15 03:49:40',NULL),(891,12,22,296,NULL,'2025-06-15 03:49:40','2025-06-15 03:49:40',NULL),(892,12,22,299,NULL,'2025-06-15 03:49:40','2025-06-15 03:49:40',NULL),(893,12,3,221,NULL,'2025-06-15 03:49:40','2025-06-15 03:49:40',NULL),(894,12,3,218,NULL,'2025-06-15 03:49:40','2025-06-15 03:49:40',NULL),(895,12,3,222,NULL,'2025-06-15 03:49:40','2025-06-15 03:49:40',NULL),(896,12,3,219,NULL,'2025-06-15 03:49:40','2025-06-15 03:49:40',NULL),(897,12,16,273,NULL,'2025-06-15 03:49:40','2025-06-15 03:49:40',NULL),(898,12,16,274,NULL,'2025-06-15 03:49:40','2025-06-15 03:49:40',NULL),(899,12,16,275,NULL,'2025-06-15 03:49:40','2025-06-15 03:49:40',NULL),(900,12,16,272,NULL,'2025-06-15 03:49:40','2025-06-15 03:49:40',NULL),(901,12,33,338,NULL,'2025-06-15 03:49:40','2025-06-15 03:49:40',NULL),(902,12,33,339,NULL,'2025-06-15 03:49:40','2025-06-15 03:49:40',NULL),(903,12,33,336,NULL,'2025-06-15 03:49:40','2025-06-15 03:49:40',NULL),(904,12,33,337,NULL,'2025-06-15 03:49:40','2025-06-15 03:49:40',NULL),(905,12,51,399,NULL,'2025-06-15 03:49:40','2025-06-15 03:49:40',NULL),(906,12,51,402,NULL,'2025-06-15 03:49:40','2025-06-15 03:49:40',NULL),(907,12,51,401,NULL,'2025-06-15 03:49:40','2025-06-15 03:49:40',NULL),(908,12,51,400,NULL,'2025-06-15 03:49:40','2025-06-15 03:49:40',NULL),(909,12,39,354,NULL,'2025-06-15 03:49:40','2025-06-15 03:49:40',NULL),(910,12,39,352,NULL,'2025-06-15 03:49:40','2025-06-15 03:49:40',NULL),(911,12,39,353,NULL,'2025-06-15 03:49:40','2025-06-15 03:49:40',NULL),(912,12,39,351,NULL,'2025-06-15 03:49:40','2025-06-15 03:49:40',NULL),(913,12,32,333,NULL,'2025-06-15 03:49:40','2025-06-15 03:49:40',NULL),(914,12,32,335,NULL,'2025-06-15 03:49:40','2025-06-15 03:49:40',NULL),(915,12,32,332,NULL,'2025-06-15 03:49:40','2025-06-15 03:49:40',NULL),(916,12,32,334,NULL,'2025-06-15 03:49:40','2025-06-15 03:49:40',NULL),(917,12,41,361,NULL,'2025-06-15 03:49:40','2025-06-15 03:49:40',NULL),(918,12,41,359,NULL,'2025-06-15 03:49:40','2025-06-15 03:49:40',NULL),(919,12,41,362,NULL,'2025-06-15 03:49:40','2025-06-15 03:49:40',NULL),(920,12,41,360,NULL,'2025-06-15 03:49:40','2025-06-15 03:49:40',NULL),(921,12,38,350,NULL,'2025-06-15 03:49:40','2025-06-15 03:49:40',NULL),(922,12,38,349,NULL,'2025-06-15 03:49:40','2025-06-15 03:49:40',NULL),(923,12,38,348,NULL,'2025-06-15 03:49:40','2025-06-15 03:49:40',NULL),(924,12,38,347,NULL,'2025-06-15 03:49:40','2025-06-15 03:49:40',NULL),(925,12,31,328,NULL,'2025-06-15 03:49:40','2025-06-15 03:49:40',NULL),(926,12,31,329,NULL,'2025-06-15 03:49:40','2025-06-15 03:49:40',NULL),(927,12,31,331,NULL,'2025-06-15 03:49:40','2025-06-15 03:49:40',NULL),(928,12,31,330,NULL,'2025-06-15 03:49:40','2025-06-15 03:49:40',NULL),(929,12,49,393,NULL,'2025-06-15 03:49:40','2025-06-15 03:49:40',NULL),(930,12,49,394,NULL,'2025-06-15 03:49:40','2025-06-15 03:49:40',NULL),(931,12,49,392,NULL,'2025-06-15 03:49:40','2025-06-15 03:49:40',NULL),(932,12,49,391,NULL,'2025-06-15 03:49:40','2025-06-15 03:49:40',NULL),(933,12,47,386,NULL,'2025-06-15 03:49:40','2025-06-15 03:49:40',NULL),(934,12,47,383,NULL,'2025-06-15 03:49:40','2025-06-15 03:49:40',NULL),(935,12,47,385,NULL,'2025-06-15 03:49:40','2025-06-15 03:49:40',NULL),(936,12,47,384,NULL,'2025-06-15 03:49:40','2025-06-15 03:49:40',NULL),(937,12,34,342,NULL,'2025-06-15 03:49:40','2025-06-15 03:49:40',NULL),(938,12,34,340,NULL,'2025-06-15 03:49:40','2025-06-15 03:49:40',NULL),(939,12,34,343,NULL,'2025-06-15 03:49:40','2025-06-15 03:49:40',NULL),(940,12,34,341,NULL,'2025-06-15 03:49:40','2025-06-15 03:49:40',NULL),(941,12,45,377,NULL,'2025-06-15 03:49:40','2025-06-15 03:49:40',NULL),(942,12,45,378,NULL,'2025-06-15 03:49:40','2025-06-15 03:49:40',NULL),(943,12,45,376,NULL,'2025-06-15 03:49:40','2025-06-15 03:49:40',NULL),(944,12,45,375,NULL,'2025-06-15 03:49:40','2025-06-15 03:49:40',NULL),(945,12,28,319,NULL,'2025-06-15 03:49:40','2025-06-15 03:49:40',NULL),(946,12,28,318,NULL,'2025-06-15 03:49:40','2025-06-15 03:49:40',NULL),(947,12,28,316,NULL,'2025-06-15 03:49:40','2025-06-15 03:49:40',NULL),(948,12,28,317,NULL,'2025-06-15 03:49:40','2025-06-15 03:49:40',NULL);
/*!40000 ALTER TABLE `test_details` ENABLE KEYS */;
UNLOCK TABLES;

--
-- Table structure for table `tests`
--

DROP TABLE IF EXISTS `tests`;
/*!40101 SET @saved_cs_client     = @@character_set_client */;
/*!50503 SET character_set_client = utf8mb4 */;
CREATE TABLE `tests` (
  `pk_test` int NOT NULL AUTO_INCREMENT,
  `user_fk` int NOT NULL,
  `test_points` int DEFAULT NULL,
  `test_passed` int DEFAULT NULL,
  `status` varchar(25) COLLATE utf8mb4_general_ci NOT NULL DEFAULT 'IN_PROGRESS',
  `level_fk` int DEFAULT NULL,
  `created_at` datetime DEFAULT CURRENT_TIMESTAMP,
  `updated_at` datetime DEFAULT CURRENT_TIMESTAMP ON UPDATE CURRENT_TIMESTAMP,
  PRIMARY KEY (`pk_test`),
  KEY `idx_user_fk` (`user_fk`),
  KEY `idx_level_fk` (`level_fk`),
  CONSTRAINT `tests_ibfk_1` FOREIGN KEY (`user_fk`) REFERENCES `users` (`pk_user`),
  CONSTRAINT `tests_ibfk_2` FOREIGN KEY (`level_fk`) REFERENCES `mcer_level` (`pk_level`)
) ENGINE=InnoDB AUTO_INCREMENT=13 DEFAULT CHARSET=utf8mb4 COLLATE=utf8mb4_general_ci;
/*!40101 SET character_set_client = @saved_cs_client */;

--
-- Dumping data for table `tests`
--

LOCK TABLES `tests` WRITE;
/*!40000 ALTER TABLE `tests` DISABLE KEYS */;
INSERT INTO `tests` VALUES (1,1,850,1,'COMPLETED',4,'2025-06-08 20:21:23','2025-06-08 20:42:35'),(2,1,300,0,'COMPLETED',2,'2025-06-08 21:21:29','2025-06-08 21:22:27'),(3,33,200,0,'COMPLETED',2,'2025-06-10 21:06:48','2025-06-10 21:12:49'),(4,38,850,1,'COMPLETED',4,'2025-06-12 14:18:09','2025-06-12 14:43:27'),(5,40,720,1,'COMPLETED',3,'2025-06-12 16:25:16','2025-06-12 16:29:22'),(6,31,850,1,'COMPLETED',4,'2025-06-14 22:02:32','2025-06-14 22:36:47'),(7,31,720,1,'COMPLETED',3,'2025-06-14 23:16:20','2025-06-15 00:11:06'),(8,31,10,0,'COMPLETED',1,'2025-06-15 00:17:33','2025-06-15 00:18:55'),(9,31,450,0,'COMPLETED',3,'2025-06-15 00:24:03','2025-06-15 00:28:19'),(10,31,720,1,'COMPLETED',4,'2025-06-15 00:32:10','2025-06-15 00:35:45'),(11,31,NULL,NULL,'IN_PROGRESS',NULL,'2025-06-15 02:50:34','2025-06-15 02:50:34'),(12,39,NULL,NULL,'IN_PROGRESS',NULL,'2025-06-15 03:49:40','2025-06-15 03:49:40');
/*!40000 ALTER TABLE `tests` ENABLE KEYS */;
UNLOCK TABLES;

--
-- Table structure for table `toeic_sections`
--

DROP TABLE IF EXISTS `toeic_sections`;
/*!40101 SET @saved_cs_client     = @@character_set_client */;
/*!50503 SET character_set_client = utf8mb4 */;
CREATE TABLE `toeic_sections` (
  `section_pk` int NOT NULL AUTO_INCREMENT,
  `type_` enum('LISTENING','READING') COLLATE utf8mb4_general_ci NOT NULL,
  `section_desc` varchar(100) COLLATE utf8mb4_general_ci NOT NULL,
  PRIMARY KEY (`section_pk`)
) ENGINE=InnoDB AUTO_INCREMENT=9 DEFAULT CHARSET=utf8mb4 COLLATE=utf8mb4_general_ci;
/*!40101 SET character_set_client = @saved_cs_client */;

--
-- Dumping data for table `toeic_sections`
--

LOCK TABLES `toeic_sections` WRITE;
/*!40000 ALTER TABLE `toeic_sections` DISABLE KEYS */;
INSERT INTO `toeic_sections` VALUES (1,'READING','Incomplete sentences'),(2,'READING','Error recognition'),(3,'READING','Reading comprehension'),(4,'READING','Double passages'),(5,'LISTENING','Photos'),(6,'LISTENING','Question – Response'),(7,'LISTENING','Short conversation'),(8,'LISTENING','Short talks');
/*!40000 ALTER TABLE `toeic_sections` ENABLE KEYS */;
UNLOCK TABLES;

--
-- Table structure for table `users`
--

DROP TABLE IF EXISTS `users`;
/*!40101 SET @saved_cs_client     = @@character_set_client */;
/*!50503 SET character_set_client = utf8mb4 */;
CREATE TABLE `users` (
  `pk_user` int NOT NULL AUTO_INCREMENT,
  `user_email` varchar(100) COLLATE utf8mb4_general_ci NOT NULL,
  `user_password` varchar(100) COLLATE utf8mb4_general_ci NOT NULL,
  `user_name` varchar(100) COLLATE utf8mb4_general_ci NOT NULL,
  `user_lastname` varchar(100) COLLATE utf8mb4_general_ci NOT NULL,
  `user_carnet` varchar(10) COLLATE utf8mb4_general_ci DEFAULT NULL,
  `user_role` varchar(20) COLLATE utf8mb4_general_ci DEFAULT NULL,
  `created_at` datetime DEFAULT CURRENT_TIMESTAMP,
  `updated_at` datetime DEFAULT CURRENT_TIMESTAMP ON UPDATE CURRENT_TIMESTAMP,
  `status` varchar(10) COLLATE utf8mb4_general_ci DEFAULT NULL,
  `verification_code` varchar(25) COLLATE utf8mb4_general_ci DEFAULT NULL,
  `is_verified` tinyint(1) DEFAULT NULL,
  `last_code_sent_at` datetime DEFAULT NULL,
  PRIMARY KEY (`pk_user`),
  UNIQUE KEY `user_email` (`user_email`),
  KEY `idx_email` (`user_email`)
) ENGINE=InnoDB AUTO_INCREMENT=50 DEFAULT CHARSET=utf8mb4 COLLATE=utf8mb4_general_ci;
/*!40101 SET character_set_client = @saved_cs_client */;

--
-- Dumping data for table `users`
--

LOCK TABLES `users` WRITE;
/*!40000 ALTER TABLE `users` DISABLE KEYS */;
INSERT INTO `users` VALUES (1,'diegoalas06+3@gmail.com','$2b$12$c8UxdsABjP3wM4aBcMkFueZIhmEcZsOHIZiYiE/dhbVK2UncoPIha','Admin','User',NULL,'student','2025-04-17 14:41:40','2025-06-08 22:28:29','INACTIVE',NULL,1,NULL),(31,'diegoalas06@gmail.com','$2b$12$eLQG/hitWHHK1uCCi8mNluoXItY1Qv8gV0zO1qDcfvokvtQprc91y','Diego','Alas',NULL,'student','2025-06-08 20:49:35','2025-06-12 03:39:22','ACTIVE',NULL,1,'2025-06-12 03:38:47'),(32,'diegoalas06+2@gmail.com','$2b$12$aGLNVoe3.9G3UZXc3U0n3OlAGSbzGkuWVHztpzi.oJnS/5z2AjS8q','Alexander ','Morales',NULL,'student','2025-06-08 22:23:11','2025-06-08 22:28:24','INACTIVE',NULL,1,NULL),(33,'necdiagnostics@gmail.com','$2b$12$VxmFxXXpaoxter/UvEskWurZTUOtqK8RnEJ6cqDlHgXgCh0k7GiB6','Admin','User',NULL,'admin','2025-06-08 22:25:48','2025-06-14 18:37:28','ACTIVE',NULL,1,NULL),(34,'ivan.osoriotobar@gmail.com','$2b$12$ZBOdCtiJxfUS8KmcW6EwkencpKyOGnY2x7vST3QDy1S9FiB7isxcC','Ivan','Osorio',NULL,'admin','2025-06-11 21:39:01','2025-06-12 16:17:58','ACTIVE',NULL,1,'2025-06-12 14:03:13'),(36,'ivan.osorio@pbs.group','$2b$12$8CiN71fZc3b.rt5g4WgGHu6bN2z2gqUIiDoe9VtRI4Te5FwtqHUra','Ivan','Osorio',NULL,'student','2025-06-11 21:41:54','2025-06-11 22:22:06','PENDING','114656',0,'2025-06-11 22:22:06'),(37,'stefanydiaz@itca.edu.sv','$2b$12$MzqpXKPgs5YB.yRgFtjap.viajKa7vnxy5CKU2IAVthZGz8rQqS2q','Stefany','Díaz',NULL,'student','2025-06-12 14:09:12','2025-06-12 14:09:12','PENDING','451513',0,NULL),(38,'stefanydiaz3117@gmail.com','$2b$12$uzEavdxY8Uwi.2mDj38l/OpojV7NrNCm8tILMT5zBqH9v3gZx2amy','Stefany','Díaz',NULL,'student','2025-06-12 14:10:47','2025-06-12 14:15:47','ACTIVE',NULL,1,NULL),(39,'wmorales@cultura.gob.sv','$2b$12$lV7aQmQ4Ap6iCgUv00z.Y.u/beinR6JiiscrpNzpHkPL7Xc2D2EVW','wilmer','Morales',NULL,'student','2025-06-12 15:55:05','2025-06-12 15:55:33','ACTIVE',NULL,1,NULL),(40,'jesusnopeca@gmail.com','$2b$12$UldULGAa4hoyiXyzxURvJuQeNG71eQjqLnG5AC.2eZM9GHpt7E8Qu','Jean','Pérez',NULL,'student','2025-06-12 16:16:23','2025-06-12 16:17:12','ACTIVE',NULL,1,NULL),(41,'ivan.osorextobar@gmail.com','$2b$12$3ZYlTRfMbLydpizZ/3vU7u99Bzm26tbsTiC.al6xdJoa.PDxaK1X6','Alexander','Tobar',NULL,'student','2025-06-14 01:16:29','2025-06-14 01:17:00','ACTIVE',NULL,1,NULL),(42,'yasser.arriola20@itca.edu.sv','$2b$12$lGrT0LxfJ4IivZeHu97iZeRpOp4cqcsFkE2tJCPSvAwtNkaSxkvOG','Yasser','Arriola',NULL,'student','2025-06-14 02:09:41','2025-06-14 02:11:08','PENDING','643469',0,'2025-06-14 02:11:08'),(43,'jhon.boyaca20@itca.com.sv','$2b$12$kyAw2QflfKB0l5L28EecAOQhCWYrba4RBNDOCRW3hekKjZBP67.Vy','Jhon','Boyaca',NULL,'student','2025-06-14 02:09:55','2025-06-14 02:09:55','PENDING','566202',0,NULL),(44,'jhon.boyaca20@itca.edu.sv','$2b$12$HDCdB142KVvKY8FzNKbNf.sHhAQcwS.1cRhOoPmF5fvsmP0bDWwzu','Jhon ','Boyaca',NULL,'student','2025-06-14 02:10:17','2025-06-14 02:17:10','PENDING','739503',0,'2025-06-14 02:17:10'),(45,'puro.crack14@gmail.com','$2b$12$PpYTZdLAlupTptQDtFRjhOlek8G9hqFhP7dAorupPtIAZh88lcCFG','Ivan','Osorio',NULL,'student','2025-06-14 02:15:33','2025-06-14 02:15:33','PENDING','312569',0,NULL),(46,'diegoalas06+4@gmail.com','$2b$12$2Ny0T.3uHV2Gxf7YFc56cuvi48Jha9tNiSAeU1bW2BQFAXZF79Iwu','Diego','Alas',NULL,'student','2025-06-14 02:16:10','2025-06-14 02:16:10','PENDING','776481',0,NULL),(47,'alexdarriola@gmail.com','$2b$12$wRlJaKvIJkvOEXNj.HwK0eZPwr20xfVkS8QXXFURuIW2zsVAhHfRq','Yasser','Arriola',NULL,'student','2025-06-14 02:17:51','2025-06-14 02:18:09','ACTIVE',NULL,1,NULL),(48,'ivan.osorio20@itca.edu.sv','$2b$12$/pmUbZaeaA3knpP6EwCdRuL.rlf0BS3DBLevEikANSGvsfmBJCKY.','Alexander','Osorio',NULL,'student','2025-06-14 02:18:54','2025-06-14 02:20:13','ACTIVE',NULL,1,NULL),(49,'1emarroquinn1@gmail.com','$2b$12$WPuI5891Vu45Cl52kQM9Tu75Gsyv7t/GwuCcbGvB27wFjhPQIQjO6','E','Marroquin',NULL,'student','2025-06-14 02:19:49','2025-06-14 22:01:54','ACTIVE',NULL,1,NULL);
/*!40000 ALTER TABLE `users` ENABLE KEYS */;
UNLOCK TABLES;

--
-- Table structure for table `weaknesses`
--

DROP TABLE IF EXISTS `weaknesses`;
/*!40101 SET @saved_cs_client     = @@character_set_client */;
/*!50503 SET character_set_client = utf8mb4 */;
CREATE TABLE `weaknesses` (
  `pk_weakness` int NOT NULL AUTO_INCREMENT,
  `test_fk` int NOT NULL,
  `weakness_text` text COLLATE utf8mb4_general_ci NOT NULL,
  `created_at` datetime DEFAULT CURRENT_TIMESTAMP,
  `updated_at` datetime DEFAULT CURRENT_TIMESTAMP ON UPDATE CURRENT_TIMESTAMP,
  PRIMARY KEY (`pk_weakness`),
  KEY `idx_test_fk` (`test_fk`),
  CONSTRAINT `weaknesses_ibfk_1` FOREIGN KEY (`test_fk`) REFERENCES `tests` (`pk_test`)
) ENGINE=InnoDB AUTO_INCREMENT=22 DEFAULT CHARSET=utf8mb4 COLLATE=utf8mb4_general_ci;
/*!40101 SET character_set_client = @saved_cs_client */;

--
-- Dumping data for table `weaknesses`
--

LOCK TABLES `weaknesses` WRITE;
/*!40000 ALTER TABLE `weaknesses` DISABLE KEYS */;
INSERT INTO `weaknesses` VALUES (1,1,'While the student excels in higher-level questions, there are minor inconsistencies in lower-level questions, particularly in error recognition and double passages. For example, the student incorrectly identified the error in the sentence \'He suggested me to take the train\' and misidentified which passage talks about the causes of climate change. These mistakes suggest a need for more practice in identifying subtle grammatical errors and understanding the nuances between similar passages.','2025-06-08 20:42:35','2025-06-08 20:42:35'),(2,2,'The student failed to answer any questions across all sections, indicating significant difficulties in both reading comprehension and incomplete sentences. This suggests a lack of understanding or confidence in handling texts of varying complexity, from simple A2 level to more advanced C1 level questions. The inability to respond to any questions, including those at the A2 level, highlights a fundamental gap in basic English comprehension and grammar skills.','2025-06-08 21:22:27','2025-06-08 21:22:27'),(3,3,'The student struggled significantly with reading comprehension across all levels, from A2 to C1, failing to answer any questions correctly. This suggests a major gap in understanding written English, especially with more complex texts and questions. Additionally, the student did not attempt or correctly answer any questions related to error recognition, indicating difficulties with grammar and sentence structure. The lack of responses to higher-level questions also points to challenges with advanced vocabulary and concepts.','2025-06-10 21:12:49','2025-06-10 21:12:49'),(4,4,'The student struggles with higher-level grammar and sentence completion tasks, particularly at the C1 and C2 levels, as seen in their incorrect answers to incomplete sentences and error recognition questions. This indicates a need for improvement in advanced grammatical structures and nuanced language use. Additionally, their response to a question about the library expansion\'s goals was incorrect, suggesting a need for better attention to detail in reading comprehension.','2025-06-12 14:43:27','2025-06-12 14:43:27'),(5,5,'The student struggles with higher-level (C1) comprehension questions, as seen in incorrect answers about the prediction for renewables and the fastest-growing sector in renewable energy. Additionally, they had difficulty with specific details in lower-level (A2) questions, such as the time of a flight departure and the destination of a business trip. This indicates a need for improvement in both detailed comprehension and handling complex information.','2025-06-12 16:29:22','2025-06-12 16:29:22'),(6,6,'While the student performs well at the B1 and B2 levels, there are occasional inaccuracies with more complex grammatical structures and higher-level vocabulary, as seen in the \'Incomplete sentences\' section where some answers were incorrect at the C1 and C2 levels. Additionally, there was a minor error in a straightforward A2 level question regarding a flight departure time, indicating a need for careful attention to detail in simpler questions.','2025-06-14 22:36:47','2025-06-14 22:36:47'),(7,7,'The student struggled with understanding implied information or making inferences from the text, as seen in incorrect answers like \'What did Anna do after finding the wallet?\' with \'She took it home.\' instead of the correct action, which was taking it to the police station.','2025-06-15 00:11:06','2025-06-15 00:11:06'),(8,7,'There were difficulties with grammatical accuracy in the \'Incomplete sentences\' section, such as incorrectly choosing \'have\' instead of \'had\' in the sentence \'If I ____ more time, I would travel more.\' This indicates a need for improvement in grammar and verb tense usage.','2025-06-15 00:11:06','2025-06-15 00:11:06'),(9,8,'El estudiante mostró dificultades en la comprensión de lectura, no respondiendo a ninguna de las preguntas planteadas en esta sección.','2025-06-15 00:18:55','2025-06-15 00:18:55'),(10,8,'En la sección de LISTENING, el estudiante también falló en responder correctamente a las preguntas, indicando una falta de comprensión auditiva.','2025-06-15 00:18:55','2025-06-15 00:18:55'),(11,8,'El estudiante no demostró habilidad para completar oraciones, dejando todas las preguntas de esta sección sin responder.','2025-06-15 00:18:55','2025-06-15 00:18:55'),(12,8,'Hubo una falta de atención a los detalles específicos en las preguntas, como fechas, lugares y acciones, lo que resultó en respuestas incorrectas o no respondidas.','2025-06-15 00:18:55','2025-06-15 00:18:55'),(13,9,'El estudiante tuvo dificultades en preguntas que requerían inferencia o comprensión más profunda de los textos, especialmente en temas técnicos o específicos como energía renovable y proyectos de infraestructura.','2025-06-15 00:28:19','2025-06-15 00:28:19'),(14,9,'En la sección de READING, mostró problemas para identificar información no mencionada directamente en el texto, como beneficios no listados o consecuencias de acciones.','2025-06-15 00:28:19','2025-06-15 00:28:19'),(15,9,'El estudiante cometió errores en preguntas gramaticales dentro de la sección de READING, particularmente en completar oraciones con la estructura gramatical correcta.','2025-06-15 00:28:19','2025-06-15 00:28:19'),(16,9,'En LISTENING, hubo dificultad para captar detalles específicos como horarios, precios, y condiciones especiales en conversaciones sobre servicios.','2025-06-15 00:28:19','2025-06-15 00:28:19'),(17,10,'El estudiante tuvo dificultades para recordar porcentajes específicos de producción de energía renovable, respondiendo incorrectamente sobre el porcentaje de la producción global del año pasado.','2025-06-15 00:35:45','2025-06-15 00:35:45'),(18,10,'En la sección de comprensión de lectura, el estudiante no pudo identificar correctamente el día en que la biblioteca está cerrada y cómo los miembros pueden registrarse para los talleres.','2025-06-15 00:35:45','2025-06-15 00:35:45'),(19,10,'El estudiante mostró dificultad en entender detalles específicos de itinerarios de viaje, como lo planeado para la mañana de un día específico y la hora de salida de un vuelo.','2025-06-15 00:35:45','2025-06-15 00:35:45'),(20,10,'En preguntas de gramática, el estudiante tuvo problemas con estructuras condicionales y adverbios de frecuencia, eligiendo incorrectamente \'have\' en lugar de \'had\' y \'do I see\' en lugar de \'have I seen\'.','2025-06-15 00:35:45','2025-06-15 00:35:45'),(21,10,'El estudiante no pudo identificar correctamente la compensación mencionada en un anuncio de aeropuerto, confundiendo \'meal vouchers\' con \'a refund\'.','2025-06-15 00:35:45','2025-06-15 00:35:45');
/*!40000 ALTER TABLE `weaknesses` ENABLE KEYS */;
UNLOCK TABLES;

--
-- Dumping events for database 'nec_diagnostics_db'
--

--
-- Dumping routines for database 'nec_diagnostics_db'
--
/*!50003 DROP PROCEDURE IF EXISTS `get_user_diagnostic_stats` */;
/*!50003 SET @saved_cs_client      = @@character_set_client */ ;
/*!50003 SET @saved_cs_results     = @@character_set_results */ ;
/*!50003 SET @saved_col_connection = @@collation_connection */ ;
/*!50003 SET character_set_client  = utf8mb4 */ ;
/*!50003 SET character_set_results = utf8mb4 */ ;
/*!50003 SET collation_connection  = utf8mb4_0900_ai_ci */ ;
/*!50003 SET @saved_sql_mode       = @@sql_mode */ ;
/*!50003 SET sql_mode              = 'ONLY_FULL_GROUP_BY,STRICT_TRANS_TABLES,NO_ZERO_IN_DATE,NO_ZERO_DATE,ERROR_FOR_DIVISION_BY_ZERO,NO_ENGINE_SUBSTITUTION' */ ;
DELIMITER ;;
CREATE DEFINER=`root`@`%` PROCEDURE `get_user_diagnostic_stats`(IN p_user_id INT)
BEGIN
    -- Descripción:
    -- Este procedimiento almacenado se utiliza para obtener los datos estadísticos y de progreso de un estudiante
    -- específico, destinados a ser mostrados en el dashboard de la aplicación. Recupera información como el nombre,
    -- apellido, nivel de inglés actual, puntaje del último test, número de tests completados, posición en el ranking,
    -- historial de los últimos 5 tests (con puntajes y fechas), así como recomendaciones, fortalezas y debilidades
    -- basadas en el último test completado.
    -- 
    -- Parámetros:
    -- @p_user_id (INT): El identificador único del usuario (estudiante) cuya información se desea consultar.
    -- 
    -- Columnas devueltas:
    -- user_id (INT): Identificador único del estudiante.
    -- user_name (VARCHAR): Nombre del estudiante.
    -- user_lastname (VARCHAR): Apellido del estudiante.
    -- english_level (VARCHAR): Nivel de inglés actual (ej. A1, B1).
    -- last_test_id (INT): Identificador del último test completado.
    -- last_test_score (INT): Puntaje obtenido en el último test.
    -- last_test_date (DATETIME): Fecha y hora del último test.
    -- tests_completed (INT): Número total de tests completados por el estudiante.
    -- rank_position (INT): Posición del estudiante en el ranking basado en el puntaje del último test.
    -- last_5_tests (TEXT): Cadena JSON con los puntajes y fechas de los últimos 5 tests (ordenados del más reciente al más antiguo).
    -- recommendations (TEXT): Lista de recomendaciones basada en el último test, separada por comas.
    -- strengths (TEXT): Lista de fortalezas identificadas en el último test, separada por comas.
    -- weaknesses (TEXT): Lista de debilidades identificadas en el último test, separada por comas.
    -- 
    -- Notas:
    -- - Requiere que las tablas 'users', 'level_history', 'mcer_level', 'tests', 'recommendations', 'strengths',
    --   y 'weaknesses' existan con las columnas correspondientes.
    -- - El ranking se calcula comparando el puntaje del último test con el de otros usuarios.
    -- - Si no hay datos (por ejemplo, ningún test completado), algunas columnas pueden devolver NULL.

    DECLARE v_user_name VARCHAR(100);
    DECLARE v_user_lastname VARCHAR(100);
    DECLARE v_english_level VARCHAR(50);
    DECLARE v_last_test_id INT;
    DECLARE v_last_test_score INT;
    DECLARE v_last_test_date DATETIME;
    DECLARE v_tests_completed INT;
    DECLARE v_rank_position INT;
    DECLARE v_last_5_tests TEXT;
    DECLARE v_recommendations TEXT;
    DECLARE v_strengths TEXT;
    DECLARE v_weaknesses TEXT;

    -- Obtener información básica del usuario y nivel
    SELECT u.user_name, u.user_lastname, ml.level_name
    INTO v_user_name, v_user_lastname, v_english_level
    FROM users u
    JOIN level_history lh ON lh.user_fk = u.pk_user
    JOIN mcer_level ml ON ml.pk_level = lh.level_fk
    WHERE u.pk_user = p_user_id
    AND lh.created_at = (
        SELECT MAX(created_at)
        FROM level_history lh2
        WHERE lh2.user_fk = u.pk_user
    );

    -- Obtener datos del último test
    SELECT t.pk_test, t.test_points, t.created_at
    INTO v_last_test_id, v_last_test_score, v_last_test_date
    FROM tests t
    WHERE t.user_fk = p_user_id
    AND t.status = 'COMPLETED'
    AND t.created_at = (
        SELECT MAX(created_at)
        FROM tests t2
        WHERE t2.user_fk = t.user_fk AND t2.status = 'COMPLETED'
    );

    -- Obtener número de tests completados
    SELECT COUNT(*)
    INTO v_tests_completed
    FROM tests
    WHERE user_fk = p_user_id AND status = 'COMPLETED';

    -- Obtener posición en el ranking
    SELECT COUNT(*) + 1
    INTO v_rank_position
    FROM (
        SELECT t2.user_fk, MAX(t2.created_at) AS max_date
        FROM tests t2
        WHERE t2.status = 'COMPLETED'
        GROUP BY t2.user_fk
    ) latest
    JOIN tests t3 ON t3.user_fk = latest.user_fk AND t3.created_at = latest.max_date
    WHERE t3.test_points > (
        SELECT test_points
        FROM tests t
        WHERE t.user_fk = p_user_id
        AND t.status = 'COMPLETED'
        AND t.created_at = (
            SELECT MAX(created_at)
            FROM tests t2
            WHERE t2.user_fk = t.user_fk AND t2.status = 'COMPLETED'
        )
    );

    -- Obtener los últimos 5 tests
    SELECT CONCAT('[', GROUP_CONCAT(
        CONCAT('{',
            '"score": ', test_points, ', ',
            '"date": "', DATE_FORMAT(created_at, '%d %m %Y'), '"'
        , '}')
    ), ']')
    INTO v_last_5_tests
    FROM (
        SELECT test_points, created_at
        FROM tests
        WHERE user_fk = p_user_id AND status = 'COMPLETED'
        ORDER BY created_at DESC
        LIMIT 5
    ) t;

    -- Obtener recomendaciones, fortalezas y debilidades (usando v_last_test_id)
    SELECT GROUP_CONCAT(recommendation_text SEPARATOR ', ')
    INTO v_recommendations
    FROM recommendations
    WHERE test_fk = v_last_test_id;

    SELECT GROUP_CONCAT(strength_text SEPARATOR ', ')
    INTO v_strengths
    FROM strengths
    WHERE test_fk = v_last_test_id;

    SELECT GROUP_CONCAT(weakness_text SEPARATOR ', ')
    INTO v_weaknesses
    FROM weaknesses
    WHERE test_fk = v_last_test_id;

    -- Devolver los resultados
    SELECT 
        p_user_id AS user_id,
        v_user_name AS user_name,
        v_user_lastname AS user_lastname,
        v_english_level AS english_level,
        v_last_test_id AS last_test_id,
        v_last_test_score AS last_test_score,
        v_last_test_date AS last_test_date,
        v_tests_completed AS tests_completed,
        v_rank_position AS rank_position,
        v_last_5_tests AS last_5_tests,
        v_recommendations AS recommendations,
        v_strengths AS strengths,
        v_weaknesses AS weaknesses;

END ;;
DELIMITER ;
/*!50003 SET sql_mode              = @saved_sql_mode */ ;
/*!50003 SET character_set_client  = @saved_cs_client */ ;
/*!50003 SET character_set_results = @saved_cs_results */ ;
/*!50003 SET collation_connection  = @saved_col_connection */ ;
SET @@SESSION.SQL_LOG_BIN = @MYSQLDUMP_TEMP_LOG_BIN;
/*!40103 SET TIME_ZONE=@OLD_TIME_ZONE */;

/*!40101 SET SQL_MODE=@OLD_SQL_MODE */;
/*!40014 SET FOREIGN_KEY_CHECKS=@OLD_FOREIGN_KEY_CHECKS */;
/*!40014 SET UNIQUE_CHECKS=@OLD_UNIQUE_CHECKS */;
/*!40101 SET CHARACTER_SET_CLIENT=@OLD_CHARACTER_SET_CLIENT */;
/*!40101 SET CHARACTER_SET_RESULTS=@OLD_CHARACTER_SET_RESULTS */;
/*!40101 SET COLLATION_CONNECTION=@OLD_COLLATION_CONNECTION */;
/*!40111 SET SQL_NOTES=@OLD_SQL_NOTES */;

-- Dump completed on 2025-06-17 12:50:29
