-- phpMyAdmin SQL Dump
-- version 5.2.1
-- https://www.phpmyadmin.net/
--
-- Host: 127.0.0.1
-- Generation Time: May 02, 2025 at 02:49 AM
-- Server version: 10.4.28-MariaDB
-- PHP Version: 8.2.4

SET SQL_MODE = "NO_AUTO_VALUE_ON_ZERO";
START TRANSACTION;
SET time_zone = "+00:00";


/*!40101 SET @OLD_CHARACTER_SET_CLIENT=@@CHARACTER_SET_CLIENT */;
/*!40101 SET @OLD_CHARACTER_SET_RESULTS=@@CHARACTER_SET_RESULTS */;
/*!40101 SET @OLD_COLLATION_CONNECTION=@@COLLATION_CONNECTION */;
/*!40101 SET NAMES utf8mb4 */;

--
-- Database: `nec_diagnostics_db`
--

-- --------------------------------------------------------

--
-- Table structure for table `answers`
--

CREATE TABLE `answers` (
  `pk_answer` int(11) NOT NULL,
  `question_fk` int(11) NOT NULL,
  `answer_text` text DEFAULT NULL,
  `is_correct` tinyint(1) DEFAULT NULL,
  `status` varchar(10) NOT NULL DEFAULT 'ACTIVE',
  `created_at` datetime DEFAULT current_timestamp(),
  `updated_at` datetime DEFAULT current_timestamp() ON UPDATE current_timestamp()
) ENGINE=InnoDB DEFAULT CHARSET=utf8mb4 COLLATE=utf8mb4_general_ci;

--
-- Dumping data for table `answers`
--

INSERT INTO `answers` (`pk_answer`, `question_fk`, `answer_text`, `is_correct`, `status`, `created_at`, `updated_at`) VALUES
(1, 1, 'To accuse', 0, 'ACTIVE', '2025-04-19 15:31:40', '2025-04-19 15:31:40'),
(2, 1, 'To inform', 0, 'ACTIVE', '2025-04-19 15:31:40', '2025-04-19 15:31:40'),
(3, 1, 'To make a request', 0, 'ACTIVE', '2025-04-19 15:31:40', '2025-04-19 15:31:40'),
(4, 1, 'To praise', 1, 'ACTIVE', '2025-04-19 15:31:40', '2025-04-19 15:31:40'),
(5, 2, 'All the delegates were staff from the same office.', 0, 'ACTIVE', '2025-04-19 15:36:01', '2025-04-19 15:36:01'),
(6, 2, 'It included several talks.', 0, 'ACTIVE', '2025-04-19 15:36:01', '2025-04-19 15:36:01'),
(7, 2, 'It lasted one day.', 1, 'ACTIVE', '2025-04-19 15:36:01', '2025-04-19 15:36:01'),
(8, 2, 'Motivation was the only topic discussed.', 0, 'ACTIVE', '2025-04-19 15:36:01', '2025-04-19 15:36:01'),
(9, 3, 'He works in the same office as Anne.', 0, 'ACTIVE', '2025-04-19 15:40:18', '2025-04-19 15:40:18'),
(10, 3, 'He has a very busy schedule.', 1, 'ACTIVE', '2025-04-19 15:40:18', '2025-04-19 15:40:18'),
(11, 3, 'He is a leading expert on staff motivation.', 0, 'ACTIVE', '2025-04-19 15:40:18', '2025-04-19 15:40:18'),
(12, 3, 'Anne knows him better than Helen does.', 0, 'ACTIVE', '2025-04-19 15:40:18', '2025-04-19 15:40:18'),
(13, 4, 'Anne has lost it.', 1, 'ACTIVE', '2025-04-19 15:42:28', '2025-04-19 15:42:28'),
(14, 4, 'Anne has found it.', 0, 'ACTIVE', '2025-04-19 15:42:28', '2025-04-19 15:42:28'),
(15, 4, 'Anne has sent it to Helen.', 0, 'ACTIVE', '2025-04-19 15:42:28', '2025-04-19 15:42:28'),
(16, 4, 'Anne has completed it.', 0, 'ACTIVE', '2025-04-19 15:42:28', '2025-04-19 15:42:28'),
(17, 5, 'delivering', 0, 'ACTIVE', '2025-04-19 16:38:27', '2025-04-19 16:38:27'),
(18, 5, 'to deliver', 0, 'ACTIVE', '2025-04-19 16:38:27', '2025-04-19 16:38:27'),
(19, 5, 'to be deliver', 0, 'ACTIVE', '2025-04-19 16:38:27', '2025-04-19 16:38:27'),
(20, 5, 'delivered', 1, 'ACTIVE', '2025-04-19 16:38:27', '2025-04-19 16:38:27'),
(21, 6, 'delivering', 0, 'ACTIVE', '2025-04-19 16:55:24', '2025-04-19 16:55:24'),
(22, 6, 'to deliver', 0, 'ACTIVE', '2025-04-19 16:55:24', '2025-04-19 16:55:24'),
(23, 6, 'to be deliver', 0, 'ACTIVE', '2025-04-19 16:55:24', '2025-04-19 16:55:24'),
(24, 6, 'delivered', 1, 'ACTIVE', '2025-04-19 16:55:24', '2025-04-19 16:55:24'),
(25, 7, 'since', 0, 'ACTIVE', '2025-04-19 16:55:24', '2025-04-19 16:55:24'),
(26, 7, 'for', 1, 'ACTIVE', '2025-04-19 16:55:24', '2025-04-19 16:55:24'),
(27, 7, 'during', 0, 'ACTIVE', '2025-04-19 16:55:24', '2025-04-19 16:55:24'),
(28, 7, 'while', 0, 'ACTIVE', '2025-04-19 16:55:24', '2025-04-19 16:55:24'),
(29, 8, 'was eating', 1, 'ACTIVE', '2025-04-19 16:55:24', '2025-04-19 16:55:24'),
(30, 8, 'eating', 0, 'ACTIVE', '2025-04-19 16:55:24', '2025-04-19 16:55:24'),
(31, 8, 'ate', 0, 'ACTIVE', '2025-04-19 16:55:24', '2025-04-19 16:55:24'),
(32, 8, 'was eat', 0, 'ACTIVE', '2025-04-19 16:55:24', '2025-04-19 16:55:24'),
(33, 1, 'deliveringgggg', 0, 'INACTIVE', '2025-04-20 12:01:11', '2025-04-20 12:30:37'),
(34, 1, 'Nueva respuesta modificada', 1, 'INACTIVE', '2025-04-20 12:01:22', '2025-04-20 12:30:55'),
(35, 1, 'Nueva respuesta modificada a question 2', 1, 'INACTIVE', '2025-04-20 12:01:59', '2025-04-20 12:29:26'),
(36, 1, 'hh', 0, 'INACTIVE', '2025-04-20 12:04:36', '2025-04-20 12:31:14'),
(37, 1, 'test', 0, 'INACTIVE', '2025-04-20 12:05:09', '2025-04-20 12:31:20'),
(38, 1, 'Opción A test', 1, 'INACTIVE', '2025-04-20 12:13:34', '2025-04-20 12:31:23'),
(39, 1, 'Opción B test', 0, 'INACTIVE', '2025-04-20 12:13:34', '2025-04-20 12:31:26'),
(40, 1, 'Opción A test', 1, 'INACTIVE', '2025-04-20 12:14:06', '2025-04-20 12:31:29'),
(41, 1, 'Opción B test', 0, 'INACTIVE', '2025-04-20 12:14:06', '2025-04-20 12:51:39'),
(42, 9, 'Large', 1, 'ACTIVE', '2025-05-01 15:18:09', '2025-05-01 15:18:09'),
(43, 9, 'Medium', 0, 'ACTIVE', '2025-05-01 15:18:09', '2025-05-01 15:18:09'),
(44, 9, 'Small', 0, 'ACTIVE', '2025-05-01 15:18:09', '2025-05-01 15:18:09'),
(45, 9, 'Extra large', 0, 'ACTIVE', '2025-05-01 15:18:09', '2025-05-01 15:18:09'),
(46, 10, 'Black', 1, 'ACTIVE', '2025-05-01 15:18:09', '2025-05-01 15:18:09'),
(47, 10, 'With cream and sugar', 0, 'ACTIVE', '2025-05-01 15:18:09', '2025-05-01 15:18:09'),
(48, 10, 'With milk only', 0, 'ACTIVE', '2025-05-01 15:18:09', '2025-05-01 15:18:09'),
(49, 10, 'With sugar only', 0, 'ACTIVE', '2025-05-01 15:18:09', '2025-05-01 15:18:09'),
(50, 11, 'In a coffee shop', 1, 'ACTIVE', '2025-05-01 15:18:09', '2025-05-01 15:18:09'),
(51, 11, 'In an office', 0, 'ACTIVE', '2025-05-01 15:18:09', '2025-05-01 15:18:09'),
(52, 11, 'At home', 0, 'ACTIVE', '2025-05-01 15:18:09', '2025-05-01 15:18:09'),
(53, 11, 'In a supermarket', 0, 'ACTIVE', '2025-05-01 15:18:09', '2025-05-01 15:18:09'),
(54, 12, 'Cream or sugar', 1, 'ACTIVE', '2025-05-01 15:18:09', '2025-05-01 15:18:09'),
(55, 12, 'A pastry', 0, 'ACTIVE', '2025-05-01 15:18:09', '2025-05-01 15:18:09'),
(56, 12, 'A discount', 0, 'ACTIVE', '2025-05-01 15:18:09', '2025-05-01 15:18:09'),
(57, 12, 'A different size', 0, 'ACTIVE', '2025-05-01 15:18:09', '2025-05-01 15:18:09'),
(58, 13, 'Sent it yesterday', 1, 'ACTIVE', '2025-05-01 15:18:36', '2025-05-01 15:18:36'),
(59, 13, 'Forgot to send it', 0, 'ACTIVE', '2025-05-01 15:18:36', '2025-05-01 15:18:36'),
(60, 13, 'Will send it today', 0, 'ACTIVE', '2025-05-01 15:18:36', '2025-05-01 15:18:36'),
(61, 13, 'Needs to review it first', 0, 'ACTIVE', '2025-05-01 15:18:36', '2025-05-01 15:18:36'),
(62, 14, 'Today', 1, 'ACTIVE', '2025-05-01 15:18:36', '2025-05-01 15:18:36'),
(63, 14, 'Tomorrow', 0, 'ACTIVE', '2025-05-01 15:18:36', '2025-05-01 15:18:36'),
(64, 14, 'Next week', 0, 'ACTIVE', '2025-05-01 15:18:36', '2025-05-01 15:18:36'),
(65, 14, 'Yesterday', 0, 'ACTIVE', '2025-05-01 15:18:36', '2025-05-01 15:18:36'),
(66, 15, 'In an office', 1, 'ACTIVE', '2025-05-01 15:18:36', '2025-05-01 15:18:36'),
(67, 15, 'At a restaurant', 0, 'ACTIVE', '2025-05-01 15:18:36', '2025-05-01 15:18:36'),
(68, 15, 'In a store', 0, 'ACTIVE', '2025-05-01 15:18:36', '2025-05-01 15:18:36'),
(69, 15, 'At a school', 0, 'ACTIVE', '2025-05-01 15:18:36', '2025-05-01 15:18:36'),
(70, 16, 'For today\'s meeting', 1, 'ACTIVE', '2025-05-01 15:18:36', '2025-05-01 15:18:36'),
(71, 16, 'For a client presentation', 0, 'ACTIVE', '2025-05-01 15:18:36', '2025-05-01 15:18:36'),
(72, 16, 'For annual review', 0, 'ACTIVE', '2025-05-01 15:18:36', '2025-05-01 15:18:36'),
(73, 16, 'For training purposes', 0, 'ACTIVE', '2025-05-01 15:18:36', '2025-05-01 15:18:36'),
(74, 17, 'Cheeseburger and fries', 1, 'ACTIVE', '2025-05-01 15:18:51', '2025-05-01 15:18:51'),
(75, 17, 'Pizza and salad', 0, 'ACTIVE', '2025-05-01 15:18:51', '2025-05-01 15:18:51'),
(76, 17, 'Chicken sandwich', 0, 'ACTIVE', '2025-05-01 15:18:51', '2025-05-01 15:18:51'),
(77, 17, 'Hot dog', 0, 'ACTIVE', '2025-05-01 15:18:51', '2025-05-01 15:18:51'),
(78, 18, 'Soda', 1, 'ACTIVE', '2025-05-01 15:18:51', '2025-05-01 15:18:51'),
(79, 18, 'Water', 0, 'ACTIVE', '2025-05-01 15:18:51', '2025-05-01 15:18:51'),
(80, 18, 'Coffee', 0, 'ACTIVE', '2025-05-01 15:18:51', '2025-05-01 15:18:51'),
(81, 18, 'Juice', 0, 'ACTIVE', '2025-05-01 15:18:51', '2025-05-01 15:18:51'),
(82, 19, 'At a restaurant', 1, 'ACTIVE', '2025-05-01 15:18:51', '2025-05-01 15:18:51'),
(83, 19, 'At a grocery store', 0, 'ACTIVE', '2025-05-01 15:18:51', '2025-05-01 15:18:51'),
(84, 19, 'At home', 0, 'ACTIVE', '2025-05-01 15:18:51', '2025-05-01 15:18:51'),
(85, 19, 'At a coffee shop', 0, 'ACTIVE', '2025-05-01 15:18:51', '2025-05-01 15:18:51'),
(86, 20, 'If they want a drink', 1, 'ACTIVE', '2025-05-01 15:18:51', '2025-05-01 15:18:51'),
(87, 20, 'If they want dessert', 0, 'ACTIVE', '2025-05-01 15:18:51', '2025-05-01 15:18:51'),
(88, 20, 'If they need a menu', 0, 'ACTIVE', '2025-05-01 15:18:51', '2025-05-01 15:18:51'),
(89, 20, 'If they want to pay now', 0, 'ACTIVE', '2025-05-01 15:18:51', '2025-05-01 15:18:51'),
(90, 21, 'Sore throat and fever', 1, 'ACTIVE', '2025-05-01 15:19:13', '2025-05-01 15:19:13'),
(91, 21, 'Headache and cough', 0, 'ACTIVE', '2025-05-01 15:19:13', '2025-05-01 15:19:13'),
(92, 21, 'Stomach pain', 0, 'ACTIVE', '2025-05-01 15:19:13', '2025-05-01 15:19:13'),
(93, 21, 'Rash', 0, 'ACTIVE', '2025-05-01 15:19:13', '2025-05-01 15:19:13'),
(94, 22, 'A doctor', 1, 'ACTIVE', '2025-05-01 15:19:13', '2025-05-01 15:19:13'),
(95, 22, 'A nurse', 0, 'ACTIVE', '2025-05-01 15:19:13', '2025-05-01 15:19:13'),
(96, 22, 'A receptionist', 0, 'ACTIVE', '2025-05-01 15:19:13', '2025-05-01 15:19:13'),
(97, 22, 'A pharmacist', 0, 'ACTIVE', '2025-05-01 15:19:13', '2025-05-01 15:19:13'),
(98, 23, 'In a doctor\'s office', 1, 'ACTIVE', '2025-05-01 15:19:13', '2025-05-01 15:19:13'),
(99, 23, 'In a hospital room', 0, 'ACTIVE', '2025-05-01 15:19:13', '2025-05-01 15:19:13'),
(100, 23, 'At a pharmacy', 0, 'ACTIVE', '2025-05-01 15:19:13', '2025-05-01 15:19:13'),
(101, 23, 'At home', 0, 'ACTIVE', '2025-05-01 15:19:13', '2025-05-01 15:19:13'),
(102, 24, 'Take a look', 1, 'ACTIVE', '2025-05-01 15:19:13', '2025-05-01 15:19:13'),
(103, 24, 'Prescribe medicine', 0, 'ACTIVE', '2025-05-01 15:19:13', '2025-05-01 15:19:13'),
(104, 24, 'Call a specialist', 0, 'ACTIVE', '2025-05-01 15:19:13', '2025-05-01 15:19:13'),
(105, 24, 'Schedule a test', 0, 'ACTIVE', '2025-05-01 15:19:13', '2025-05-01 15:19:13'),
(106, 25, 'Spain', 1, 'ACTIVE', '2025-05-01 15:19:30', '2025-05-01 15:19:30'),
(107, 25, 'France', 0, 'ACTIVE', '2025-05-01 15:19:30', '2025-05-01 15:19:30'),
(108, 25, 'Italy', 0, 'ACTIVE', '2025-05-01 15:19:30', '2025-05-01 15:19:30'),
(109, 25, 'Germany', 0, 'ACTIVE', '2025-05-01 15:19:30', '2025-05-01 15:19:30'),
(110, 26, 'This summer', 1, 'ACTIVE', '2025-05-01 15:19:30', '2025-05-01 15:19:30'),
(111, 26, 'Next winter', 0, 'ACTIVE', '2025-05-01 15:19:30', '2025-05-01 15:19:30'),
(112, 26, 'This weekend', 0, 'ACTIVE', '2025-05-01 15:19:30', '2025-05-01 15:19:30'),
(113, 26, 'Next year', 0, 'ACTIVE', '2025-05-01 15:19:30', '2025-05-01 15:19:30'),
(114, 27, 'Excited', 1, 'ACTIVE', '2025-05-01 15:19:30', '2025-05-01 15:19:30'),
(115, 27, 'Concerned', 0, 'ACTIVE', '2025-05-01 15:19:30', '2025-05-01 15:19:30'),
(116, 27, 'Disappointed', 0, 'ACTIVE', '2025-05-01 15:19:30', '2025-05-01 15:19:30'),
(117, 27, 'Confused', 0, 'ACTIVE', '2025-05-01 15:19:30', '2025-05-01 15:19:30'),
(118, 28, 'Summer travel plans', 1, 'ACTIVE', '2025-05-01 15:19:30', '2025-05-01 15:19:30'),
(119, 28, 'Work schedule', 0, 'ACTIVE', '2025-05-01 15:19:30', '2025-05-01 15:19:30'),
(120, 28, 'Family visit', 0, 'ACTIVE', '2025-05-01 15:19:30', '2025-05-01 15:19:30'),
(121, 28, 'School vacation', 0, 'ACTIVE', '2025-05-01 15:19:30', '2025-05-01 15:19:30'),
(122, 29, 'John from HR', 1, 'ACTIVE', '2025-05-01 15:23:10', '2025-05-01 15:23:10'),
(123, 29, 'Anna from Sales', 0, 'ACTIVE', '2025-05-01 15:23:10', '2025-05-01 15:23:10'),
(124, 29, 'The hotel manager', 0, 'ACTIVE', '2025-05-01 15:23:10', '2025-05-01 15:23:10'),
(125, 29, 'A customer service representative', 0, 'ACTIVE', '2025-05-01 15:23:10', '2025-05-01 15:23:10'),
(126, 30, 'HR', 1, 'ACTIVE', '2025-05-01 15:23:10', '2025-05-01 15:23:10'),
(127, 30, 'Sales', 0, 'ACTIVE', '2025-05-01 15:23:10', '2025-05-01 15:23:10'),
(128, 30, 'Marketing', 0, 'ACTIVE', '2025-05-01 15:23:10', '2025-05-01 15:23:10'),
(129, 30, 'IT', 0, 'ACTIVE', '2025-05-01 15:23:10', '2025-05-01 15:23:10'),
(130, 31, 'She says \"Yes, speaking\"', 1, 'ACTIVE', '2025-05-01 15:23:10', '2025-05-01 15:23:10'),
(131, 31, 'She says \"Hello, this is Anna\"', 0, 'ACTIVE', '2025-05-01 15:23:10', '2025-05-01 15:23:10'),
(132, 31, 'She asks \"Who is calling?\"', 0, 'ACTIVE', '2025-05-01 15:23:10', '2025-05-01 15:23:10'),
(133, 31, 'She says \"Please hold\"', 0, 'ACTIVE', '2025-05-01 15:23:10', '2025-05-01 15:23:10'),
(134, 32, 'It is not specified in the conversation', 1, 'ACTIVE', '2025-05-01 15:23:10', '2025-05-01 15:23:10'),
(135, 32, 'To schedule a meeting', 0, 'ACTIVE', '2025-05-01 15:23:10', '2025-05-01 15:23:10'),
(136, 32, 'To discuss a job offer', 0, 'ACTIVE', '2025-05-01 15:23:10', '2025-05-01 15:23:10'),
(137, 32, 'To confirm an appointment', 0, 'ACTIVE', '2025-05-01 15:23:10', '2025-05-01 15:23:10'),
(138, 33, 'A double room', 1, 'ACTIVE', '2025-05-01 15:23:21', '2025-05-01 15:23:21'),
(139, 33, 'A single room', 0, 'ACTIVE', '2025-05-01 15:23:21', '2025-05-01 15:23:21'),
(140, 33, 'A suite', 0, 'ACTIVE', '2025-05-01 15:23:21', '2025-05-01 15:23:21'),
(141, 33, 'A twin room', 0, 'ACTIVE', '2025-05-01 15:23:21', '2025-05-01 15:23:21'),
(142, 34, 'Two nights', 1, 'ACTIVE', '2025-05-01 15:23:21', '2025-05-01 15:23:21'),
(143, 34, 'One night', 0, 'ACTIVE', '2025-05-01 15:23:21', '2025-05-01 15:23:21'),
(144, 34, 'Three nights', 0, 'ACTIVE', '2025-05-01 15:23:21', '2025-05-01 15:23:21'),
(145, 34, 'A week', 0, 'ACTIVE', '2025-05-01 15:23:21', '2025-05-01 15:23:21'),
(146, 35, 'Room preference', 1, 'ACTIVE', '2025-05-01 15:23:21', '2025-05-01 15:23:21'),
(147, 35, 'Payment method', 0, 'ACTIVE', '2025-05-01 15:23:21', '2025-05-01 15:23:21'),
(148, 35, 'Check-in time', 0, 'ACTIVE', '2025-05-01 15:23:21', '2025-05-01 15:23:21'),
(149, 35, 'Special requests', 0, 'ACTIVE', '2025-05-01 15:23:21', '2025-05-01 15:23:21'),
(150, 36, 'Making a reservation', 1, 'ACTIVE', '2025-05-01 15:23:21', '2025-05-01 15:23:21'),
(151, 36, 'Checking in', 0, 'ACTIVE', '2025-05-01 15:23:21', '2025-05-01 15:23:21'),
(152, 36, 'Complaining about service', 0, 'ACTIVE', '2025-05-01 15:23:21', '2025-05-01 15:23:21'),
(153, 36, 'Asking for directions', 0, 'ACTIVE', '2025-05-01 15:23:21', '2025-05-01 15:23:21'),
(154, 37, 'Four', 1, 'ACTIVE', '2025-05-01 15:23:33', '2025-05-01 15:23:33'),
(155, 37, 'Two', 0, 'ACTIVE', '2025-05-01 15:23:33', '2025-05-01 15:23:33'),
(156, 37, 'Six', 0, 'ACTIVE', '2025-05-01 15:23:33', '2025-05-01 15:23:33'),
(157, 37, 'Eight', 0, 'ACTIVE', '2025-05-01 15:23:33', '2025-05-01 15:23:33'),
(158, 38, '7 PM', 1, 'ACTIVE', '2025-05-01 15:23:33', '2025-05-01 15:23:33'),
(159, 38, '6 PM', 0, 'ACTIVE', '2025-05-01 15:23:33', '2025-05-01 15:23:33'),
(160, 38, '8 PM', 0, 'ACTIVE', '2025-05-01 15:23:33', '2025-05-01 15:23:33'),
(161, 38, '7:30 PM', 0, 'ACTIVE', '2025-05-01 15:23:33', '2025-05-01 15:23:33'),
(162, 39, 'The preferred time', 1, 'ACTIVE', '2025-05-01 15:23:33', '2025-05-01 15:23:33'),
(163, 39, 'The menu preference', 0, 'ACTIVE', '2025-05-01 15:23:33', '2025-05-01 15:23:33'),
(164, 39, 'The guest\'s name', 0, 'ACTIVE', '2025-05-01 15:23:33', '2025-05-01 15:23:33'),
(165, 39, 'Special dietary requirements', 0, 'ACTIVE', '2025-05-01 15:23:33', '2025-05-01 15:23:33'),
(166, 40, 'Reserving a table', 1, 'ACTIVE', '2025-05-01 15:23:33', '2025-05-01 15:23:33'),
(167, 40, 'Ordering food', 0, 'ACTIVE', '2025-05-01 15:23:33', '2025-05-01 15:23:33'),
(168, 40, 'Complaining about service', 0, 'ACTIVE', '2025-05-01 15:23:33', '2025-05-01 15:23:33'),
(169, 40, 'Asking about the menu', 0, 'ACTIVE', '2025-05-01 15:23:33', '2025-05-01 15:23:33'),
(170, 41, 'The train station', 1, 'ACTIVE', '2025-05-01 15:23:48', '2025-05-01 15:23:48'),
(171, 41, 'The bus station', 0, 'ACTIVE', '2025-05-01 15:23:48', '2025-05-01 15:23:48'),
(172, 41, 'The airport', 0, 'ACTIVE', '2025-05-01 15:23:48', '2025-05-01 15:23:48'),
(173, 41, 'The hotel', 0, 'ACTIVE', '2025-05-01 15:23:48', '2025-05-01 15:23:48'),
(174, 42, 'Go straight and take the second right', 1, 'ACTIVE', '2025-05-01 15:23:49', '2025-05-01 15:23:49'),
(175, 42, 'Turn left at the traffic light', 0, 'ACTIVE', '2025-05-01 15:23:49', '2025-05-01 15:23:49'),
(176, 42, 'Take the first left after the park', 0, 'ACTIVE', '2025-05-01 15:23:49', '2025-05-01 15:23:49'),
(177, 42, 'Go straight for three blocks', 0, 'ACTIVE', '2025-05-01 15:23:49', '2025-05-01 15:23:49'),
(178, 43, 'Thanks a lot', 1, 'ACTIVE', '2025-05-01 15:23:49', '2025-05-01 15:23:49'),
(179, 43, 'Could you repeat that?', 0, 'ACTIVE', '2025-05-01 15:23:49', '2025-05-01 15:23:49'),
(180, 43, 'Is it far?', 0, 'ACTIVE', '2025-05-01 15:23:49', '2025-05-01 15:23:49'),
(181, 43, 'I don\'t understand', 0, 'ACTIVE', '2025-05-01 15:23:49', '2025-05-01 15:23:49'),
(182, 44, 'Strangers', 1, 'ACTIVE', '2025-05-01 15:23:49', '2025-05-01 15:23:49'),
(183, 44, 'Colleagues', 0, 'ACTIVE', '2025-05-01 15:23:49', '2025-05-01 15:23:49'),
(184, 44, 'Friends', 0, 'ACTIVE', '2025-05-01 15:23:49', '2025-05-01 15:23:49'),
(185, 44, 'Family members', 0, 'ACTIVE', '2025-05-01 15:23:49', '2025-05-01 15:23:49'),
(186, 45, 'Project manager', 1, 'ACTIVE', '2025-05-01 15:24:01', '2025-05-01 15:24:01'),
(187, 45, 'Sales representative', 0, 'ACTIVE', '2025-05-01 15:24:01', '2025-05-01 15:24:01'),
(188, 45, 'HR specialist', 0, 'ACTIVE', '2025-05-01 15:24:01', '2025-05-01 15:24:01'),
(189, 45, 'Accountant', 0, 'ACTIVE', '2025-05-01 15:24:01', '2025-05-01 15:24:01'),
(190, 46, 'That\'s impressive', 1, 'ACTIVE', '2025-05-01 15:24:01', '2025-05-01 15:24:01'),
(191, 46, 'I see', 0, 'ACTIVE', '2025-05-01 15:24:01', '2025-05-01 15:24:01'),
(192, 46, 'Interesting', 0, 'ACTIVE', '2025-05-01 15:24:01', '2025-05-01 15:24:01'),
(193, 46, 'Tell me more', 0, 'ACTIVE', '2025-05-01 15:24:01', '2025-05-01 15:24:01'),
(194, 47, 'The candidate\'s previous job', 1, 'ACTIVE', '2025-05-01 15:24:01', '2025-05-01 15:24:01'),
(195, 47, 'The candidate\'s education', 0, 'ACTIVE', '2025-05-01 15:24:01', '2025-05-01 15:24:01'),
(196, 47, 'The candidate\'s skills', 0, 'ACTIVE', '2025-05-01 15:24:01', '2025-05-01 15:24:01'),
(197, 47, 'The candidate\'s availability', 0, 'ACTIVE', '2025-05-01 15:24:01', '2025-05-01 15:24:01'),
(198, 48, 'A job interview', 1, 'ACTIVE', '2025-05-01 15:24:01', '2025-05-01 15:24:01'),
(199, 48, 'A performance review', 0, 'ACTIVE', '2025-05-01 15:24:01', '2025-05-01 15:24:01'),
(200, 48, 'A team meeting', 0, 'ACTIVE', '2025-05-01 15:24:01', '2025-05-01 15:24:01'),
(201, 48, 'A training session', 0, 'ACTIVE', '2025-05-01 15:24:01', '2025-05-01 15:24:01'),
(202, 49, 'It has been raining all day.', 1, 'ACTIVE', '2025-05-01 15:27:47', '2025-05-01 15:27:47'),
(203, 49, 'It is sunny and warm.', 0, 'ACTIVE', '2025-05-01 15:27:47', '2025-05-01 15:27:47'),
(204, 49, 'It is snowing heavily.', 0, 'ACTIVE', '2025-05-01 15:27:47', '2025-05-01 15:27:47'),
(205, 49, 'There is a thunderstorm.', 0, 'ACTIVE', '2025-05-01 15:27:47', '2025-05-01 15:27:47'),
(206, 50, 'They miss the sun.', 1, 'ACTIVE', '2025-05-01 15:27:47', '2025-05-01 15:27:47'),
(207, 50, 'They enjoy the rain.', 0, 'ACTIVE', '2025-05-01 15:27:47', '2025-05-01 15:27:47'),
(208, 50, 'They are scared of the weather.', 0, 'ACTIVE', '2025-05-01 15:27:47', '2025-05-01 15:27:47'),
(209, 50, 'They don\'t care about the weather.', 0, 'ACTIVE', '2025-05-01 15:27:47', '2025-05-01 15:27:47'),
(210, 51, 'Better weather', 1, 'ACTIVE', '2025-05-01 15:27:47', '2025-05-01 15:27:47'),
(211, 51, 'More rain', 0, 'ACTIVE', '2025-05-01 15:27:47', '2025-05-01 15:27:47'),
(212, 51, 'A day off work', 0, 'ACTIVE', '2025-05-01 15:27:47', '2025-05-01 15:27:47'),
(213, 51, 'To go shopping', 0, 'ACTIVE', '2025-05-01 15:27:47', '2025-05-01 15:27:47'),
(214, 52, 'All day', 1, 'ACTIVE', '2025-05-01 15:27:47', '2025-05-01 15:27:47'),
(215, 52, 'For an hour', 0, 'ACTIVE', '2025-05-01 15:27:47', '2025-05-01 15:27:47'),
(216, 52, 'Since yesterday', 0, 'ACTIVE', '2025-05-01 15:27:47', '2025-05-01 15:27:47'),
(217, 52, 'It hasn\'t rained yet', 0, 'ACTIVE', '2025-05-01 15:27:47', '2025-05-01 15:27:47'),
(218, 53, 'Medium', 1, 'ACTIVE', '2025-05-01 15:28:00', '2025-05-01 15:28:00'),
(219, 53, 'Small', 0, 'ACTIVE', '2025-05-01 15:28:00', '2025-05-01 15:28:00'),
(220, 53, 'Large', 0, 'ACTIVE', '2025-05-01 15:28:00', '2025-05-01 15:28:00'),
(221, 53, 'Extra large', 0, 'ACTIVE', '2025-05-01 15:28:00', '2025-05-01 15:28:00'),
(222, 54, 'Checks the back', 1, 'ACTIVE', '2025-05-01 15:28:00', '2025-05-01 15:28:00'),
(223, 54, 'Asks for more money', 0, 'ACTIVE', '2025-05-01 15:28:00', '2025-05-01 15:28:00'),
(224, 54, 'Says they don\'t have it', 0, 'ACTIVE', '2025-05-01 15:28:00', '2025-05-01 15:28:00'),
(225, 54, 'Offers a discount', 0, 'ACTIVE', '2025-05-01 15:28:00', '2025-05-01 15:28:00'),
(226, 55, 'Says \"Thank you\"', 1, 'ACTIVE', '2025-05-01 15:28:00', '2025-05-01 15:28:00'),
(227, 55, 'Asks for another size', 0, 'ACTIVE', '2025-05-01 15:28:00', '2025-05-01 15:28:00'),
(228, 55, 'Complains about the price', 0, 'ACTIVE', '2025-05-01 15:28:00', '2025-05-01 15:28:00'),
(229, 55, 'Leaves the store', 0, 'ACTIVE', '2025-05-01 15:28:00', '2025-05-01 15:28:00'),
(230, 56, 'In a clothing store', 1, 'ACTIVE', '2025-05-01 15:28:00', '2025-05-01 15:28:00'),
(231, 56, 'At a supermarket', 0, 'ACTIVE', '2025-05-01 15:28:00', '2025-05-01 15:28:00'),
(232, 56, 'In a restaurant', 0, 'ACTIVE', '2025-05-01 15:28:00', '2025-05-01 15:28:00'),
(233, 56, 'At a bank', 0, 'ACTIVE', '2025-05-01 15:28:00', '2025-05-01 15:28:00'),
(234, 57, 'Science books', 1, 'ACTIVE', '2025-05-01 15:28:12', '2025-05-01 15:28:12'),
(235, 57, 'History books', 0, 'ACTIVE', '2025-05-01 15:28:12', '2025-05-01 15:28:12'),
(236, 57, 'Magazines', 0, 'ACTIVE', '2025-05-01 15:28:12', '2025-05-01 15:28:12'),
(237, 57, 'Newspapers', 0, 'ACTIVE', '2025-05-01 15:28:12', '2025-05-01 15:28:12'),
(238, 58, 'Aisle 4 on the right', 1, 'ACTIVE', '2025-05-01 15:28:12', '2025-05-01 15:28:12'),
(239, 58, 'Aisle 3 on the left', 0, 'ACTIVE', '2025-05-01 15:28:12', '2025-05-01 15:28:12'),
(240, 58, 'Near the entrance', 0, 'ACTIVE', '2025-05-01 15:28:12', '2025-05-01 15:28:12'),
(241, 58, 'In the basement', 0, 'ACTIVE', '2025-05-01 15:28:12', '2025-05-01 15:28:12'),
(242, 59, 'Says \"Thanks!\"', 1, 'ACTIVE', '2025-05-01 15:28:12', '2025-05-01 15:28:12'),
(243, 59, 'Asks for more help', 0, 'ACTIVE', '2025-05-01 15:28:12', '2025-05-01 15:28:12'),
(244, 59, 'Complains about the location', 0, 'ACTIVE', '2025-05-01 15:28:12', '2025-05-01 15:28:12'),
(245, 59, 'Doesn\'t say anything', 0, 'ACTIVE', '2025-05-01 15:28:12', '2025-05-01 15:28:12'),
(246, 60, 'In a library', 1, 'ACTIVE', '2025-05-01 15:28:12', '2025-05-01 15:28:12'),
(247, 60, 'In a bookstore', 0, 'ACTIVE', '2025-05-01 15:28:12', '2025-05-01 15:28:12'),
(248, 60, 'In a school', 0, 'ACTIVE', '2025-05-01 15:28:12', '2025-05-01 15:28:12'),
(249, 60, 'In an office', 0, 'ACTIVE', '2025-05-01 15:28:12', '2025-05-01 15:28:12'),
(250, 61, 'To request a meeting', 1, 'ACTIVE', '2025-05-01 15:28:28', '2025-05-01 15:28:28'),
(251, 61, 'To submit a report', 0, 'ACTIVE', '2025-05-01 15:28:28', '2025-05-01 15:28:28'),
(252, 61, 'To ask for a promotion', 0, 'ACTIVE', '2025-05-01 15:28:28', '2025-05-01 15:28:28'),
(253, 61, 'To complain about a coworker', 0, 'ACTIVE', '2025-05-01 15:28:28', '2025-05-01 15:28:28'),
(254, 62, 'The current project', 1, 'ACTIVE', '2025-05-01 15:28:28', '2025-05-01 15:28:28'),
(255, 62, 'A new assignment', 0, 'ACTIVE', '2025-05-01 15:28:28', '2025-05-01 15:28:28'),
(256, 62, 'A vacation request', 0, 'ACTIVE', '2025-05-01 15:28:28', '2025-05-01 15:28:28'),
(257, 62, 'Salary increase', 0, 'ACTIVE', '2025-05-01 15:28:28', '2025-05-01 15:28:28'),
(258, 63, 'Next week', 1, 'ACTIVE', '2025-05-01 15:28:28', '2025-05-01 15:28:28'),
(259, 63, 'Tomorrow', 0, 'ACTIVE', '2025-05-01 15:28:28', '2025-05-01 15:28:28'),
(260, 63, 'Today', 0, 'ACTIVE', '2025-05-01 15:28:28', '2025-05-01 15:28:28'),
(261, 63, 'Next month', 0, 'ACTIVE', '2025-05-01 15:28:28', '2025-05-01 15:28:28'),
(262, 64, 'With a polite greeting', 1, 'ACTIVE', '2025-05-01 15:28:28', '2025-05-01 15:28:28'),
(263, 64, 'With an urgent request', 0, 'ACTIVE', '2025-05-01 15:28:28', '2025-05-01 15:28:28'),
(264, 64, 'With a complaint', 0, 'ACTIVE', '2025-05-01 15:28:28', '2025-05-01 15:28:28'),
(265, 64, 'With an apology', 0, 'ACTIVE', '2025-05-01 15:28:28', '2025-05-01 15:28:28'),
(266, 65, 'To apply for a job', 1, 'ACTIVE', '2025-05-01 15:28:42', '2025-05-01 15:28:42'),
(267, 65, 'To resign from a position', 0, 'ACTIVE', '2025-05-01 15:28:42', '2025-05-01 15:28:42'),
(268, 65, 'To request information', 0, 'ACTIVE', '2025-05-01 15:28:42', '2025-05-01 15:28:42'),
(269, 65, 'To make a complaint', 0, 'ACTIVE', '2025-05-01 15:28:42', '2025-05-01 15:28:42'),
(270, 66, 'Sales Manager', 1, 'ACTIVE', '2025-05-01 15:28:42', '2025-05-01 15:28:42'),
(271, 66, 'Marketing Director', 0, 'ACTIVE', '2025-05-01 15:28:42', '2025-05-01 15:28:42'),
(272, 66, 'Customer Service Representative', 0, 'ACTIVE', '2025-05-01 15:28:42', '2025-05-01 15:28:42'),
(273, 66, 'Administrative Assistant', 0, 'ACTIVE', '2025-05-01 15:28:42', '2025-05-01 15:28:42'),
(274, 67, 'To whom it may concern', 1, 'ACTIVE', '2025-05-01 15:28:42', '2025-05-01 15:28:42'),
(275, 67, 'Dear Hiring Manager', 0, 'ACTIVE', '2025-05-01 15:28:42', '2025-05-01 15:28:42'),
(276, 67, 'Hello', 0, 'ACTIVE', '2025-05-01 15:28:42', '2025-05-01 15:28:42'),
(277, 67, 'Dear Sir/Madam', 0, 'ACTIVE', '2025-05-01 15:28:42', '2025-05-01 15:28:42'),
(278, 68, 'A job application letter', 1, 'ACTIVE', '2025-05-01 15:28:42', '2025-05-01 15:28:42'),
(279, 68, 'A resignation letter', 0, 'ACTIVE', '2025-05-01 15:28:42', '2025-05-01 15:28:42'),
(280, 68, 'A thank you letter', 0, 'ACTIVE', '2025-05-01 15:28:42', '2025-05-01 15:28:42'),
(281, 68, 'A complaint letter', 0, 'ACTIVE', '2025-05-01 15:28:42', '2025-05-01 15:28:42'),
(282, 69, 'Rome', 1, 'ACTIVE', '2025-05-01 15:33:47', '2025-05-01 15:33:47'),
(283, 69, 'Paris', 0, 'ACTIVE', '2025-05-01 15:33:47', '2025-05-01 15:33:47'),
(284, 69, 'London', 0, 'ACTIVE', '2025-05-01 15:33:47', '2025-05-01 15:33:47'),
(285, 69, 'Berlin', 0, 'ACTIVE', '2025-05-01 15:33:47', '2025-05-01 15:33:47'),
(286, 70, 'The Colosseum and the local cuisine', 1, 'ACTIVE', '2025-05-01 15:33:47', '2025-05-01 15:33:47'),
(287, 70, 'The shopping malls', 0, 'ACTIVE', '2025-05-01 15:33:47', '2025-05-01 15:33:47'),
(288, 70, 'The modern architecture', 0, 'ACTIVE', '2025-05-01 15:33:47', '2025-05-01 15:33:47'),
(289, 70, 'The nightclubs', 0, 'ACTIVE', '2025-05-01 15:33:47', '2025-05-01 15:33:47'),
(290, 71, 'Full of life and history', 1, 'ACTIVE', '2025-05-01 15:33:47', '2025-05-01 15:33:47'),
(291, 71, 'Quiet and peaceful', 0, 'ACTIVE', '2025-05-01 15:33:47', '2025-05-01 15:33:47'),
(292, 71, 'Industrial and modern', 0, 'ACTIVE', '2025-05-01 15:33:47', '2025-05-01 15:33:47'),
(293, 71, 'Small and unremarkable', 0, 'ACTIVE', '2025-05-01 15:33:47', '2025-05-01 15:33:47'),
(294, 72, 'A travel blog entry', 1, 'ACTIVE', '2025-05-01 15:33:47', '2025-05-01 15:33:47'),
(295, 72, 'A news report', 0, 'ACTIVE', '2025-05-01 15:33:47', '2025-05-01 15:33:47'),
(296, 72, 'A business memo', 0, 'ACTIVE', '2025-05-01 15:33:47', '2025-05-01 15:33:47'),
(297, 72, 'A product review', 0, 'ACTIVE', '2025-05-01 15:33:47', '2025-05-01 15:33:47'),
(298, 73, 'To invite people to a workshop', 1, 'ACTIVE', '2025-05-01 15:34:00', '2025-05-01 15:34:00'),
(299, 73, 'To announce a new product', 0, 'ACTIVE', '2025-05-01 15:34:00', '2025-05-01 15:34:00'),
(300, 73, 'To report on a past event', 0, 'ACTIVE', '2025-05-01 15:34:00', '2025-05-01 15:34:00'),
(301, 73, 'To advertise a job opening', 0, 'ACTIVE', '2025-05-01 15:34:00', '2025-05-01 15:34:00'),
(302, 74, 'August 12th', 1, 'ACTIVE', '2025-05-01 15:34:00', '2025-05-01 15:34:00'),
(303, 74, 'July 15th', 0, 'ACTIVE', '2025-05-01 15:34:00', '2025-05-01 15:34:00'),
(304, 74, 'September 1st', 0, 'ACTIVE', '2025-05-01 15:34:00', '2025-05-01 15:34:00'),
(305, 74, 'October 20th', 0, 'ACTIVE', '2025-05-01 15:34:01', '2025-05-01 15:34:01'),
(306, 75, 'Marketing Strategies', 1, 'ACTIVE', '2025-05-01 15:34:01', '2025-05-01 15:34:01'),
(307, 75, 'Financial Planning', 0, 'ACTIVE', '2025-05-01 15:34:01', '2025-05-01 15:34:01'),
(308, 75, 'Technical Writing', 0, 'ACTIVE', '2025-05-01 15:34:01', '2025-05-01 15:34:01'),
(309, 75, 'Leadership Skills', 0, 'ACTIVE', '2025-05-01 15:34:01', '2025-05-01 15:34:01'),
(310, 76, 'At the main office', 1, 'ACTIVE', '2025-05-01 15:34:01', '2025-05-01 15:34:01'),
(311, 76, 'At a hotel', 0, 'ACTIVE', '2025-05-01 15:34:01', '2025-05-01 15:34:01'),
(312, 76, 'Online', 0, 'ACTIVE', '2025-05-01 15:34:01', '2025-05-01 15:34:01'),
(313, 76, 'At a conference center', 0, 'ACTIVE', '2025-05-01 15:34:01', '2025-05-01 15:34:01'),
(314, 77, 'All staff', 1, 'ACTIVE', '2025-05-01 15:34:14', '2025-05-01 15:34:14'),
(315, 77, 'Only managers', 0, 'ACTIVE', '2025-05-01 15:34:14', '2025-05-01 15:34:14'),
(316, 77, 'New employees only', 0, 'ACTIVE', '2025-05-01 15:34:15', '2025-05-01 15:34:15'),
(317, 77, 'The IT department', 0, 'ACTIVE', '2025-05-01 15:34:15', '2025-05-01 15:34:15'),
(318, 78, 'Online security training', 1, 'ACTIVE', '2025-05-01 15:34:15', '2025-05-01 15:34:15'),
(319, 78, 'Customer service training', 0, 'ACTIVE', '2025-05-01 15:34:15', '2025-05-01 15:34:15'),
(320, 78, 'Sales training', 0, 'ACTIVE', '2025-05-01 15:34:15', '2025-05-01 15:34:15'),
(321, 78, 'Diversity training', 0, 'ACTIVE', '2025-05-01 15:34:15', '2025-05-01 15:34:15'),
(322, 79, 'By the end of the month', 1, 'ACTIVE', '2025-05-01 15:34:15', '2025-05-01 15:34:15'),
(323, 79, 'Within a week', 0, 'ACTIVE', '2025-05-01 15:34:15', '2025-05-01 15:34:15'),
(324, 79, 'By the end of the year', 0, 'ACTIVE', '2025-05-01 15:34:15', '2025-05-01 15:34:15'),
(325, 79, 'Within two weeks', 0, 'ACTIVE', '2025-05-01 15:34:15', '2025-05-01 15:34:15'),
(326, 80, 'A company memo', 1, 'ACTIVE', '2025-05-01 15:34:15', '2025-05-01 15:34:15'),
(327, 80, 'A job advertisement', 0, 'ACTIVE', '2025-05-01 15:34:15', '2025-05-01 15:34:15'),
(328, 80, 'A newsletter', 0, 'ACTIVE', '2025-05-01 15:34:15', '2025-05-01 15:34:15'),
(329, 80, 'A meeting agenda', 0, 'ACTIVE', '2025-05-01 15:34:15', '2025-05-01 15:34:15'),
(330, 81, 'SmartWatch 2.0', 1, 'ACTIVE', '2025-05-01 15:34:27', '2025-05-01 15:34:27'),
(331, 81, 'Fitness Tracker Pro', 0, 'ACTIVE', '2025-05-01 15:34:27', '2025-05-01 15:34:27'),
(332, 81, 'Phone X', 0, 'ACTIVE', '2025-05-01 15:34:27', '2025-05-01 15:34:27'),
(333, 81, 'Tablet Mini', 0, 'ACTIVE', '2025-05-01 15:34:27', '2025-05-01 15:34:27'),
(334, 82, 'Water resistance', 1, 'ACTIVE', '2025-05-01 15:34:27', '2025-05-01 15:34:27'),
(335, 82, 'Sleek design', 0, 'ACTIVE', '2025-05-01 15:34:27', '2025-05-01 15:34:27'),
(336, 82, 'Heart rate monitor', 0, 'ACTIVE', '2025-05-01 15:34:27', '2025-05-01 15:34:27'),
(337, 82, 'Extended battery life', 0, 'ACTIVE', '2025-05-01 15:34:27', '2025-05-01 15:34:27'),
(338, 83, 'Sleek', 1, 'ACTIVE', '2025-05-01 15:34:28', '2025-05-01 15:34:28'),
(339, 83, 'Bulky', 0, 'ACTIVE', '2025-05-01 15:34:28', '2025-05-01 15:34:28'),
(340, 83, 'Colorful', 0, 'ACTIVE', '2025-05-01 15:34:28', '2025-05-01 15:34:28'),
(341, 83, 'Plain', 0, 'ACTIVE', '2025-05-01 15:34:28', '2025-05-01 15:34:28'),
(342, 84, 'It has extended life', 1, 'ACTIVE', '2025-05-01 15:34:28', '2025-05-01 15:34:28'),
(343, 84, 'It charges wirelessly', 0, 'ACTIVE', '2025-05-01 15:34:28', '2025-05-01 15:34:28'),
(344, 84, 'It is removable', 0, 'ACTIVE', '2025-05-01 15:34:28', '2025-05-01 15:34:28'),
(345, 84, 'It is solar-powered', 0, 'ACTIVE', '2025-05-01 15:34:28', '2025-05-01 15:34:28'),
(346, 85, 'The local government', 1, 'ACTIVE', '2025-05-01 15:34:40', '2025-05-01 15:34:40'),
(347, 85, 'A private company', 0, 'ACTIVE', '2025-05-01 15:34:40', '2025-05-01 15:34:40'),
(348, 85, 'A community group', 0, 'ACTIVE', '2025-05-01 15:34:40', '2025-05-01 15:34:40'),
(349, 85, 'A national organization', 0, 'ACTIVE', '2025-05-01 15:34:40', '2025-05-01 15:34:40'),
(350, 86, 'Park renovation', 1, 'ACTIVE', '2025-05-01 15:34:40', '2025-05-01 15:34:40'),
(351, 86, 'Road construction', 0, 'ACTIVE', '2025-05-01 15:34:40', '2025-05-01 15:34:40'),
(352, 86, 'School building', 0, 'ACTIVE', '2025-05-01 15:34:40', '2025-05-01 15:34:40'),
(353, 86, 'Hospital expansion', 0, 'ACTIVE', '2025-05-01 15:34:40', '2025-05-01 15:34:40'),
(354, 87, 'Next spring', 1, 'ACTIVE', '2025-05-01 15:34:40', '2025-05-01 15:34:40'),
(355, 87, 'This summer', 0, 'ACTIVE', '2025-05-01 15:34:40', '2025-05-01 15:34:40'),
(356, 87, 'Next fall', 0, 'ACTIVE', '2025-05-01 15:34:40', '2025-05-01 15:34:40'),
(357, 87, 'This winter', 0, 'ACTIVE', '2025-05-01 15:34:40', '2025-05-01 15:34:40'),
(358, 88, 'A news article', 1, 'ACTIVE', '2025-05-01 15:34:40', '2025-05-01 15:34:40'),
(359, 88, 'An advertisement', 0, 'ACTIVE', '2025-05-01 15:34:40', '2025-05-01 15:34:40'),
(360, 88, 'A personal letter', 0, 'ACTIVE', '2025-05-01 15:34:40', '2025-05-01 15:34:40'),
(361, 88, 'A research paper', 0, 'ACTIVE', '2025-05-01 15:34:40', '2025-05-01 15:34:40'),
(362, 86, 'Download the setup file', 0, 'ACTIVE', '2025-05-01 15:38:30', '2025-05-01 15:38:30'),
(363, 86, 'Double-click the setup file', 1, 'ACTIVE', '2025-05-01 15:38:30', '2025-05-01 15:38:30'),
(364, 86, 'Read the manual first', 0, 'ACTIVE', '2025-05-01 15:38:30', '2025-05-01 15:38:30'),
(365, 86, 'Restart your computer', 0, 'ACTIVE', '2025-05-01 15:38:30', '2025-05-01 15:38:30'),
(366, 87, 'By double-clicking it', 1, 'ACTIVE', '2025-05-01 15:38:30', '2025-05-01 15:38:30'),
(367, 87, 'By right-clicking it', 0, 'ACTIVE', '2025-05-01 15:38:30', '2025-05-01 15:38:30'),
(368, 87, 'By dragging it to the trash', 0, 'ACTIVE', '2025-05-01 15:38:30', '2025-05-01 15:38:30'),
(369, 87, 'By renaming it', 0, 'ACTIVE', '2025-05-01 15:38:30', '2025-05-01 15:38:30'),
(370, 88, 'The on-screen instructions', 1, 'ACTIVE', '2025-05-01 15:38:30', '2025-05-01 15:38:30'),
(371, 88, 'A printed manual', 0, 'ACTIVE', '2025-05-01 15:38:30', '2025-05-01 15:38:30'),
(372, 88, 'A customer service representative', 0, 'ACTIVE', '2025-05-01 15:38:30', '2025-05-01 15:38:30'),
(373, 88, 'The software developer', 0, 'ACTIVE', '2025-05-01 15:38:30', '2025-05-01 15:38:30'),
(374, 89, 'A user manual', 1, 'ACTIVE', '2025-05-01 15:38:30', '2025-05-01 15:38:30'),
(375, 89, 'A novel', 0, 'ACTIVE', '2025-05-01 15:38:30', '2025-05-01 15:38:30'),
(376, 89, 'A newspaper article', 0, 'ACTIVE', '2025-05-01 15:38:30', '2025-05-01 15:38:30'),
(377, 89, 'A hotel review', 0, 'ACTIVE', '2025-05-01 15:38:30', '2025-05-01 15:38:30'),
(378, 90, 'It was clean and well-located', 1, 'ACTIVE', '2025-05-01 15:38:30', '2025-05-01 15:38:30'),
(379, 90, 'The service was excellent', 0, 'ACTIVE', '2025-05-01 15:38:30', '2025-05-01 15:38:30'),
(380, 90, 'The food was delicious', 0, 'ACTIVE', '2025-05-01 15:38:30', '2025-05-01 15:38:30'),
(381, 90, 'The rooms were spacious', 0, 'ACTIVE', '2025-05-01 15:38:30', '2025-05-01 15:38:30'),
(382, 91, 'The cleanliness', 0, 'ACTIVE', '2025-05-01 15:38:30', '2025-05-01 15:38:30'),
(383, 91, 'The service', 1, 'ACTIVE', '2025-05-01 15:38:30', '2025-05-01 15:38:30'),
(384, 91, 'The location', 0, 'ACTIVE', '2025-05-01 15:38:30', '2025-05-01 15:38:30'),
(385, 91, 'The price', 0, 'ACTIVE', '2025-05-01 15:38:30', '2025-05-01 15:38:30'),
(386, 92, 'Poor', 0, 'ACTIVE', '2025-05-01 15:38:30', '2025-05-01 15:38:30'),
(387, 92, 'Well-located', 1, 'ACTIVE', '2025-05-01 15:38:30', '2025-05-01 15:38:30'),
(388, 92, 'Remote', 0, 'ACTIVE', '2025-05-01 15:38:30', '2025-05-01 15:38:30'),
(389, 92, 'Not mentioned', 0, 'ACTIVE', '2025-05-01 15:38:30', '2025-05-01 15:38:30'),
(390, 93, 'A customer review', 1, 'ACTIVE', '2025-05-01 15:38:30', '2025-05-01 15:38:30'),
(391, 93, 'A news report', 0, 'ACTIVE', '2025-05-01 15:38:30', '2025-05-01 15:38:30'),
(392, 93, 'An advertisement', 0, 'ACTIVE', '2025-05-01 15:38:30', '2025-05-01 15:38:30'),
(393, 93, 'A scientific article', 0, 'ACTIVE', '2025-05-01 15:38:30', '2025-05-01 15:38:30'),
(394, 94, 'Log in to their account', 0, 'ACTIVE', '2025-05-01 15:38:30', '2025-05-01 15:38:30'),
(395, 94, 'Reset their password', 1, 'ACTIVE', '2025-05-01 15:38:30', '2025-05-01 15:38:30'),
(396, 94, 'Change their username', 0, 'ACTIVE', '2025-05-01 15:38:30', '2025-05-01 15:38:30'),
(397, 94, 'Delete their account', 0, 'ACTIVE', '2025-05-01 15:38:30', '2025-05-01 15:38:30'),
(398, 95, 'On \"Forgot Password\"', 1, 'ACTIVE', '2025-05-01 15:38:30', '2025-05-01 15:38:30'),
(399, 95, 'On \"Create Account\"', 0, 'ACTIVE', '2025-05-01 15:38:30', '2025-05-01 15:38:30'),
(400, 95, 'On \"Help Center\"', 0, 'ACTIVE', '2025-05-01 15:38:30', '2025-05-01 15:38:30'),
(401, 95, 'On \"Settings\"', 0, 'ACTIVE', '2025-05-01 15:38:30', '2025-05-01 15:38:30'),
(402, 96, 'Contact customer service', 0, 'ACTIVE', '2025-05-01 15:38:30', '2025-05-01 15:38:30'),
(403, 96, 'Follow the instructions', 1, 'ACTIVE', '2025-05-01 15:38:30', '2025-05-01 15:38:30'),
(404, 96, 'Restart the computer', 0, 'ACTIVE', '2025-05-01 15:38:30', '2025-05-01 15:38:30'),
(405, 96, 'Wait for an email', 0, 'ACTIVE', '2025-05-01 15:38:30', '2025-05-01 15:38:30'),
(406, 97, 'A Frequently Asked Questions section', 1, 'ACTIVE', '2025-05-01 15:38:30', '2025-05-01 15:38:30'),
(407, 97, 'A legal document', 0, 'ACTIVE', '2025-05-01 15:38:30', '2025-05-01 15:38:30'),
(408, 97, 'A personal letter', 0, 'ACTIVE', '2025-05-01 15:38:30', '2025-05-01 15:38:30'),
(409, 97, 'A product description', 0, 'ACTIVE', '2025-05-01 15:38:30', '2025-05-01 15:38:30'),
(410, 98, 'To remind about an appointment', 1, 'ACTIVE', '2025-05-01 15:38:30', '2025-05-01 15:38:30'),
(411, 98, 'To cancel an appointment', 0, 'ACTIVE', '2025-05-01 15:38:30', '2025-05-01 15:38:30'),
(412, 98, 'To schedule a new appointment', 0, 'ACTIVE', '2025-05-01 15:38:30', '2025-05-01 15:38:30'),
(413, 98, 'To complain about a service', 0, 'ACTIVE', '2025-05-01 15:38:30', '2025-05-01 15:38:30'),
(414, 99, 'Monday at 10 AM', 1, 'ACTIVE', '2025-05-01 15:38:30', '2025-05-01 15:38:30'),
(415, 99, 'Tuesday at 2 PM', 0, 'ACTIVE', '2025-05-01 15:38:30', '2025-05-01 15:38:30'),
(416, 99, 'Friday at 9 AM', 0, 'ACTIVE', '2025-05-01 15:38:30', '2025-05-01 15:38:30'),
(417, 99, 'Not specified', 0, 'ACTIVE', '2025-05-01 15:38:30', '2025-05-01 15:38:30'),
(418, 100, 'Dentist appointment', 1, 'ACTIVE', '2025-05-01 15:38:30', '2025-05-01 15:38:30'),
(419, 100, 'Doctor\'s checkup', 0, 'ACTIVE', '2025-05-01 15:38:30', '2025-05-01 15:38:30'),
(420, 100, 'Hair salon appointment', 0, 'ACTIVE', '2025-05-01 15:38:30', '2025-05-01 15:38:30'),
(421, 100, 'Job interview', 0, 'ACTIVE', '2025-05-01 15:38:30', '2025-05-01 15:38:30'),
(422, 101, 'Friendly', 1, 'ACTIVE', '2025-05-01 15:38:30', '2025-05-01 15:38:30'),
(423, 101, 'Angry', 0, 'ACTIVE', '2025-05-01 15:38:30', '2025-05-01 15:38:30'),
(424, 101, 'Formal', 0, 'ACTIVE', '2025-05-01 15:38:30', '2025-05-01 15:38:30'),
(425, 101, 'Humorous', 0, 'ACTIVE', '2025-05-01 15:38:30', '2025-05-01 15:38:30'),
(426, 102, 'Sunny and warm', 0, 'ACTIVE', '2025-05-01 15:38:30', '2025-05-01 15:38:30'),
(427, 102, 'Dark and stormy', 1, 'ACTIVE', '2025-05-01 15:38:30', '2025-05-01 15:38:30'),
(428, 102, 'Snowy and cold', 0, 'ACTIVE', '2025-05-01 15:38:30', '2025-05-01 15:38:30'),
(429, 102, 'Foggy and damp', 0, 'ACTIVE', '2025-05-01 15:38:30', '2025-05-01 15:38:30'),
(430, 103, 'John', 0, 'ACTIVE', '2025-05-01 15:38:30', '2025-05-01 15:38:30'),
(431, 103, 'Sarah', 1, 'ACTIVE', '2025-05-01 15:38:30', '2025-05-01 15:38:30'),
(432, 103, 'Michael', 0, 'ACTIVE', '2025-05-01 15:38:30', '2025-05-01 15:38:30'),
(433, 103, 'Emily', 0, 'ACTIVE', '2025-05-01 15:38:30', '2025-05-01 15:38:30'),
(434, 104, 'A phone call', 0, 'ACTIVE', '2025-05-01 15:38:30', '2025-05-01 15:38:30'),
(435, 104, 'A knock on the door', 1, 'ACTIVE', '2025-05-01 15:38:30', '2025-05-01 15:38:30'),
(436, 104, 'A power outage', 0, 'ACTIVE', '2025-05-01 15:38:30', '2025-05-01 15:38:30'),
(437, 104, 'A car accident', 0, 'ACTIVE', '2025-05-01 15:38:30', '2025-05-01 15:38:30'),
(438, 105, 'The beginning of a story', 1, 'ACTIVE', '2025-05-01 15:38:30', '2025-05-01 15:38:30'),
(439, 105, 'A news report', 0, 'ACTIVE', '2025-05-01 15:38:30', '2025-05-01 15:38:30'),
(440, 105, 'A poem', 0, 'ACTIVE', '2025-05-01 15:38:30', '2025-05-01 15:38:30'),
(441, 105, 'A scientific article', 0, 'ACTIVE', '2025-05-01 15:38:30', '2025-05-01 15:38:30'),
(442, 109, 'Due to maintenance work', 1, 'ACTIVE', '2025-05-01 16:15:11', '2025-05-01 16:15:11'),
(444, 110, 'Partly cloudy', 1, 'ACTIVE', '2025-05-01 16:21:15', '2025-05-01 16:21:15'),
(445, 110, 'Sunny', 0, 'ACTIVE', '2025-05-01 16:21:15', '2025-05-01 16:21:15'),
(446, 110, 'Rainy', 0, 'ACTIVE', '2025-05-01 16:21:15', '2025-05-01 16:21:15'),
(447, 110, 'Snowy', 0, 'ACTIVE', '2025-05-01 16:21:15', '2025-05-01 16:21:15'),
(448, 111, '24°C', 1, 'ACTIVE', '2025-05-01 16:21:15', '2025-05-01 16:21:15'),
(449, 111, '18°C', 0, 'ACTIVE', '2025-05-01 16:21:15', '2025-05-01 16:21:15'),
(450, 111, '30°C', 0, 'ACTIVE', '2025-05-01 16:21:15', '2025-05-01 16:21:15'),
(451, 111, '15°C', 0, 'ACTIVE', '2025-05-01 16:21:15', '2025-05-01 16:21:15'),
(452, 112, 'In the afternoon', 1, 'ACTIVE', '2025-05-01 16:21:15', '2025-05-01 16:21:15'),
(453, 112, 'In the morning', 0, 'ACTIVE', '2025-05-01 16:21:15', '2025-05-01 16:21:15'),
(454, 112, 'At night', 0, 'ACTIVE', '2025-05-01 16:21:15', '2025-05-01 16:21:15'),
(455, 112, 'Around noon', 0, 'ACTIVE', '2025-05-01 16:21:15', '2025-05-01 16:21:15'),
(456, 113, 'Light showers', 1, 'ACTIVE', '2025-05-01 16:21:15', '2025-05-01 16:21:15'),
(457, 113, 'Heavy rain', 0, 'ACTIVE', '2025-05-01 16:21:15', '2025-05-01 16:21:15'),
(458, 113, 'Hail', 0, 'ACTIVE', '2025-05-01 16:21:15', '2025-05-01 16:21:15'),
(459, 113, 'Snow', 0, 'ACTIVE', '2025-05-01 16:21:15', '2025-05-01 16:21:15'),
(460, 114, 'The stairs', 1, 'ACTIVE', '2025-05-01 16:21:15', '2025-05-01 16:21:15'),
(461, 114, 'Elevators', 0, 'ACTIVE', '2025-05-01 16:21:15', '2025-05-01 16:21:15'),
(462, 114, 'Windows', 0, 'ACTIVE', '2025-05-01 16:21:15', '2025-05-01 16:21:15'),
(463, 114, 'Fire extinguishers', 0, 'ACTIVE', '2025-05-01 16:21:15', '2025-05-01 16:21:15'),
(464, 115, 'Elevators', 1, 'ACTIVE', '2025-05-01 16:21:15', '2025-05-01 16:21:15'),
(465, 115, 'Stairs', 0, 'ACTIVE', '2025-05-01 16:21:15', '2025-05-01 16:21:15'),
(466, 115, 'Emergency exits', 0, 'ACTIVE', '2025-05-01 16:21:15', '2025-05-01 16:21:15'),
(467, 115, 'Fire alarms', 0, 'ACTIVE', '2025-05-01 16:21:15', '2025-05-01 16:21:15'),
(468, 116, 'Follow emergency exit signs', 1, 'ACTIVE', '2025-05-01 16:21:15', '2025-05-01 16:21:15'),
(469, 116, 'Run to the nearest window', 0, 'ACTIVE', '2025-05-01 16:21:15', '2025-05-01 16:21:15'),
(470, 116, 'Wait for instructions', 0, 'ACTIVE', '2025-05-01 16:21:15', '2025-05-01 16:21:15'),
(471, 116, 'Use the service elevator', 0, 'ACTIVE', '2025-05-01 16:21:15', '2025-05-01 16:21:15'),
(472, 117, 'To ensure safe evacuation during a fire', 1, 'ACTIVE', '2025-05-01 16:21:15', '2025-05-01 16:21:15'),
(473, 117, 'To prevent fires from starting', 0, 'ACTIVE', '2025-05-01 16:21:15', '2025-05-01 16:21:15'),
(474, 117, 'To teach firefighting techniques', 0, 'ACTIVE', '2025-05-01 16:21:15', '2025-05-01 16:21:15'),
(475, 117, 'To explain building maintenance', 0, 'ACTIVE', '2025-05-01 16:21:15', '2025-05-01 16:21:15'),
(476, 118, 'Marketing and IT', 1, 'ACTIVE', '2025-05-01 16:26:05', '2025-05-01 16:26:05'),
(477, 118, 'Finance and HR', 0, 'ACTIVE', '2025-05-01 16:26:05', '2025-05-01 16:26:05'),
(478, 118, 'Engineering and Design', 0, 'ACTIVE', '2025-05-01 16:26:05', '2025-05-01 16:26:05'),
(479, 118, 'Sales and Operations', 0, 'ACTIVE', '2025-05-01 16:26:05', '2025-05-01 16:26:05'),
(480, 119, 'May 30th', 1, 'ACTIVE', '2025-05-01 16:26:05', '2025-05-01 16:26:05'),
(481, 119, 'June 15th', 0, 'ACTIVE', '2025-05-01 16:26:05', '2025-05-01 16:26:05'),
(482, 119, 'April 30th', 0, 'ACTIVE', '2025-05-01 16:26:05', '2025-05-01 16:26:05'),
(483, 119, 'July 1st', 0, 'ACTIVE', '2025-05-01 16:26:05', '2025-05-01 16:26:05'),
(484, 120, 'Undergraduate students', 1, 'ACTIVE', '2025-05-01 16:26:05', '2025-05-01 16:26:05'),
(485, 120, 'High school students', 0, 'ACTIVE', '2025-05-01 16:26:05', '2025-05-01 16:26:05'),
(486, 120, 'Graduate students', 0, 'ACTIVE', '2025-05-01 16:26:05', '2025-05-01 16:26:05'),
(487, 120, 'Professors', 0, 'ACTIVE', '2025-05-01 16:26:05', '2025-05-01 16:26:05'),
(488, 121, 'Summer internships', 1, 'ACTIVE', '2025-05-01 16:26:05', '2025-05-01 16:26:05'),
(489, 121, 'Winter internships', 0, 'ACTIVE', '2025-05-01 16:26:05', '2025-05-01 16:26:05'),
(490, 121, 'Year-long internships', 0, 'ACTIVE', '2025-05-01 16:26:05', '2025-05-01 16:26:05'),
(491, 121, 'Part-time internships', 0, 'ACTIVE', '2025-05-01 16:26:05', '2025-05-01 16:26:05'),
(492, 122, 'Five', 1, 'ACTIVE', '2025-05-01 16:26:18', '2025-05-01 16:26:18'),
(493, 122, 'Three', 0, 'ACTIVE', '2025-05-01 16:26:18', '2025-05-01 16:26:18'),
(494, 122, 'Seven', 0, 'ACTIVE', '2025-05-01 16:26:18', '2025-05-01 16:26:18'),
(495, 122, 'Ten', 0, 'ACTIVE', '2025-05-01 16:26:18', '2025-05-01 16:26:18'),
(496, 123, 'Under 30 minutes', 1, 'ACTIVE', '2025-05-01 16:26:18', '2025-05-01 16:26:18'),
(497, 123, 'About 1 hour', 0, 'ACTIVE', '2025-05-01 16:26:18', '2025-05-01 16:26:18'),
(498, 123, '15 minutes', 0, 'ACTIVE', '2025-05-01 16:26:18', '2025-05-01 16:26:18'),
(499, 123, '45 minutes', 0, 'ACTIVE', '2025-05-01 16:26:18', '2025-05-01 16:26:18'),
(500, 124, 'Pasta recipe', 1, 'ACTIVE', '2025-05-01 16:26:18', '2025-05-01 16:26:18'),
(501, 124, 'Salad recipe', 0, 'ACTIVE', '2025-05-01 16:26:18', '2025-05-01 16:26:18'),
(502, 124, 'Dessert recipe', 0, 'ACTIVE', '2025-05-01 16:26:18', '2025-05-01 16:26:18'),
(503, 124, 'Soup recipe', 0, 'ACTIVE', '2025-05-01 16:26:18', '2025-05-01 16:26:18'),
(504, 125, 'Easy-to-make', 1, 'ACTIVE', '2025-05-01 16:26:18', '2025-05-01 16:26:18'),
(505, 125, 'Complicated', 0, 'ACTIVE', '2025-05-01 16:26:18', '2025-05-01 16:26:18'),
(506, 125, 'Time-consuming', 0, 'ACTIVE', '2025-05-01 16:26:18', '2025-05-01 16:26:18'),
(507, 125, 'Requires special skills', 0, 'ACTIVE', '2025-05-01 16:26:18', '2025-05-01 16:26:18'),
(508, 126, 'In fire lanes and loading zones', 1, 'ACTIVE', '2025-05-01 16:26:43', '2025-05-01 16:26:43'),
(509, 126, 'In designated parking spots', 0, 'ACTIVE', '2025-05-01 16:26:43', '2025-05-01 16:26:43'),
(510, 126, 'On the sidewalk', 0, 'ACTIVE', '2025-05-01 16:26:43', '2025-05-01 16:26:43'),
(511, 126, 'In the parking garage', 0, 'ACTIVE', '2025-05-01 16:26:43', '2025-05-01 16:26:43'),
(512, 127, 'They will be towed', 1, 'ACTIVE', '2025-05-01 16:26:43', '2025-05-01 16:26:43'),
(513, 127, 'They will receive a warning', 0, 'ACTIVE', '2025-05-01 16:26:43', '2025-05-01 16:26:43'),
(514, 127, 'They will be fined immediately', 0, 'ACTIVE', '2025-05-01 16:26:43', '2025-05-01 16:26:43'),
(515, 127, 'They will be locked', 0, 'ACTIVE', '2025-05-01 16:26:43', '2025-05-01 16:26:43'),
(516, 128, 'The vehicle owner', 1, 'ACTIVE', '2025-05-01 16:26:43', '2025-05-01 16:26:43'),
(517, 128, 'The parking company', 0, 'ACTIVE', '2025-05-01 16:26:43', '2025-05-01 16:26:43'),
(518, 128, 'The city government', 0, 'ACTIVE', '2025-05-01 16:26:43', '2025-05-01 16:26:43'),
(519, 128, 'The insurance company', 0, 'ACTIVE', '2025-05-01 16:26:43', '2025-05-01 16:26:43'),
(520, 129, 'To inform about parking rules', 1, 'ACTIVE', '2025-05-01 16:26:43', '2025-05-01 16:26:43'),
(521, 129, 'To advertise parking spaces', 0, 'ACTIVE', '2025-05-01 16:26:43', '2025-05-01 16:26:43'),
(522, 129, 'To announce new parking fees', 0, 'ACTIVE', '2025-05-01 16:26:43', '2025-05-01 16:26:43'),
(523, 129, 'To promote carpooling', 0, 'ACTIVE', '2025-05-01 16:26:43', '2025-05-01 16:26:43'),
(524, 130, 'At 9:00 AM', 1, 'ACTIVE', '2025-05-01 16:26:54', '2025-05-01 16:26:54'),
(525, 130, 'At 10:00 AM', 0, 'ACTIVE', '2025-05-01 16:26:54', '2025-05-01 16:26:54'),
(526, 130, 'At 8:30 AM', 0, 'ACTIVE', '2025-05-01 16:26:54', '2025-05-01 16:26:54'),
(527, 130, 'At 9:30 AM', 0, 'ACTIVE', '2025-05-01 16:26:54', '2025-05-01 16:26:54'),
(528, 131, 'Breakout sessions', 1, 'ACTIVE', '2025-05-01 16:26:54', '2025-05-01 16:26:54'),
(529, 131, 'Lunch break', 0, 'ACTIVE', '2025-05-01 16:26:54', '2025-05-01 16:26:54'),
(530, 131, 'Closing ceremony', 0, 'ACTIVE', '2025-05-01 16:26:54', '2025-05-01 16:26:54'),
(531, 131, 'Networking event', 0, 'ACTIVE', '2025-05-01 16:26:54', '2025-05-01 16:26:54'),
(532, 132, 'Business strategy and innovation', 1, 'ACTIVE', '2025-05-01 16:26:55', '2025-05-01 16:26:55'),
(533, 132, 'Marketing and sales', 0, 'ACTIVE', '2025-05-01 16:26:55', '2025-05-01 16:26:55'),
(534, 132, 'Technology trends', 0, 'ACTIVE', '2025-05-01 16:26:55', '2025-05-01 16:26:55'),
(535, 132, 'Human resources', 0, 'ACTIVE', '2025-05-01 16:26:55', '2025-05-01 16:26:55'),
(536, 133, 'A conference', 1, 'ACTIVE', '2025-05-01 16:26:55', '2025-05-01 16:26:55'),
(537, 133, 'A workshop', 0, 'ACTIVE', '2025-05-01 16:26:55', '2025-05-01 16:26:55'),
(538, 133, 'A seminar', 0, 'ACTIVE', '2025-05-01 16:26:55', '2025-05-01 16:26:55'),
(539, 133, 'A training session', 0, 'ACTIVE', '2025-05-01 16:26:55', '2025-05-01 16:26:55'),
(540, 134, 'Next Tuesday at 3:00 PM', 1, 'ACTIVE', '2025-05-01 16:27:07', '2025-05-01 16:27:07'),
(541, 134, 'This Monday at 2:00 PM', 0, 'ACTIVE', '2025-05-01 16:27:07', '2025-05-01 16:27:07'),
(542, 134, 'Next Wednesday at 10:00 AM', 0, 'ACTIVE', '2025-05-01 16:27:07', '2025-05-01 16:27:07'),
(543, 134, 'This Friday at 4:00 PM', 0, 'ACTIVE', '2025-05-01 16:27:07', '2025-05-01 16:27:07'),
(544, 135, 'In Room 402', 1, 'ACTIVE', '2025-05-01 16:27:07', '2025-05-01 16:27:07'),
(545, 135, 'In the main auditorium', 0, 'ACTIVE', '2025-05-01 16:27:07', '2025-05-01 16:27:07'),
(546, 135, 'In the cafeteria', 0, 'ACTIVE', '2025-05-01 16:27:07', '2025-05-01 16:27:07'),
(547, 135, 'In the conference room', 0, 'ACTIVE', '2025-05-01 16:27:07', '2025-05-01 16:27:07'),
(548, 136, 'A notebook and pen', 1, 'ACTIVE', '2025-05-01 16:27:07', '2025-05-01 16:27:07'),
(549, 136, 'A laptop', 0, 'ACTIVE', '2025-05-01 16:27:07', '2025-05-01 16:27:07'),
(550, 136, 'A textbook', 0, 'ACTIVE', '2025-05-01 16:27:07', '2025-05-01 16:27:07'),
(551, 136, 'A calculator', 0, 'ACTIVE', '2025-05-01 16:27:07', '2025-05-01 16:27:07'),
(552, 137, 'To remind about a training session', 1, 'ACTIVE', '2025-05-01 16:27:07', '2025-05-01 16:27:07'),
(553, 137, 'To announce a new training program', 0, 'ACTIVE', '2025-05-01 16:27:07', '2025-05-01 16:27:07'),
(554, 137, 'To cancel a training session', 0, 'ACTIVE', '2025-05-01 16:27:07', '2025-05-01 16:27:07'),
(555, 137, 'To request feedback on training', 0, 'ACTIVE', '2025-05-01 16:27:07', '2025-05-01 16:27:07'),
(556, 138, 'Bring reusable bags when shopping', 1, 'ACTIVE', '2025-05-01 16:32:19', '2025-05-01 16:32:19'),
(557, 138, 'Recycle all your waste', 0, 'ACTIVE', '2025-05-01 16:32:19', '2025-05-01 16:32:19'),
(558, 138, 'Use plastic bags less frequently', 0, 'ACTIVE', '2025-05-01 16:32:19', '2025-05-01 16:32:19'),
(559, 138, 'Buy only organic products', 0, 'ACTIVE', '2025-05-01 16:32:19', '2025-05-01 16:32:19'),
(560, 139, 'A big impact on the environment', 1, 'ACTIVE', '2025-05-01 16:32:19', '2025-05-01 16:32:19'),
(561, 139, 'No significant impact', 0, 'ACTIVE', '2025-05-01 16:32:19', '2025-05-01 16:32:19'),
(562, 139, 'Only a local impact', 0, 'ACTIVE', '2025-05-01 16:32:19', '2025-05-01 16:32:19'),
(563, 139, 'A temporary effect', 0, 'ACTIVE', '2025-05-01 16:32:19', '2025-05-01 16:32:19'),
(564, 140, 'When shopping', 1, 'ACTIVE', '2025-05-01 16:32:19', '2025-05-01 16:32:19'),
(565, 140, 'At home', 0, 'ACTIVE', '2025-05-01 16:32:19', '2025-05-01 16:32:19'),
(566, 140, 'In the office', 0, 'ACTIVE', '2025-05-01 16:32:19', '2025-05-01 16:32:19'),
(567, 140, 'While traveling', 0, 'ACTIVE', '2025-05-01 16:32:19', '2025-05-01 16:32:19');
INSERT INTO `answers` (`pk_answer`, `question_fk`, `answer_text`, `is_correct`, `status`, `created_at`, `updated_at`) VALUES
(568, 141, 'To reduce waste', 1, 'ACTIVE', '2025-05-01 16:32:19', '2025-05-01 16:32:19'),
(569, 141, 'To save money', 0, 'ACTIVE', '2025-05-01 16:32:19', '2025-05-01 16:32:19'),
(570, 141, 'To promote a brand', 0, 'ACTIVE', '2025-05-01 16:32:19', '2025-05-01 16:32:19'),
(571, 141, 'To organize community events', 0, 'ACTIVE', '2025-05-01 16:32:19', '2025-05-01 16:32:19'),
(572, 142, 'Black leather wallet', 1, 'ACTIVE', '2025-05-01 16:32:37', '2025-05-01 16:32:37'),
(573, 142, 'Brown leather bag', 0, 'ACTIVE', '2025-05-01 16:32:37', '2025-05-01 16:32:37'),
(574, 142, 'Silver keychain', 0, 'ACTIVE', '2025-05-01 16:32:37', '2025-05-01 16:32:37'),
(575, 142, 'Blue backpack', 0, 'ACTIVE', '2025-05-01 16:32:37', '2025-05-01 16:32:37'),
(576, 143, 'Near Central Park', 1, 'ACTIVE', '2025-05-01 16:32:37', '2025-05-01 16:32:37'),
(577, 143, 'In a shopping mall', 0, 'ACTIVE', '2025-05-01 16:32:37', '2025-05-01 16:32:37'),
(578, 143, 'At a bus station', 0, 'ACTIVE', '2025-05-01 16:32:37', '2025-05-01 16:32:37'),
(579, 143, 'In a restaurant', 0, 'ACTIVE', '2025-05-01 16:32:37', '2025-05-01 16:32:37'),
(580, 144, 'Call 555-0198', 1, 'ACTIVE', '2025-05-01 16:32:37', '2025-05-01 16:32:37'),
(581, 144, 'Take it to the police', 0, 'ACTIVE', '2025-05-01 16:32:37', '2025-05-01 16:32:37'),
(582, 144, 'Leave it where you found it', 0, 'ACTIVE', '2025-05-01 16:32:37', '2025-05-01 16:32:37'),
(583, 144, 'Post about it on social media', 0, 'ACTIVE', '2025-05-01 16:32:37', '2025-05-01 16:32:37'),
(584, 145, 'A reward', 1, 'ACTIVE', '2025-05-01 16:32:37', '2025-05-01 16:32:37'),
(585, 145, 'A thank you note', 0, 'ACTIVE', '2025-05-01 16:32:37', '2025-05-01 16:32:37'),
(586, 145, 'A dinner invitation', 0, 'ACTIVE', '2025-05-01 16:32:37', '2025-05-01 16:32:37'),
(587, 145, 'Nothing is mentioned', 0, 'ACTIVE', '2025-05-01 16:32:37', '2025-05-01 16:32:37'),
(588, 146, 'Getting coffee', 1, 'ACTIVE', '2025-05-01 16:33:33', '2025-05-01 16:33:33'),
(589, 146, 'Eating breakfast', 0, 'ACTIVE', '2025-05-01 16:33:33', '2025-05-01 16:33:33'),
(590, 146, 'Taking a shower', 0, 'ACTIVE', '2025-05-01 16:33:33', '2025-05-01 16:33:33'),
(591, 146, 'Driving to work', 0, 'ACTIVE', '2025-05-01 16:33:33', '2025-05-01 16:33:33'),
(592, 147, 'Not to be late', 1, 'ACTIVE', '2025-05-01 16:33:33', '2025-05-01 16:33:33'),
(593, 147, 'To bring documents', 0, 'ACTIVE', '2025-05-01 16:33:33', '2025-05-01 16:33:33'),
(594, 147, 'To call a client', 0, 'ACTIVE', '2025-05-01 16:33:33', '2025-05-01 16:33:33'),
(595, 147, 'To prepare a presentation', 0, 'ACTIVE', '2025-05-01 16:33:33', '2025-05-01 16:33:33'),
(596, 148, 'To work', 1, 'ACTIVE', '2025-05-01 16:33:33', '2025-05-01 16:33:33'),
(597, 148, 'To school', 0, 'ACTIVE', '2025-05-01 16:33:33', '2025-05-01 16:33:33'),
(598, 148, 'To a restaurant', 0, 'ACTIVE', '2025-05-01 16:33:33', '2025-05-01 16:33:33'),
(599, 148, 'To a meeting', 0, 'ACTIVE', '2025-05-01 16:33:33', '2025-05-01 16:33:33'),
(600, 149, 'Morning', 1, 'ACTIVE', '2025-05-01 16:33:33', '2025-05-01 16:33:33'),
(601, 149, 'Afternoon', 0, 'ACTIVE', '2025-05-01 16:33:33', '2025-05-01 16:33:33'),
(602, 149, 'Evening', 0, 'ACTIVE', '2025-05-01 16:33:33', '2025-05-01 16:33:33'),
(603, 149, 'Night', 0, 'ACTIVE', '2025-05-01 16:33:33', '2025-05-01 16:33:33'),
(604, 150, 'An assignment', 1, 'ACTIVE', '2025-05-01 16:33:33', '2025-05-01 16:33:33'),
(605, 150, 'A test', 0, 'ACTIVE', '2025-05-01 16:33:33', '2025-05-01 16:33:33'),
(606, 150, 'A field trip', 0, 'ACTIVE', '2025-05-01 16:33:33', '2025-05-01 16:33:33'),
(607, 150, 'A school event', 0, 'ACTIVE', '2025-05-01 16:33:33', '2025-05-01 16:33:33'),
(608, 151, 'Submit an assignment', 1, 'ACTIVE', '2025-05-01 16:33:33', '2025-05-01 16:33:33'),
(609, 151, 'Take an exam', 0, 'ACTIVE', '2025-05-01 16:33:33', '2025-05-01 16:33:33'),
(610, 151, 'Read a book', 0, 'ACTIVE', '2025-05-01 16:33:33', '2025-05-01 16:33:33'),
(611, 151, 'Prepare a presentation', 0, 'ACTIVE', '2025-05-01 16:33:33', '2025-05-01 16:33:33'),
(612, 152, 'By noon', 1, 'ACTIVE', '2025-05-01 16:33:33', '2025-05-01 16:33:33'),
(613, 152, 'By the end of the day', 0, 'ACTIVE', '2025-05-01 16:33:33', '2025-05-01 16:33:33'),
(614, 152, 'Tomorrow morning', 0, 'ACTIVE', '2025-05-01 16:33:33', '2025-05-01 16:33:33'),
(615, 152, 'Next week', 0, 'ACTIVE', '2025-05-01 16:33:33', '2025-05-01 16:33:33'),
(616, 153, 'In a classroom', 1, 'ACTIVE', '2025-05-01 16:33:33', '2025-05-01 16:33:33'),
(617, 153, 'In a library', 0, 'ACTIVE', '2025-05-01 16:33:33', '2025-05-01 16:33:33'),
(618, 153, 'In an office', 0, 'ACTIVE', '2025-05-01 16:33:33', '2025-05-01 16:33:33'),
(619, 153, 'In a cafeteria', 0, 'ACTIVE', '2025-05-01 16:33:33', '2025-05-01 16:33:33'),
(620, 154, 'Open a savings account', 1, 'ACTIVE', '2025-05-01 16:33:33', '2025-05-01 16:33:33'),
(621, 154, 'Withdraw money', 0, 'ACTIVE', '2025-05-01 16:33:33', '2025-05-01 16:33:33'),
(622, 154, 'Apply for a loan', 0, 'ACTIVE', '2025-05-01 16:33:33', '2025-05-01 16:33:33'),
(623, 154, 'Exchange currency', 0, 'ACTIVE', '2025-05-01 16:33:33', '2025-05-01 16:33:33'),
(624, 155, 'Identification', 1, 'ACTIVE', '2025-05-01 16:33:33', '2025-05-01 16:33:33'),
(625, 155, 'A deposit', 0, 'ACTIVE', '2025-05-01 16:33:33', '2025-05-01 16:33:33'),
(626, 155, 'A signature', 0, 'ACTIVE', '2025-05-01 16:33:33', '2025-05-01 16:33:33'),
(627, 155, 'A phone number', 0, 'ACTIVE', '2025-05-01 16:33:33', '2025-05-01 16:33:33'),
(628, 156, 'At a bank', 1, 'ACTIVE', '2025-05-01 16:33:33', '2025-05-01 16:33:33'),
(629, 156, 'At a post office', 0, 'ACTIVE', '2025-05-01 16:33:33', '2025-05-01 16:33:33'),
(630, 156, 'At a store', 0, 'ACTIVE', '2025-05-01 16:33:33', '2025-05-01 16:33:33'),
(631, 156, 'At a hotel', 0, 'ACTIVE', '2025-05-01 16:33:33', '2025-05-01 16:33:33'),
(632, 157, 'An ID', 1, 'ACTIVE', '2025-05-01 16:33:33', '2025-05-01 16:33:33'),
(633, 157, 'A credit card', 0, 'ACTIVE', '2025-05-01 16:33:33', '2025-05-01 16:33:33'),
(634, 157, 'A passport photo', 0, 'ACTIVE', '2025-05-01 16:33:33', '2025-05-01 16:33:33'),
(635, 157, 'A bank statement', 0, 'ACTIVE', '2025-05-01 16:33:33', '2025-05-01 16:33:33'),
(636, 158, 'At an airport', 1, 'ACTIVE', '2025-05-01 16:33:33', '2025-05-01 16:33:33'),
(637, 158, 'At a train station', 0, 'ACTIVE', '2025-05-01 16:33:33', '2025-05-01 16:33:33'),
(638, 158, 'At a hotel', 0, 'ACTIVE', '2025-05-01 16:33:33', '2025-05-01 16:33:33'),
(639, 158, 'At a bus terminal', 0, 'ACTIVE', '2025-05-01 16:33:33', '2025-05-01 16:33:33'),
(640, 159, 'Passport and ticket', 1, 'ACTIVE', '2025-05-01 16:33:33', '2025-05-01 16:33:33'),
(641, 159, 'Boarding pass', 0, 'ACTIVE', '2025-05-01 16:33:33', '2025-05-01 16:33:33'),
(642, 159, 'Luggage tag', 0, 'ACTIVE', '2025-05-01 16:33:33', '2025-05-01 16:33:33'),
(643, 159, 'Payment', 0, 'ACTIVE', '2025-05-01 16:33:33', '2025-05-01 16:33:33'),
(644, 160, 'Enjoy your flight', 1, 'ACTIVE', '2025-05-01 16:33:33', '2025-05-01 16:33:33'),
(645, 160, 'Have a nice day', 0, 'ACTIVE', '2025-05-01 16:33:33', '2025-05-01 16:33:33'),
(646, 160, 'See you soon', 0, 'ACTIVE', '2025-05-01 16:33:33', '2025-05-01 16:33:33'),
(647, 160, 'Bon voyage', 0, 'ACTIVE', '2025-05-01 16:33:33', '2025-05-01 16:33:33'),
(648, 161, 'Checking in for a flight', 1, 'ACTIVE', '2025-05-01 16:33:33', '2025-05-01 16:33:33'),
(649, 161, 'Picking up luggage', 0, 'ACTIVE', '2025-05-01 16:33:33', '2025-05-01 16:33:33'),
(650, 161, 'Booking a ticket', 0, 'ACTIVE', '2025-05-01 16:33:33', '2025-05-01 16:33:33'),
(651, 161, 'Reporting lost items', 0, 'ACTIVE', '2025-05-01 16:33:33', '2025-05-01 16:33:33'),
(652, 162, 'He collapsed', 1, 'ACTIVE', '2025-05-01 16:33:33', '2025-05-01 16:33:33'),
(653, 162, 'He fainted', 0, 'ACTIVE', '2025-05-01 16:33:33', '2025-05-01 16:33:33'),
(654, 162, 'He was injured', 0, 'ACTIVE', '2025-05-01 16:33:33', '2025-05-01 16:33:33'),
(655, 162, 'He had a seizure', 0, 'ACTIVE', '2025-05-01 16:33:33', '2025-05-01 16:33:33'),
(656, 163, 'Jogging', 1, 'ACTIVE', '2025-05-01 16:33:33', '2025-05-01 16:33:33'),
(657, 163, 'Working', 0, 'ACTIVE', '2025-05-01 16:33:33', '2025-05-01 16:33:33'),
(658, 163, 'Eating', 0, 'ACTIVE', '2025-05-01 16:33:33', '2025-05-01 16:33:33'),
(659, 163, 'Driving', 0, 'ACTIVE', '2025-05-01 16:33:33', '2025-05-01 16:33:33'),
(660, 164, 'Calling an ambulance', 1, 'ACTIVE', '2025-05-01 16:33:33', '2025-05-01 16:33:33'),
(661, 164, 'Giving first aid', 0, 'ACTIVE', '2025-05-01 16:33:33', '2025-05-01 16:33:33'),
(662, 164, 'Taking him to hospital', 0, 'ACTIVE', '2025-05-01 16:33:33', '2025-05-01 16:33:33'),
(663, 164, 'Calling his family', 0, 'ACTIVE', '2025-05-01 16:33:33', '2025-05-01 16:33:33'),
(664, 165, 'Witnesses to an emergency', 1, 'ACTIVE', '2025-05-01 16:33:33', '2025-05-01 16:33:33'),
(665, 165, 'Doctor and nurse', 0, 'ACTIVE', '2025-05-01 16:33:33', '2025-05-01 16:33:33'),
(666, 165, 'Paramedics', 0, 'ACTIVE', '2025-05-01 16:33:33', '2025-05-01 16:33:33'),
(667, 165, 'Family members', 0, 'ACTIVE', '2025-05-01 16:33:33', '2025-05-01 16:33:33'),
(668, 166, 'Internet is down', 1, 'ACTIVE', '2025-05-01 16:33:33', '2025-05-01 16:33:33'),
(669, 166, 'Computer is slow', 0, 'ACTIVE', '2025-05-01 16:33:33', '2025-05-01 16:33:33'),
(670, 166, 'Printer isn\'t working', 0, 'ACTIVE', '2025-05-01 16:33:33', '2025-05-01 16:33:33'),
(671, 166, 'Phone has no signal', 0, 'ACTIVE', '2025-05-01 16:33:33', '2025-05-01 16:33:33'),
(672, 167, 'Run a line test', 1, 'ACTIVE', '2025-05-01 16:33:33', '2025-05-01 16:33:33'),
(673, 167, 'Send a technician', 0, 'ACTIVE', '2025-05-01 16:33:33', '2025-05-01 16:33:33'),
(674, 167, 'Reset the connection', 0, 'ACTIVE', '2025-05-01 16:33:33', '2025-05-01 16:33:33'),
(675, 167, 'Replace the modem', 0, 'ACTIVE', '2025-05-01 16:33:33', '2025-05-01 16:33:33'),
(676, 168, 'Thanks, I\'ll wait', 1, 'ACTIVE', '2025-05-01 16:33:33', '2025-05-01 16:33:33'),
(677, 168, 'Please hurry', 0, 'ACTIVE', '2025-05-01 16:33:33', '2025-05-01 16:33:33'),
(678, 168, 'How long will it take?', 0, 'ACTIVE', '2025-05-01 16:33:33', '2025-05-01 16:33:33'),
(679, 168, 'Can you call me back?', 0, 'ACTIVE', '2025-05-01 16:33:33', '2025-05-01 16:33:33'),
(680, 169, 'Customer and support agent', 1, 'ACTIVE', '2025-05-01 16:33:33', '2025-05-01 16:33:33'),
(681, 169, 'Colleagues', 0, 'ACTIVE', '2025-05-01 16:33:33', '2025-05-01 16:33:33'),
(682, 169, 'Friends', 0, 'ACTIVE', '2025-05-01 16:33:33', '2025-05-01 16:33:33'),
(683, 169, 'Manager and employee', 0, 'ACTIVE', '2025-05-01 16:33:33', '2025-05-01 16:33:33'),
(684, 170, 'Automatic', 1, 'ACTIVE', '2025-05-01 16:35:01', '2025-05-01 16:35:01'),
(685, 170, 'Manual', 0, 'ACTIVE', '2025-05-01 16:35:01', '2025-05-01 16:35:01'),
(686, 170, 'Electric', 0, 'ACTIVE', '2025-05-01 16:35:01', '2025-05-01 16:35:01'),
(687, 170, 'Hybrid', 0, 'ACTIVE', '2025-05-01 16:35:01', '2025-05-01 16:35:01'),
(688, 171, 'For three days', 1, 'ACTIVE', '2025-05-01 16:35:01', '2025-05-01 16:35:01'),
(689, 171, 'For one week', 0, 'ACTIVE', '2025-05-01 16:35:01', '2025-05-01 16:35:01'),
(690, 171, 'For a month', 0, 'ACTIVE', '2025-05-01 16:35:01', '2025-05-01 16:35:01'),
(691, 171, 'Just for the day', 0, 'ACTIVE', '2025-05-01 16:35:01', '2025-05-01 16:35:01'),
(692, 172, 'To rent a car', 1, 'ACTIVE', '2025-05-01 16:35:01', '2025-05-01 16:35:01'),
(693, 172, 'To buy a car', 0, 'ACTIVE', '2025-05-01 16:35:01', '2025-05-01 16:35:01'),
(694, 172, 'To repair a car', 0, 'ACTIVE', '2025-05-01 16:35:01', '2025-05-01 16:35:01'),
(695, 172, 'To sell a car', 0, 'ACTIVE', '2025-05-01 16:35:01', '2025-05-01 16:35:01'),
(696, 173, 'Transmission preference', 1, 'ACTIVE', '2025-05-01 16:35:01', '2025-05-01 16:35:01'),
(697, 173, 'Car color', 0, 'ACTIVE', '2025-05-01 16:35:01', '2025-05-01 16:35:01'),
(698, 173, 'Insurance options', 0, 'ACTIVE', '2025-05-01 16:35:01', '2025-05-01 16:35:01'),
(699, 173, 'Fuel type', 0, 'ACTIVE', '2025-05-01 16:35:01', '2025-05-01 16:35:01'),
(700, 174, 'The candidate\'s five-year plan', 1, 'ACTIVE', '2025-05-01 16:35:01', '2025-05-01 16:35:01'),
(701, 174, 'Previous work experience', 0, 'ACTIVE', '2025-05-01 16:35:01', '2025-05-01 16:35:01'),
(702, 174, 'Salary expectations', 0, 'ACTIVE', '2025-05-01 16:35:01', '2025-05-01 16:35:01'),
(703, 174, 'Educational background', 0, 'ACTIVE', '2025-05-01 16:35:01', '2025-05-01 16:35:01'),
(704, 175, 'Positively (\"Great answer\")', 1, 'ACTIVE', '2025-05-01 16:35:01', '2025-05-01 16:35:01'),
(705, 175, 'Neutrally (\"I see\")', 0, 'ACTIVE', '2025-05-01 16:35:01', '2025-05-01 16:35:01'),
(706, 175, 'Negatively (\"That\'s not what we\'re looking for\")', 0, 'ACTIVE', '2025-05-01 16:35:01', '2025-05-01 16:35:01'),
(707, 175, 'With confusion (\"Could you explain more?\")', 0, 'ACTIVE', '2025-05-01 16:35:01', '2025-05-01 16:35:01'),
(708, 176, 'Lead a successful team', 1, 'ACTIVE', '2025-05-01 16:35:01', '2025-05-01 16:35:01'),
(709, 176, 'Start their own business', 0, 'ACTIVE', '2025-05-01 16:35:01', '2025-05-01 16:35:01'),
(710, 176, 'Work independently', 0, 'ACTIVE', '2025-05-01 16:35:01', '2025-05-01 16:35:01'),
(711, 176, 'Retire early', 0, 'ACTIVE', '2025-05-01 16:35:01', '2025-05-01 16:35:01'),
(712, 177, 'Five years', 1, 'ACTIVE', '2025-05-01 16:35:01', '2025-05-01 16:35:01'),
(713, 177, 'One year', 0, 'ACTIVE', '2025-05-01 16:35:01', '2025-05-01 16:35:01'),
(714, 177, 'Ten years', 0, 'ACTIVE', '2025-05-01 16:35:01', '2025-05-01 16:35:01'),
(715, 177, 'Six months', 0, 'ACTIVE', '2025-05-01 16:35:01', '2025-05-01 16:35:01'),
(716, 178, 'Their child\'s performance in class', 1, 'ACTIVE', '2025-05-01 16:35:01', '2025-05-01 16:35:01'),
(717, 178, 'The school\'s lunch menu', 0, 'ACTIVE', '2025-05-01 16:35:01', '2025-05-01 16:35:01'),
(718, 178, 'Upcoming school events', 0, 'ACTIVE', '2025-05-01 16:35:01', '2025-05-01 16:35:01'),
(719, 178, 'Transportation options', 0, 'ACTIVE', '2025-05-01 16:35:01', '2025-05-01 16:35:01'),
(720, 179, 'Very bright but needs to focus more', 1, 'ACTIVE', '2025-05-01 16:35:01', '2025-05-01 16:35:01'),
(721, 179, 'Struggling with all subjects', 0, 'ACTIVE', '2025-05-01 16:35:01', '2025-05-01 16:35:01'),
(722, 179, 'The best in the class', 0, 'ACTIVE', '2025-05-01 16:35:01', '2025-05-01 16:35:01'),
(723, 179, 'Not participating at all', 0, 'ACTIVE', '2025-05-01 16:35:01', '2025-05-01 16:35:01'),
(724, 180, 'Work on improving focus', 1, 'ACTIVE', '2025-05-01 16:35:01', '2025-05-01 16:35:01'),
(725, 180, 'Hire a tutor', 0, 'ACTIVE', '2025-05-01 16:35:01', '2025-05-01 16:35:01'),
(726, 180, 'Change schools', 0, 'ACTIVE', '2025-05-01 16:35:01', '2025-05-01 16:35:01'),
(727, 180, 'Nothing specific', 0, 'ACTIVE', '2025-05-01 16:35:01', '2025-05-01 16:35:01'),
(728, 181, 'Sam', 1, 'ACTIVE', '2025-05-01 16:35:01', '2025-05-01 16:35:01'),
(729, 181, 'John', 0, 'ACTIVE', '2025-05-01 16:35:01', '2025-05-01 16:35:01'),
(730, 181, 'Lisa', 0, 'ACTIVE', '2025-05-01 16:35:01', '2025-05-01 16:35:01'),
(731, 181, 'Michael', 0, 'ACTIVE', '2025-05-01 16:35:01', '2025-05-01 16:35:01'),
(732, 182, 'On the train', 1, 'ACTIVE', '2025-05-01 16:35:01', '2025-05-01 16:35:01'),
(733, 182, 'At the bus station', 0, 'ACTIVE', '2025-05-01 16:35:01', '2025-05-01 16:35:01'),
(734, 182, 'In a taxi', 0, 'ACTIVE', '2025-05-01 16:35:01', '2025-05-01 16:35:01'),
(735, 182, 'At the airport', 0, 'ACTIVE', '2025-05-01 16:35:01', '2025-05-01 16:35:01'),
(736, 183, 'A backpack', 1, 'ACTIVE', '2025-05-01 16:35:01', '2025-05-01 16:35:01'),
(737, 183, 'A suitcase', 0, 'ACTIVE', '2025-05-01 16:35:01', '2025-05-01 16:35:01'),
(738, 183, 'A wallet', 0, 'ACTIVE', '2025-05-01 16:35:01', '2025-05-01 16:35:01'),
(739, 183, 'A phone', 0, 'ACTIVE', '2025-05-01 16:35:01', '2025-05-01 16:35:01'),
(740, 184, 'Blue', 1, 'ACTIVE', '2025-05-01 16:35:01', '2025-05-01 16:35:01'),
(741, 184, 'Red', 0, 'ACTIVE', '2025-05-01 16:35:01', '2025-05-01 16:35:01'),
(742, 184, 'Black', 0, 'ACTIVE', '2025-05-01 16:35:01', '2025-05-01 16:35:01'),
(743, 184, 'Green', 0, 'ACTIVE', '2025-05-01 16:35:01', '2025-05-01 16:35:01'),
(744, 185, 'A laptop', 1, 'ACTIVE', '2025-05-01 16:35:01', '2025-05-01 16:35:01'),
(745, 185, 'Books', 0, 'ACTIVE', '2025-05-01 16:35:01', '2025-05-01 16:35:01'),
(746, 185, 'Clothes', 0, 'ACTIVE', '2025-05-01 16:35:01', '2025-05-01 16:35:01'),
(747, 185, 'Documents', 0, 'ACTIVE', '2025-05-01 16:35:01', '2025-05-01 16:35:01'),
(748, 186, 'Finalizing the guest list', 1, 'ACTIVE', '2025-05-01 16:35:01', '2025-05-01 16:35:01'),
(749, 186, 'Choosing a venue', 0, 'ACTIVE', '2025-05-01 16:35:01', '2025-05-01 16:35:01'),
(750, 186, 'Selecting a menu', 0, 'ACTIVE', '2025-05-01 16:35:01', '2025-05-01 16:35:01'),
(751, 186, 'Sending invitations', 0, 'ACTIVE', '2025-05-01 16:35:01', '2025-05-01 16:35:01'),
(752, 187, 'By email', 1, 'ACTIVE', '2025-05-01 16:35:01', '2025-05-01 16:35:01'),
(753, 187, 'By text message', 0, 'ACTIVE', '2025-05-01 16:35:01', '2025-05-01 16:35:01'),
(754, 187, 'In person', 0, 'ACTIVE', '2025-05-01 16:35:01', '2025-05-01 16:35:01'),
(755, 187, 'By phone call', 0, 'ACTIVE', '2025-05-01 16:35:01', '2025-05-01 16:35:01'),
(756, 188, '\"Thanks\"', 1, 'ACTIVE', '2025-05-01 16:35:01', '2025-05-01 16:35:01'),
(757, 188, '\"Goodbye\"', 0, 'ACTIVE', '2025-05-01 16:35:01', '2025-05-01 16:35:01'),
(758, 188, '\"See you later\"', 0, 'ACTIVE', '2025-05-01 16:35:01', '2025-05-01 16:35:01'),
(759, 188, '\"That\'s all\"', 0, 'ACTIVE', '2025-05-01 16:35:01', '2025-05-01 16:35:01'),
(760, 189, 'Cooperative and polite', 1, 'ACTIVE', '2025-05-01 16:35:01', '2025-05-01 16:35:01'),
(761, 189, 'Argumentative', 0, 'ACTIVE', '2025-05-01 16:35:01', '2025-05-01 16:35:01'),
(762, 189, 'Indifferent', 0, 'ACTIVE', '2025-05-01 16:35:01', '2025-05-01 16:35:01'),
(763, 189, 'Excited and enthusiastic', 0, 'ACTIVE', '2025-05-01 16:35:01', '2025-05-01 16:35:01'),
(764, 190, 'A library card', 1, 'ACTIVE', '2025-05-01 16:35:01', '2025-05-01 16:35:01'),
(765, 190, 'A book', 0, 'ACTIVE', '2025-05-01 16:35:01', '2025-05-01 16:35:01'),
(766, 190, 'A study room', 0, 'ACTIVE', '2025-05-01 16:35:01', '2025-05-01 16:35:01'),
(767, 190, 'A magazine', 0, 'ACTIVE', '2025-05-01 16:35:01', '2025-05-01 16:35:01'),
(768, 191, 'Fill out a form', 1, 'ACTIVE', '2025-05-01 16:35:01', '2025-05-01 16:35:01'),
(769, 191, 'Show identification', 0, 'ACTIVE', '2025-05-01 16:35:01', '2025-05-01 16:35:01'),
(770, 191, 'Pay a fee', 0, 'ACTIVE', '2025-05-01 16:35:01', '2025-05-01 16:35:01'),
(771, 191, 'Wait in line', 0, 'ACTIVE', '2025-05-01 16:35:01', '2025-05-01 16:35:01'),
(772, 192, 'Agrees to do it (\"Will do\")', 1, 'ACTIVE', '2025-05-01 16:35:01', '2025-05-01 16:35:01'),
(773, 192, 'Asks for help', 0, 'ACTIVE', '2025-05-01 16:35:01', '2025-05-01 16:35:01'),
(774, 192, 'Complains', 0, 'ACTIVE', '2025-05-01 16:35:01', '2025-05-01 16:35:01'),
(775, 192, 'Requests more information', 0, 'ACTIVE', '2025-05-01 16:35:01', '2025-05-01 16:35:01'),
(776, 193, 'At a library', 1, 'ACTIVE', '2025-05-01 16:35:01', '2025-05-01 16:35:01'),
(777, 193, 'At a bookstore', 0, 'ACTIVE', '2025-05-01 16:35:01', '2025-05-01 16:35:01'),
(778, 193, 'At a school', 0, 'ACTIVE', '2025-05-01 16:35:01', '2025-05-01 16:35:01'),
(779, 193, 'At an office', 0, 'ACTIVE', '2025-05-01 16:35:01', '2025-05-01 16:35:01'),
(780, 194, 'Eggs', 1, 'ACTIVE', '2025-05-01 16:35:01', '2025-05-01 16:35:01'),
(781, 194, 'Milk', 0, 'ACTIVE', '2025-05-01 16:35:01', '2025-05-01 16:35:01'),
(782, 194, 'Bread', 0, 'ACTIVE', '2025-05-01 16:35:01', '2025-05-01 16:35:01'),
(783, 194, 'Fruit', 0, 'ACTIVE', '2025-05-01 16:35:01', '2025-05-01 16:35:01'),
(784, 195, 'In the cart', 1, 'ACTIVE', '2025-05-01 16:35:01', '2025-05-01 16:35:01'),
(785, 195, 'On the shelf', 0, 'ACTIVE', '2025-05-01 16:35:01', '2025-05-01 16:35:01'),
(786, 195, 'At the checkout', 0, 'ACTIVE', '2025-05-01 16:35:01', '2025-05-01 16:35:01'),
(787, 195, 'In the bag', 0, 'ACTIVE', '2025-05-01 16:35:01', '2025-05-01 16:35:01'),
(788, 196, 'Check out', 1, 'ACTIVE', '2025-05-01 16:35:01', '2025-05-01 16:35:01'),
(789, 196, 'Continue shopping', 0, 'ACTIVE', '2025-05-01 16:35:01', '2025-05-01 16:35:01'),
(790, 196, 'Ask for assistance', 0, 'ACTIVE', '2025-05-01 16:35:01', '2025-05-01 16:35:01'),
(791, 196, 'Return an item', 0, 'ACTIVE', '2025-05-01 16:35:01', '2025-05-01 16:35:01'),
(792, 197, 'Shoppers together', 1, 'ACTIVE', '2025-05-01 16:35:01', '2025-05-01 16:35:01'),
(793, 197, 'Customer and cashier', 0, 'ACTIVE', '2025-05-01 16:35:01', '2025-05-01 16:35:01'),
(794, 197, 'Store manager and employee', 0, 'ACTIVE', '2025-05-01 16:35:01', '2025-05-01 16:35:01'),
(795, 197, 'Strangers', 0, 'ACTIVE', '2025-05-01 16:35:01', '2025-05-01 16:35:01'),
(796, 1, 'test answer', 0, 'ACTIVE', '2025-05-01 17:14:33', '2025-05-01 17:14:33');

-- --------------------------------------------------------

--
-- Table structure for table `level_history`
--

CREATE TABLE `level_history` (
  `pk_history` int(11) NOT NULL,
  `level_fk` int(11) DEFAULT NULL,
  `user_fk` int(11) DEFAULT NULL,
  `created_at` datetime DEFAULT current_timestamp(),
  `updated_at` datetime DEFAULT current_timestamp() ON UPDATE current_timestamp()
) ENGINE=InnoDB DEFAULT CHARSET=utf8mb4 COLLATE=utf8mb4_general_ci;

-- --------------------------------------------------------

--
-- Table structure for table `mcer_level`
--

CREATE TABLE `mcer_level` (
  `pk_level` int(11) NOT NULL,
  `level_name` varchar(10) DEFAULT NULL,
  `level_desc` varchar(250) DEFAULT NULL,
  `created_at` datetime DEFAULT current_timestamp()
) ENGINE=InnoDB DEFAULT CHARSET=utf8mb4 COLLATE=utf8mb4_general_ci;

--
-- Dumping data for table `mcer_level`
--

INSERT INTO `mcer_level` (`pk_level`, `level_name`, `level_desc`, `created_at`) VALUES
(1, 'A1', 'Principiante', '2025-04-19 15:12:14'),
(2, 'A2', 'Elemental', '2025-04-19 15:12:14'),
(3, 'B1', 'Intermedio', '2025-04-19 15:12:37'),
(4, 'B2', 'Intermedio-Avanzado', '2025-04-19 15:12:37'),
(5, 'C1', 'Avanzado', '2025-04-19 15:13:23'),
(6, 'C2', 'Experto', '2025-04-19 15:13:23');

-- --------------------------------------------------------

--
-- Table structure for table `prompts`
--

CREATE TABLE `prompts` (
  `pk_prompt` int(11) NOT NULL,
  `prompt_name` varchar(50) NOT NULL,
  `prompt_value` varchar(750) NOT NULL,
  `status` varchar(10) NOT NULL DEFAULT 'ACTIVE',
  `created_at` datetime DEFAULT current_timestamp(),
  `updated_at` datetime DEFAULT current_timestamp() ON UPDATE current_timestamp()
) ENGINE=InnoDB DEFAULT CHARSET=utf8mb4 COLLATE=utf8mb4_general_ci;

--
-- Dumping data for table `prompts`
--

INSERT INTO `prompts` (`pk_prompt`, `prompt_name`, `prompt_value`, `status`, `created_at`, `updated_at`) VALUES
(1, 'Prompt 1', 'Hola soy un prompt', 'INACTIVE', '2025-04-20 14:47:45', '2025-04-20 15:27:52'),
(2, 'Prompt 1', 'Hola soy un prompt 2', 'ACTIVE', '2025-04-20 14:58:34', '2025-04-20 15:27:52'),
(3, 'Prompt 1', 'Hola soy un prompt 3', 'INACTIVE', '2025-04-20 14:58:58', '2025-04-20 15:10:52'),
(4, 'traducción', '-------test', 'INACTIVE', '2025-04-20 15:10:52', '2025-04-20 15:26:50');

-- --------------------------------------------------------

--
-- Table structure for table `questions`
--

CREATE TABLE `questions` (
  `pk_question` int(11) NOT NULL,
  `toeic_section_fk` int(11) NOT NULL,
  `question_text` text DEFAULT NULL,
  `title_fk` int(11) NOT NULL,
  `level_fk` int(11) NOT NULL,
  `status` varchar(10) NOT NULL DEFAULT 'ACTIVE',
  `created_at` datetime DEFAULT current_timestamp(),
  `updated_at` datetime DEFAULT current_timestamp() ON UPDATE current_timestamp()
) ENGINE=InnoDB DEFAULT CHARSET=utf8mb4 COLLATE=utf8mb4_general_ci;

--
-- Dumping data for table `questions`
--

INSERT INTO `questions` (`pk_question`, `toeic_section_fk`, `question_text`, `title_fk`, `level_fk`, `status`, `created_at`, `updated_at`) VALUES
(1, 3, 'What is the main objective of the message?', 1, 4, 'ACTIVE', '2025-04-19 15:22:28', '2025-04-19 16:33:59'),
(2, 3, 'What can be implied about the workshop?', 1, 4, 'ACTIVE', '2025-04-19 15:34:27', '2025-04-20 11:33:44'),
(3, 3, 'What can be implied about Dr Friedman?', 1, 4, 'ACTIVE', '2025-04-19 15:37:34', '2025-04-19 16:33:59'),
(4, 3, 'What has happened to the address list?', 1, 4, 'ACTIVE', '2025-04-19 15:42:28', '2025-04-19 16:33:59'),
(5, 1, 'Hi, my ____ is Diego', 2, 3, 'ACTIVE', '2025-04-19 16:38:27', '2025-04-19 18:09:54'),
(6, 1, 'All the orders got _________ on schedule.', 2, 4, 'ACTIVE', '2025-04-19 16:55:24', '2025-04-19 16:55:24'),
(7, 1, 'She has been working here _______ five years.', 2, 3, 'ACTIVE', '2025-04-19 16:55:24', '2025-04-19 16:55:24'),
(8, 1, 'She _______ lunch when the phone rang.', 2, 4, 'ACTIVE', '2025-04-19 16:55:24', '2025-04-19 16:55:24'),
(9, 7, 'What size coffee does the customer order?', 3, 3, 'ACTIVE', '2025-05-01 15:18:09', '2025-05-01 15:18:09'),
(10, 7, 'How does the customer want their coffee?', 3, 3, 'ACTIVE', '2025-05-01 15:18:09', '2025-05-01 15:18:09'),
(11, 7, 'Where does this conversation most likely take place?', 3, 3, 'ACTIVE', '2025-05-01 15:18:09', '2025-05-01 15:18:09'),
(12, 7, 'What does the barista offer the customer?', 3, 3, 'ACTIVE', '2025-05-01 15:18:09', '2025-05-01 15:18:09'),
(13, 7, 'What did Speaker B do with the report?', 4, 3, 'ACTIVE', '2025-05-01 15:18:36', '2025-05-01 15:18:36'),
(14, 7, 'When is the meeting?', 4, 3, 'ACTIVE', '2025-05-01 15:18:36', '2025-05-01 15:18:36'),
(15, 7, 'Where does this conversation most likely take place?', 4, 3, 'ACTIVE', '2025-05-01 15:18:36', '2025-05-01 15:18:36'),
(16, 7, 'What is the purpose of the report?', 4, 3, 'ACTIVE', '2025-05-01 15:18:36', '2025-05-01 15:18:36'),
(17, 7, 'What food does the customer order?', 5, 3, 'ACTIVE', '2025-05-01 15:18:51', '2025-05-01 15:18:51'),
(18, 7, 'What drink does the customer order?', 5, 3, 'ACTIVE', '2025-05-01 15:18:51', '2025-05-01 15:18:51'),
(19, 7, 'Where does this conversation most likely take place?', 5, 3, 'ACTIVE', '2025-05-01 15:18:51', '2025-05-01 15:18:51'),
(20, 7, 'What does the server ask the customer?', 5, 3, 'ACTIVE', '2025-05-01 15:18:51', '2025-05-01 15:18:51'),
(21, 7, 'What are the patient\'s symptoms?', 6, 3, 'ACTIVE', '2025-05-01 15:19:13', '2025-05-01 15:19:13'),
(22, 7, 'Who is Speaker A likely to be?', 6, 3, 'ACTIVE', '2025-05-01 15:19:13', '2025-05-01 15:19:13'),
(23, 7, 'Where does this conversation take place?', 6, 3, 'ACTIVE', '2025-05-01 15:19:13', '2025-05-01 15:19:13'),
(24, 7, 'What does Speaker A say they will do next?', 6, 3, 'ACTIVE', '2025-05-01 15:19:13', '2025-05-01 15:19:13'),
(25, 7, 'Where is Speaker B planning to visit?', 7, 3, 'ACTIVE', '2025-05-01 15:19:30', '2025-05-01 15:19:30'),
(26, 7, 'When is Speaker B planning to travel?', 7, 3, 'ACTIVE', '2025-05-01 15:19:30', '2025-05-01 15:19:30'),
(27, 7, 'How does Speaker A feel about the plans?', 7, 3, 'ACTIVE', '2025-05-01 15:19:30', '2025-05-01 15:19:30'),
(28, 7, 'What is the main topic of this conversation?', 7, 3, 'ACTIVE', '2025-05-01 15:19:30', '2025-05-01 15:19:30'),
(29, 7, 'Who is calling Anna?', 8, 2, 'ACTIVE', '2025-05-01 15:23:10', '2025-05-01 15:23:10'),
(30, 7, 'What department does John work in?', 8, 2, 'ACTIVE', '2025-05-01 15:23:10', '2025-05-01 15:23:10'),
(31, 7, 'How does Anna answer the phone?', 8, 3, 'ACTIVE', '2025-05-01 15:23:10', '2025-05-01 15:23:10'),
(32, 7, 'What is the purpose of the call?', 8, 3, 'ACTIVE', '2025-05-01 15:23:10', '2025-05-01 15:23:10'),
(33, 7, 'What type of room does the guest want?', 9, 2, 'ACTIVE', '2025-05-01 15:23:21', '2025-05-01 15:23:21'),
(34, 7, 'How many nights does the guest want to stay?', 9, 2, 'ACTIVE', '2025-05-01 15:23:21', '2025-05-01 15:23:21'),
(35, 7, 'What does the receptionist ask about?', 9, 3, 'ACTIVE', '2025-05-01 15:23:21', '2025-05-01 15:23:21'),
(36, 7, 'What is the guest doing?', 9, 3, 'ACTIVE', '2025-05-01 15:23:21', '2025-05-01 15:23:21'),
(37, 7, 'How many people is the reservation for?', 10, 2, 'ACTIVE', '2025-05-01 15:23:33', '2025-05-01 15:23:33'),
(38, 7, 'What time is the reservation for?', 10, 2, 'ACTIVE', '2025-05-01 15:23:33', '2025-05-01 15:23:33'),
(39, 7, 'What does the restaurant staff ask?', 10, 3, 'ACTIVE', '2025-05-01 15:23:33', '2025-05-01 15:23:33'),
(40, 7, 'What is the customer doing?', 10, 3, 'ACTIVE', '2025-05-01 15:23:33', '2025-05-01 15:23:33'),
(41, 7, 'Where does the speaker want to go?', 11, 2, 'ACTIVE', '2025-05-01 15:23:48', '2025-05-01 15:23:48'),
(42, 7, 'What are the directions given?', 11, 2, 'ACTIVE', '2025-05-01 15:23:48', '2025-05-01 15:23:48'),
(43, 7, 'How does the speaker respond to the directions?', 11, 3, 'ACTIVE', '2025-05-01 15:23:49', '2025-05-01 15:23:49'),
(44, 7, 'What is the relationship between the speakers?', 11, 3, 'ACTIVE', '2025-05-01 15:23:49', '2025-05-01 15:23:49'),
(45, 7, 'What position did the interviewee hold in their last job?', 12, 3, 'ACTIVE', '2025-05-01 15:24:01', '2025-05-01 15:24:01'),
(46, 7, 'How does the interviewer respond to the answer?', 12, 3, 'ACTIVE', '2025-05-01 15:24:01', '2025-05-01 15:24:01'),
(47, 7, 'What is the interviewer asking about?', 12, 3, 'ACTIVE', '2025-05-01 15:24:01', '2025-05-01 15:24:01'),
(48, 7, 'What is the likely setting of this conversation?', 12, 3, 'ACTIVE', '2025-05-01 15:24:01', '2025-05-01 15:24:01'),
(49, 7, 'What is the weather like today?', 13, 2, 'ACTIVE', '2025-05-01 15:27:47', '2025-05-01 15:27:47'),
(50, 7, 'How does Speaker B feel about the weather?', 13, 2, 'ACTIVE', '2025-05-01 15:27:47', '2025-05-01 15:27:47'),
(51, 7, 'What do they hope for tomorrow?', 13, 2, 'ACTIVE', '2025-05-01 15:27:47', '2025-05-01 15:27:47'),
(52, 7, 'How long has it been raining?', 13, 2, 'ACTIVE', '2025-05-01 15:27:47', '2025-05-01 15:27:47'),
(53, 7, 'What size is Speaker A looking for?', 14, 2, 'ACTIVE', '2025-05-01 15:28:00', '2025-05-01 15:28:00'),
(54, 7, 'What does Speaker B do in response?', 14, 2, 'ACTIVE', '2025-05-01 15:28:00', '2025-05-01 15:28:00'),
(55, 7, 'How does Speaker A respond at the end?', 14, 2, 'ACTIVE', '2025-05-01 15:28:00', '2025-05-01 15:28:00'),
(56, 7, 'Where is this conversation most likely taking place?', 14, 2, 'ACTIVE', '2025-05-01 15:28:00', '2025-05-01 15:28:00'),
(57, 7, 'What is Speaker A looking for?', 15, 2, 'ACTIVE', '2025-05-01 15:28:12', '2025-05-01 15:28:12'),
(58, 7, 'Where are the science books located?', 15, 2, 'ACTIVE', '2025-05-01 15:28:12', '2025-05-01 15:28:12'),
(59, 7, 'How does Speaker A respond to the information?', 15, 2, 'ACTIVE', '2025-05-01 15:28:12', '2025-05-01 15:28:12'),
(60, 7, 'Where is this conversation taking place?', 15, 2, 'ACTIVE', '2025-05-01 15:28:12', '2025-05-01 15:28:12'),
(61, 3, 'What is the purpose of this email?', 16, 3, 'ACTIVE', '2025-05-01 15:28:28', '2025-05-01 15:28:28'),
(62, 3, 'What will the meeting be about?', 16, 3, 'ACTIVE', '2025-05-01 15:28:28', '2025-05-01 15:28:28'),
(63, 3, 'When does the sender want to meet?', 16, 3, 'ACTIVE', '2025-05-01 15:28:28', '2025-05-01 15:28:28'),
(64, 3, 'How does the email begin?', 16, 3, 'ACTIVE', '2025-05-01 15:28:28', '2025-05-01 15:28:28'),
(65, 3, 'What is the purpose of this letter?', 17, 3, 'ACTIVE', '2025-05-01 15:28:42', '2025-05-01 15:28:42'),
(66, 3, 'What position is the applicant applying for?', 17, 3, 'ACTIVE', '2025-05-01 15:28:42', '2025-05-01 15:28:42'),
(67, 3, 'How is the letter addressed?', 17, 3, 'ACTIVE', '2025-05-01 15:28:42', '2025-05-01 15:28:42'),
(68, 3, 'What type of document is this?', 17, 3, 'ACTIVE', '2025-05-01 15:28:42', '2025-05-01 15:28:42'),
(69, 3, 'What did the author visit last week?', 18, 2, 'ACTIVE', '2025-05-01 15:33:47', '2025-05-01 15:33:47'),
(70, 3, 'What did the author especially love about Rome?', 18, 2, 'ACTIVE', '2025-05-01 15:33:47', '2025-05-01 15:33:47'),
(71, 3, 'How would you describe the city of Rome based on the text?', 18, 3, 'ACTIVE', '2025-05-01 15:33:47', '2025-05-01 15:33:47'),
(72, 3, 'What type of text is this?', 18, 1, 'ACTIVE', '2025-05-01 15:33:47', '2025-05-01 15:33:47'),
(73, 3, 'What is the purpose of this text?', 19, 2, 'ACTIVE', '2025-05-01 15:34:00', '2025-05-01 15:34:00'),
(74, 3, 'When will the workshop be held?', 19, 1, 'ACTIVE', '2025-05-01 15:34:00', '2025-05-01 15:34:00'),
(75, 3, 'What is the topic of the workshop?', 19, 2, 'ACTIVE', '2025-05-01 15:34:01', '2025-05-01 15:34:01'),
(76, 3, 'Where will the workshop take place?', 19, 1, 'ACTIVE', '2025-05-01 15:34:01', '2025-05-01 15:34:01'),
(77, 3, 'Who is required to complete the training?', 20, 1, 'ACTIVE', '2025-05-01 15:34:14', '2025-05-01 15:34:14'),
(78, 3, 'What type of training is mentioned?', 20, 1, 'ACTIVE', '2025-05-01 15:34:15', '2025-05-01 15:34:15'),
(79, 3, 'When must the training be completed?', 20, 1, 'ACTIVE', '2025-05-01 15:34:15', '2025-05-01 15:34:15'),
(80, 3, 'What type of document is this?', 20, 2, 'ACTIVE', '2025-05-01 15:34:15', '2025-05-01 15:34:15'),
(81, 3, 'What product is being described?', 21, 1, 'ACTIVE', '2025-05-01 15:34:27', '2025-05-01 15:34:27'),
(82, 3, 'What feature is NOT mentioned in the description?', 21, 3, 'ACTIVE', '2025-05-01 15:34:27', '2025-05-01 15:34:27'),
(83, 3, 'How would you describe the design of the product?', 21, 2, 'ACTIVE', '2025-05-01 15:34:28', '2025-05-01 15:34:28'),
(84, 3, 'What is special about the battery?', 21, 2, 'ACTIVE', '2025-05-01 15:34:28', '2025-05-01 15:34:28'),
(85, 3, 'Who announced the project?', 22, 1, 'ACTIVE', '2025-05-01 15:34:40', '2025-05-01 15:34:40'),
(86, 3, 'What is the project about?', 22, 1, 'ACTIVE', '2025-05-01 15:34:40', '2025-05-01 15:34:40'),
(87, 3, 'When will the project start?', 22, 1, 'ACTIVE', '2025-05-01 15:34:40', '2025-05-01 15:34:40'),
(88, 3, 'What type of text is this?', 22, 2, 'ACTIVE', '2025-05-01 15:34:40', '2025-05-01 15:34:40'),
(89, 3, 'What is the first step to install the software?', 23, 3, 'ACTIVE', '2025-05-01 15:38:30', '2025-05-01 15:38:30'),
(90, 3, 'How should you interact with the setup file?', 23, 3, 'ACTIVE', '2025-05-01 15:38:30', '2025-05-01 15:38:30'),
(91, 3, 'What will guide you during the installation process?', 23, 3, 'ACTIVE', '2025-05-01 15:38:30', '2025-05-01 15:38:30'),
(92, 3, 'What type of document is this text most likely from?', 23, 3, 'ACTIVE', '2025-05-01 15:38:30', '2025-05-01 15:38:30'),
(93, 3, 'What was positive about the hotel according to the review?', 24, 3, 'ACTIVE', '2025-05-01 15:38:30', '2025-05-01 15:38:30'),
(94, 3, 'What aspect could have been better?', 24, 3, 'ACTIVE', '2025-05-01 15:38:30', '2025-05-01 15:38:30'),
(95, 3, 'How would you describe the hotel\'s location?', 24, 3, 'ACTIVE', '2025-05-01 15:38:30', '2025-05-01 15:38:30'),
(96, 3, 'What type of text is this?', 24, 3, 'ACTIVE', '2025-05-01 15:38:30', '2025-05-01 15:38:30'),
(97, 3, 'What is the user trying to do according to the FAQ?', 25, 3, 'ACTIVE', '2025-05-01 15:38:30', '2025-05-01 15:38:30'),
(98, 3, 'Where should the user click to reset the password?', 25, 3, 'ACTIVE', '2025-05-01 15:38:30', '2025-05-01 15:38:30'),
(99, 3, 'What should the user do after clicking \"Forgot Password\"?', 25, 3, 'ACTIVE', '2025-05-01 15:38:30', '2025-05-01 15:38:30'),
(100, 3, 'What type of document is this text from?', 25, 3, 'ACTIVE', '2025-05-01 15:38:30', '2025-05-01 15:38:30'),
(101, 3, 'What is the purpose of this message?', 26, 3, 'ACTIVE', '2025-05-01 15:38:30', '2025-05-01 15:38:30'),
(102, 3, 'When is the appointment scheduled?', 26, 3, 'ACTIVE', '2025-05-01 15:38:30', '2025-05-01 15:38:30'),
(103, 3, 'What type of appointment is mentioned?', 26, 3, 'ACTIVE', '2025-05-01 15:38:30', '2025-05-01 15:38:30'),
(104, 3, 'How would you describe the tone of this message?', 26, 3, 'ACTIVE', '2025-05-01 15:38:30', '2025-05-01 15:38:30'),
(105, 3, 'What was the weather like at the beginning of the story?', 27, 3, 'ACTIVE', '2025-05-01 15:38:30', '2025-05-01 15:38:30'),
(106, 3, 'Who is the main character mentioned?', 27, 3, 'ACTIVE', '2025-05-01 15:38:30', '2025-05-01 15:38:30'),
(107, 3, 'What unexpected event happened?', 27, 3, 'ACTIVE', '2025-05-01 15:38:30', '2025-05-01 15:38:30'),
(108, 3, 'What type of text is this?', 27, 3, 'ACTIVE', '2025-05-01 15:38:30', '2025-05-01 15:38:30'),
(109, 3, 'Why will the National Art Museum be closed on Monday?', 41, 3, 'ACTIVE', '2025-05-01 16:15:11', '2025-05-01 16:15:11'),
(110, 3, 'What is today\'s weather forecast?', 44, 2, 'ACTIVE', '2025-05-01 16:21:14', '2025-05-01 16:21:14'),
(111, 3, 'What is the expected high temperature?', 44, 1, 'ACTIVE', '2025-05-01 16:21:15', '2025-05-01 16:21:15'),
(112, 3, 'When might there be light showers?', 44, 2, 'ACTIVE', '2025-05-01 16:21:15', '2025-05-01 16:21:15'),
(113, 3, 'What type of precipitation is expected?', 44, 2, 'ACTIVE', '2025-05-01 16:21:15', '2025-05-01 16:21:15'),
(114, 3, 'What should you use in case of fire?', 45, 1, 'ACTIVE', '2025-05-01 16:21:15', '2025-05-01 16:21:15'),
(115, 3, 'What should you avoid during a fire?', 45, 1, 'ACTIVE', '2025-05-01 16:21:15', '2025-05-01 16:21:15'),
(116, 3, 'How should you evacuate the building?', 45, 2, 'ACTIVE', '2025-05-01 16:21:15', '2025-05-01 16:21:15'),
(117, 3, 'What is the main purpose of these instructions?', 45, 3, 'ACTIVE', '2025-05-01 16:21:15', '2025-05-01 16:21:15'),
(118, 3, 'What departments are offering summer internships?', 46, 2, 'ACTIVE', '2025-05-01 16:26:05', '2025-05-01 16:26:05'),
(119, 3, 'When is the application deadline?', 46, 2, 'ACTIVE', '2025-05-01 16:26:05', '2025-05-01 16:26:05'),
(120, 3, 'Who can apply for these internships?', 46, 2, 'ACTIVE', '2025-05-01 16:26:05', '2025-05-01 16:26:05'),
(121, 3, 'What type of internships are being offered?', 46, 3, 'ACTIVE', '2025-05-01 16:26:05', '2025-05-01 16:26:05'),
(122, 3, 'How many ingredients does this pasta recipe require?', 47, 1, 'ACTIVE', '2025-05-01 16:26:18', '2025-05-01 16:26:18'),
(123, 3, 'How long does it take to prepare this recipe?', 47, 1, 'ACTIVE', '2025-05-01 16:26:18', '2025-05-01 16:26:18'),
(124, 3, 'What type of recipe is being introduced?', 47, 1, 'ACTIVE', '2025-05-01 16:26:18', '2025-05-01 16:26:18'),
(125, 3, 'How would you describe this recipe?', 47, 2, 'ACTIVE', '2025-05-01 16:26:18', '2025-05-01 16:26:18'),
(126, 3, 'Where is parking prohibited according to the notice?', 48, 3, 'ACTIVE', '2025-05-01 16:26:43', '2025-05-01 16:26:43'),
(127, 3, 'What will happen to unauthorized vehicles?', 48, 3, 'ACTIVE', '2025-05-01 16:26:43', '2025-05-01 16:26:43'),
(128, 3, 'Who will pay for the towing expenses?', 48, 4, 'ACTIVE', '2025-05-01 16:26:43', '2025-05-01 16:26:43'),
(129, 3, 'What is the main purpose of this notice?', 48, 4, 'ACTIVE', '2025-05-01 16:26:43', '2025-05-01 16:26:43'),
(130, 3, 'When will the keynote speech begin?', 49, 3, 'ACTIVE', '2025-05-01 16:26:54', '2025-05-01 16:26:54'),
(131, 3, 'What will follow the keynote speech?', 49, 3, 'ACTIVE', '2025-05-01 16:26:54', '2025-05-01 16:26:54'),
(132, 3, 'What topics will the breakout sessions cover?', 49, 4, 'ACTIVE', '2025-05-01 16:26:54', '2025-05-01 16:26:54'),
(133, 3, 'What type of event is being described?', 49, 3, 'ACTIVE', '2025-05-01 16:26:55', '2025-05-01 16:26:55'),
(134, 3, 'When does the training session start?', 50, 2, 'ACTIVE', '2025-05-01 16:27:07', '2025-05-01 16:27:07'),
(135, 3, 'Where will the training take place?', 50, 2, 'ACTIVE', '2025-05-01 16:27:07', '2025-05-01 16:27:07'),
(136, 3, 'What should participants bring?', 50, 2, 'ACTIVE', '2025-05-01 16:27:07', '2025-05-01 16:27:07'),
(137, 3, 'What is the purpose of this email?', 50, 3, 'ACTIVE', '2025-05-01 16:27:07', '2025-05-01 16:27:07'),
(138, 3, 'What is the main recommendation in the environmental tip?', 51, 2, 'ACTIVE', '2025-05-01 16:32:19', '2025-05-01 16:32:19'),
(139, 3, 'What kind of impact do small changes have according to the tip?', 51, 2, 'ACTIVE', '2025-05-01 16:32:19', '2025-05-01 16:32:19'),
(140, 3, 'Where is the reusable bag recommendation most applicable?', 51, 1, 'ACTIVE', '2025-05-01 16:32:19', '2025-05-01 16:32:19'),
(141, 3, 'What is the purpose of the environmental tip?', 51, 2, 'ACTIVE', '2025-05-01 16:32:19', '2025-05-01 16:32:19'),
(142, 3, 'What item was lost?', 52, 1, 'ACTIVE', '2025-05-01 16:32:37', '2025-05-01 16:32:37'),
(143, 3, 'Where was the item lost?', 52, 1, 'ACTIVE', '2025-05-01 16:32:37', '2025-05-01 16:32:37'),
(144, 3, 'What should you do if you find the item?', 52, 2, 'ACTIVE', '2025-05-01 16:32:37', '2025-05-01 16:32:37'),
(145, 3, 'What is offered for returning the lost item?', 52, 2, 'ACTIVE', '2025-05-01 16:32:37', '2025-05-01 16:32:37'),
(146, 7, 'What is SPEAKER_B doing?', 28, 2, 'ACTIVE', '2025-05-01 16:33:33', '2025-05-01 16:33:33'),
(147, 7, 'What does SPEAKER_A remind SPEAKER_B about?', 28, 2, 'ACTIVE', '2025-05-01 16:33:33', '2025-05-01 16:33:33'),
(148, 7, 'Where are the speakers likely going?', 28, 3, 'ACTIVE', '2025-05-01 16:33:33', '2025-05-01 16:33:33'),
(149, 7, 'What time of day is this conversation taking place?', 28, 1, 'ACTIVE', '2025-05-01 16:33:33', '2025-05-01 16:33:33'),
(150, 7, 'What is the main topic of the conversation?', 29, 3, 'ACTIVE', '2025-05-01 16:33:33', '2025-05-01 16:33:33'),
(151, 7, 'What does SPEAKER_B need to do?', 29, 2, 'ACTIVE', '2025-05-01 16:33:33', '2025-05-01 16:33:33'),
(152, 7, 'By when should the assignment be submitted?', 29, 4, 'ACTIVE', '2025-05-01 16:33:33', '2025-05-01 16:33:33'),
(153, 7, 'Where is this conversation most likely taking place?', 29, 3, 'ACTIVE', '2025-05-01 16:33:33', '2025-05-01 16:33:33'),
(154, 7, 'What does SPEAKER_A want to do?', 30, 2, 'ACTIVE', '2025-05-01 16:33:33', '2025-05-01 16:33:33'),
(155, 7, 'What does SPEAKER_B ask for?', 30, 3, 'ACTIVE', '2025-05-01 16:33:33', '2025-05-01 16:33:33'),
(156, 7, 'Where does this conversation take place?', 30, 1, 'ACTIVE', '2025-05-01 16:33:33', '2025-05-01 16:33:33'),
(157, 7, 'What does SPEAKER_A provide?', 30, 4, 'ACTIVE', '2025-05-01 16:33:33', '2025-05-01 16:33:33'),
(158, 7, 'Where is this conversation taking place?', 31, 2, 'ACTIVE', '2025-05-01 16:33:33', '2025-05-01 16:33:33'),
(159, 7, 'What does SPEAKER_A ask for?', 31, 3, 'ACTIVE', '2025-05-01 16:33:33', '2025-05-01 16:33:33'),
(160, 7, 'What does SPEAKER_A say at the end?', 31, 1, 'ACTIVE', '2025-05-01 16:33:33', '2025-05-01 16:33:33'),
(161, 7, 'What is SPEAKER_B most likely doing?', 31, 4, 'ACTIVE', '2025-05-01 16:33:33', '2025-05-01 16:33:33'),
(162, 7, 'What happened to the person mentioned?', 32, 3, 'ACTIVE', '2025-05-01 16:33:33', '2025-05-01 16:33:33'),
(163, 7, 'What was the person doing when it happened?', 32, 4, 'ACTIVE', '2025-05-01 16:33:33', '2025-05-01 16:33:33'),
(164, 7, 'What does SPEAKER_B suggest doing?', 32, 2, 'ACTIVE', '2025-05-01 16:33:33', '2025-05-01 16:33:33'),
(165, 7, 'What is the relationship between the speakers?', 32, 3, 'ACTIVE', '2025-05-01 16:33:33', '2025-05-01 16:33:33'),
(166, 7, 'What is SPEAKER_A\'s problem?', 33, 2, 'ACTIVE', '2025-05-01 16:33:33', '2025-05-01 16:33:33'),
(167, 7, 'What does SPEAKER_B offer to do?', 33, 3, 'ACTIVE', '2025-05-01 16:33:33', '2025-05-01 16:33:33'),
(168, 7, 'What is SPEAKER_A\'s response to the offer?', 33, 4, 'ACTIVE', '2025-05-01 16:33:33', '2025-05-01 16:33:33'),
(169, 7, 'What is the most likely relationship between the speakers?', 33, 3, 'ACTIVE', '2025-05-01 16:33:33', '2025-05-01 16:33:33'),
(170, 7, 'What type of car does the customer prefer?', 34, 3, 'ACTIVE', '2025-05-01 16:35:01', '2025-05-01 16:35:01'),
(171, 7, 'How long does the customer need the car?', 34, 2, 'ACTIVE', '2025-05-01 16:35:01', '2025-05-01 16:35:01'),
(172, 7, 'What is the first speaker requesting?', 34, 3, 'ACTIVE', '2025-05-01 16:35:01', '2025-05-01 16:35:01'),
(173, 7, 'What does the second speaker ask about?', 34, 2, 'ACTIVE', '2025-05-01 16:35:01', '2025-05-01 16:35:01'),
(174, 7, 'What does the interviewer ask about?', 35, 3, 'ACTIVE', '2025-05-01 16:35:01', '2025-05-01 16:35:01'),
(175, 7, 'How does the interviewer respond to the answer?', 35, 3, 'ACTIVE', '2025-05-01 16:35:01', '2025-05-01 16:35:01'),
(176, 7, 'What does the candidate aspire to do?', 35, 4, 'ACTIVE', '2025-05-01 16:35:01', '2025-05-01 16:35:01'),
(177, 7, 'What time frame is mentioned in the question?', 35, 2, 'ACTIVE', '2025-05-01 16:35:01', '2025-05-01 16:35:01'),
(178, 7, 'What is the parent asking about?', 36, 3, 'ACTIVE', '2025-05-01 16:35:01', '2025-05-01 16:35:01'),
(179, 7, 'How does the teacher describe the student?', 36, 3, 'ACTIVE', '2025-05-01 16:35:01', '2025-05-01 16:35:01'),
(180, 7, 'What does the parent promise to do?', 36, 4, 'ACTIVE', '2025-05-01 16:35:01', '2025-05-01 16:35:01'),
(181, 7, 'What is the student\'s name?', 36, 2, 'ACTIVE', '2025-05-01 16:35:01', '2025-05-01 16:35:01'),
(182, 7, 'Where did the speaker lose their item?', 37, 3, 'ACTIVE', '2025-05-01 16:35:01', '2025-05-01 16:35:01'),
(183, 7, 'What item was lost?', 37, 2, 'ACTIVE', '2025-05-01 16:35:01', '2025-05-01 16:35:01'),
(184, 7, 'What is the color of the lost item?', 37, 2, 'ACTIVE', '2025-05-01 16:35:01', '2025-05-01 16:35:01'),
(185, 7, 'What was inside the lost item?', 37, 3, 'ACTIVE', '2025-05-01 16:35:01', '2025-05-01 16:35:01'),
(186, 7, 'What are the speakers discussing?', 38, 3, 'ACTIVE', '2025-05-01 16:35:01', '2025-05-01 16:35:01'),
(187, 7, 'How will the second speaker send the information?', 38, 3, 'ACTIVE', '2025-05-01 16:35:01', '2025-05-01 16:35:01'),
(188, 7, 'What does the first speaker say at the end?', 38, 2, 'ACTIVE', '2025-05-01 16:35:01', '2025-05-01 16:35:01'),
(189, 7, 'What is the tone of the conversation?', 38, 4, 'ACTIVE', '2025-05-01 16:35:01', '2025-05-01 16:35:01'),
(190, 7, 'What does the first speaker want to obtain?', 39, 2, 'ACTIVE', '2025-05-01 16:35:01', '2025-05-01 16:35:01'),
(191, 7, 'What does the second speaker ask the first to do?', 39, 3, 'ACTIVE', '2025-05-01 16:35:01', '2025-05-01 16:35:01'),
(192, 7, 'How does the first speaker respond to the request?', 39, 3, 'ACTIVE', '2025-05-01 16:35:01', '2025-05-01 16:35:01'),
(193, 7, 'Where is this conversation most likely taking place?', 39, 4, 'ACTIVE', '2025-05-01 16:35:01', '2025-05-01 16:35:01'),
(194, 7, 'What item is specifically mentioned?', 40, 2, 'ACTIVE', '2025-05-01 16:35:01', '2025-05-01 16:35:01'),
(195, 7, 'Where are the mentioned items already placed?', 40, 3, 'ACTIVE', '2025-05-01 16:35:01', '2025-05-01 16:35:01'),
(196, 7, 'What do the speakers decide to do next?', 40, 3, 'ACTIVE', '2025-05-01 16:35:01', '2025-05-01 16:35:01'),
(197, 7, 'What is the relationship between the speakers?', 40, 4, 'ACTIVE', '2025-05-01 16:35:01', '2025-05-01 16:35:01');

-- --------------------------------------------------------

--
-- Table structure for table `questions_titles`
--

CREATE TABLE `questions_titles` (
  `pk_title` int(11) NOT NULL,
  `title_name` varchar(100) NOT NULL,
  `title_test` text NOT NULL,
  `title_type` varchar(20) NOT NULL,
  `title_url` varchar(255) DEFAULT NULL,
  `status` varchar(10) NOT NULL DEFAULT 'ACTIVE',
  `created_at` datetime DEFAULT current_timestamp(),
  `updated_at` datetime DEFAULT current_timestamp() ON UPDATE current_timestamp()
) ENGINE=InnoDB DEFAULT CHARSET=utf8mb4 COLLATE=utf8mb4_general_ci;

--
-- Dumping data for table `questions_titles`
--

INSERT INTO `questions_titles` (`pk_title`, `title_name`, `title_test`, `title_type`, `title_url`, `status`, `created_at`, `updated_at`) VALUES
(1, 'Dear Helen - Workshop Feedback', 'Dear Helen,\n\nI would like to congratulate you on organising such an excellent and informative workshop. I know a lot of people learnt a great deal from it. Can you pass on my thanks to Doctor Friedman for his fascinating talk on Staff Motivation? I realise how lucky we were that he was able to find the time for us. The feedback from the staff was very positive. Let’s hope we actually see an improvement in staff motivation as a result!\n\nBy the way, I’m missing my list of addresses of the delegates who attended. Did I happen to leave it in your office? It’s just that I haven’t seen it since our meeting on Friday.\n\nThanks again for a great day,\nAnne', 'READING', NULL, 'ACTIVE', '2025-04-19 12:47:13', '2025-04-19 16:33:59'),
(2, 'Incomplete Sentences', 'For each question you will see an incomplete sentence. You are to choose the one word or phrase that best completes the sentence', 'READING', NULL, 'ACTIVE', '2025-04-19 14:46:19', '2025-04-19 16:39:35'),
(3, 'Daily Conversation - Coffee Shop', '[SPEAKER_A] Hi, can I get a large coffee?\n[SPEAKER_B] Sure, do you want cream or sugar?\n[SPEAKER_A] Just black, please.', 'LISTENING', 'https://example.com/audio1.mp3', 'ACTIVE', '2025-05-01 13:41:26', '2025-05-01 13:41:26'),
(4, 'Office Meeting', '[SPEAKER_A] Did you get the report?\n[SPEAKER_B] Yes, I sent it yesterday.\n[SPEAKER_A] Great, we need it for today\'s meeting.', 'LISTENING', 'https://example.com/audio2.mp3', 'ACTIVE', '2025-05-01 13:41:26', '2025-05-01 13:41:26'),
(5, 'Ordering Food', '[SPEAKER_A] I\'d like a cheeseburger and fries.\n[SPEAKER_B] Would you like a drink with that?\n[SPEAKER_A] Yes, a soda please.', 'LISTENING', 'https://example.com/audio3.mp3', 'ACTIVE', '2025-05-01 13:41:26', '2025-05-01 13:41:26'),
(6, 'Doctor Appointment', '[SPEAKER_A] What brings you in today?\n[SPEAKER_B] I have a sore throat and a fever.\n[SPEAKER_A] Let\'s take a look.', 'LISTENING', 'https://example.com/audio4.mp3', 'ACTIVE', '2025-05-01 13:41:26', '2025-05-01 13:41:26'),
(7, 'Travel Plans', '[SPEAKER_A] Are you going anywhere this summer?\n[SPEAKER_B] Yes, I\'m visiting Spain.\n[SPEAKER_A] That sounds exciting!', 'LISTENING', 'https://example.com/audio5.mp3', 'ACTIVE', '2025-05-01 13:41:26', '2025-05-01 13:41:26'),
(8, 'Phone Call', '[SPEAKER_A] Hello, is this Anna?\n[SPEAKER_B] Yes, speaking.\n[SPEAKER_A] This is John from HR.', 'LISTENING', 'https://example.com/audio6.mp3', 'ACTIVE', '2025-05-01 13:41:26', '2025-05-01 13:41:26'),
(9, 'Hotel Booking', '[SPEAKER_A] I\'d like to book a room for two nights.\n[SPEAKER_B] Certainly. Do you prefer a single or double?\n[SPEAKER_A] A double, please.', 'LISTENING', 'https://example.com/audio7.mp3', 'ACTIVE', '2025-05-01 13:41:26', '2025-05-01 13:41:26'),
(10, 'Restaurant Reservation', '[SPEAKER_A] I want to reserve a table for four.\n[SPEAKER_B] What time would you like?\n[SPEAKER_A] At 7 PM, please.', 'LISTENING', 'https://example.com/audio8.mp3', 'ACTIVE', '2025-05-01 13:41:26', '2025-05-01 13:41:26'),
(11, 'Asking for Directions', '[SPEAKER_A] How do I get to the train station?\n[SPEAKER_B] Go straight and take the second right.\n[SPEAKER_A] Thanks a lot.', 'LISTENING', 'https://example.com/audio9.mp3', 'ACTIVE', '2025-05-01 13:41:26', '2025-05-01 13:41:26'),
(12, 'Interview', '[SPEAKER_A] Tell me about your last job.\n[SPEAKER_B] I worked as a project manager.\n[SPEAKER_A] That\'s impressive.', 'LISTENING', 'https://example.com/audio10.mp3', 'ACTIVE', '2025-05-01 13:41:26', '2025-05-01 13:41:26'),
(13, 'Weather Chat', '[SPEAKER_A] It\'s been raining all day!\n[SPEAKER_B] I know, I miss the sun.\n[SPEAKER_A] Let\'s hope tomorrow is better.', 'LISTENING', 'https://example.com/audio11.mp3', 'ACTIVE', '2025-05-01 13:41:26', '2025-05-01 13:41:26'),
(14, 'Shopping', '[SPEAKER_A] Do you have this in a medium?\n[SPEAKER_B] Let me check the back.\n[SPEAKER_A] Thank you.', 'LISTENING', 'https://example.com/audio12.mp3', 'ACTIVE', '2025-05-01 13:41:26', '2025-05-01 13:41:26'),
(15, 'Library Visit', '[SPEAKER_A] Where can I find science books?\n[SPEAKER_B] Aisle 4 on the right.\n[SPEAKER_A] Thanks!', 'LISTENING', 'https://example.com/audio13.mp3', 'ACTIVE', '2025-05-01 13:41:26', '2025-05-01 13:41:26'),
(16, 'Email to Supervisor', 'Dear Supervisor,\n\nI hope this message finds you well. I would like to request a meeting next week to discuss my current project.', 'READING', NULL, 'ACTIVE', '2025-05-01 13:41:26', '2025-05-01 13:41:26'),
(17, 'Job Application', 'To whom it may concern,\n\nI am writing to apply for the Sales Manager position at your company.', 'READING', NULL, 'ACTIVE', '2025-05-01 13:41:26', '2025-05-01 13:41:26'),
(18, 'Travel Blog Entry', 'Last week, I visited Rome. The city was full of life and history. I especially loved the Colosseum and the local cuisine.', 'READING', NULL, 'ACTIVE', '2025-05-01 13:41:26', '2025-05-01 13:41:26'),
(19, 'Workshop Invitation', 'We are pleased to invite you to the annual Marketing Strategies Workshop held on August 12th at our main office.', 'READING', NULL, 'ACTIVE', '2025-05-01 13:41:26', '2025-05-01 13:41:26'),
(20, 'Company Memo', 'All staff are required to complete the online security training by the end of the month.', 'READING', NULL, 'ACTIVE', '2025-05-01 13:41:26', '2025-05-01 13:41:26'),
(21, 'Product Description', 'Our new SmartWatch 2.0 features a sleek design, heart rate monitor, and extended battery life.', 'READING', NULL, 'ACTIVE', '2025-05-01 13:41:26', '2025-05-01 13:41:26'),
(22, 'News Article', 'The local government announced a new park renovation project starting next spring.', 'READING', NULL, 'ACTIVE', '2025-05-01 13:41:26', '2025-05-01 13:41:26'),
(23, 'Instruction Manual', 'To install the software, double-click the setup file and follow the on-screen instructions.', 'READING', NULL, 'ACTIVE', '2025-05-01 13:41:26', '2025-05-01 13:41:26'),
(24, 'Hotel Review', 'The hotel was clean and well-located, but the service could have been better.', 'READING', NULL, 'ACTIVE', '2025-05-01 13:41:26', '2025-05-01 13:41:26'),
(25, 'FAQ Entry', 'Q: How do I reset my password?\nA: Click on \"Forgot Password\" on the login page and follow the instructions.', 'READING', NULL, 'ACTIVE', '2025-05-01 13:41:26', '2025-05-01 13:41:26'),
(26, 'Reminder Email', 'Just a friendly reminder that your dentist appointment is scheduled for Monday at 10 AM.', 'READING', NULL, 'ACTIVE', '2025-05-01 13:41:26', '2025-05-01 13:41:26'),
(27, 'Short Story Intro', 'It was a dark and stormy night when Sarah heard a knock on the door...', 'READING', NULL, 'ACTIVE', '2025-05-01 13:41:26', '2025-05-01 13:41:26'),
(28, 'Morning Routine', '[SPEAKER_A] Good morning! Ready for work?\n[SPEAKER_B] Almost, just grabbing coffee.\n[SPEAKER_A] Don’t be late!', 'LISTENING', 'https://example.com/audio14.mp3', 'ACTIVE', '2025-05-01 13:46:31', '2025-05-01 13:46:31'),
(29, 'Classroom Discussion', '[SPEAKER_A] Did everyone finish the assignment?\n[SPEAKER_B] I still need to submit mine.\n[SPEAKER_A] Please do so by noon.', 'LISTENING', 'https://example.com/audio15.mp3', 'ACTIVE', '2025-05-01 13:46:31', '2025-05-01 13:46:31'),
(30, 'Bank Appointment', '[SPEAKER_A] I need to open a savings account.\n[SPEAKER_B] Sure, do you have ID with you?\n[SPEAKER_A] Yes, here it is.', 'LISTENING', 'https://example.com/audio16.mp3', 'ACTIVE', '2025-05-01 13:46:31', '2025-05-01 13:46:31'),
(31, 'Airport Check-in', '[SPEAKER_A] Passport and ticket, please.\n[SPEAKER_B] Here you go.\n[SPEAKER_A] Thank you. Enjoy your flight.', 'LISTENING', 'https://example.com/audio17.mp3', 'ACTIVE', '2025-05-01 13:46:31', '2025-05-01 13:46:31'),
(32, 'Medical Emergency', '[SPEAKER_A] He collapsed while jogging.\n[SPEAKER_B] Call an ambulance now!\n[SPEAKER_A] Already on it!', 'LISTENING', 'https://example.com/audio18.mp3', 'ACTIVE', '2025-05-01 13:46:31', '2025-05-01 13:46:31'),
(33, 'Technical Support Call', '[SPEAKER_A] My internet is down again.\n[SPEAKER_B] Let me run a line test.\n[SPEAKER_A] Thanks, I’ll wait.', 'LISTENING', 'https://example.com/audio19.mp3', 'ACTIVE', '2025-05-01 13:46:31', '2025-05-01 13:46:31'),
(34, 'Car Rental', '[SPEAKER_A] I need a car for three days.\n[SPEAKER_B] Do you prefer automatic or manual?\n[SPEAKER_A] Automatic, please.', 'LISTENING', 'https://example.com/audio20.mp3', 'ACTIVE', '2025-05-01 13:46:31', '2025-05-01 13:46:31'),
(35, 'Job Interview', '[SPEAKER_A] Where do you see yourself in five years?\n[SPEAKER_B] Leading a successful team.\n[SPEAKER_A] Great answer.', 'LISTENING', 'https://example.com/audio21.mp3', 'ACTIVE', '2025-05-01 13:46:31', '2025-05-01 13:46:31'),
(36, 'Parent-Teacher Conference', '[SPEAKER_A] How is Sam doing in class?\n[SPEAKER_B] He’s very bright but needs to focus more.\n[SPEAKER_A] We’ll work on that.', 'LISTENING', 'https://example.com/audio22.mp3', 'ACTIVE', '2025-05-01 13:46:31', '2025-05-01 13:46:31'),
(37, 'Lost & Found', '[SPEAKER_A] I lost my backpack on the train.\n[SPEAKER_B] Can you describe it?\n[SPEAKER_A] It’s blue with a laptop inside.', 'LISTENING', 'https://example.com/audio23.mp3', 'ACTIVE', '2025-05-01 13:46:31', '2025-05-01 13:46:31'),
(38, 'Event Planning', '[SPEAKER_A] Let’s finalize the guest list.\n[SPEAKER_B] Sure, I’ll email it to you.\n[SPEAKER_A] Thanks.', 'LISTENING', 'https://example.com/audio24.mp3', 'ACTIVE', '2025-05-01 13:46:31', '2025-05-01 13:46:31'),
(39, 'Library Card Application', '[SPEAKER_A] I’d like to get a library card.\n[SPEAKER_B] Please fill this form.\n[SPEAKER_A] Will do.', 'LISTENING', 'https://example.com/audio25.mp3', 'ACTIVE', '2025-05-01 13:46:31', '2025-05-01 13:46:31'),
(40, 'Grocery Shopping', '[SPEAKER_A] Don’t forget the eggs!\n[SPEAKER_B] Already in the cart.\n[SPEAKER_A] Great, let’s check out.', 'LISTENING', 'https://example.com/audio26.mp3', 'ACTIVE', '2025-05-01 13:46:31', '2025-05-01 13:46:31'),
(41, 'Museum Notice', 'The National Art Museum will be closed on Monday due to maintenance work. We apologize for the inconvenience.', 'READING', NULL, 'ACTIVE', '2025-05-01 13:46:31', '2025-05-01 13:46:31'),
(42, 'Company Newsletter', 'This quarter, we launched two new products and expanded our customer service team. Thank you for your continued support.', 'READING', NULL, 'ACTIVE', '2025-05-01 13:46:31', '2025-05-01 13:46:31'),
(43, 'Invitation Letter', 'You are cordially invited to the Graduation Ceremony on June 15th at the university auditorium.', 'READING', NULL, 'ACTIVE', '2025-05-01 13:46:31', '2025-05-01 13:46:31'),
(44, 'Weather Report', 'Today’s forecast: partly cloudy with a high of 24°C and a chance of light showers in the afternoon.', 'READING', NULL, 'ACTIVE', '2025-05-01 13:46:31', '2025-05-01 13:46:31'),
(45, 'Safety Instructions', 'In case of fire, use the stairs and avoid elevators. Follow emergency exit signs to evacuate the building safely.', 'READING', NULL, 'ACTIVE', '2025-05-01 13:46:31', '2025-05-01 13:46:31'),
(46, 'Internship Announcement', 'We are offering summer internships for undergraduate students in the Marketing and IT departments. Apply before May 30th.', 'READING', NULL, 'ACTIVE', '2025-05-01 13:46:31', '2025-05-01 13:46:31'),
(47, 'Recipe Introduction', 'This easy-to-make pasta recipe only requires five ingredients and is ready in under 30 minutes.', 'READING', NULL, 'ACTIVE', '2025-05-01 13:46:31', '2025-05-01 13:46:31'),
(48, 'Parking Regulations', 'Parking is prohibited in fire lanes and loading zones. Unauthorized vehicles will be towed at the owner\'s expense.', 'READING', NULL, 'ACTIVE', '2025-05-01 13:46:31', '2025-05-01 13:46:31'),
(49, 'Conference Schedule', 'The keynote speech will begin at 9:00 AM, followed by breakout sessions on business strategy and innovation.', 'READING', NULL, 'ACTIVE', '2025-05-01 13:46:31', '2025-05-01 13:46:31'),
(50, 'Training Email', 'Reminder: Your first training session starts next Tuesday at 3:00 PM in Room 402. Bring a notebook and pen.', 'READING', NULL, 'ACTIVE', '2025-05-01 13:46:31', '2025-05-01 13:46:31'),
(51, 'Environmental Tip', 'Reduce waste by bringing reusable bags when shopping. Small changes can have a big impact on the environment.', 'READING', NULL, 'ACTIVE', '2025-05-01 13:46:31', '2025-05-01 13:46:31'),
(52, 'Lost Item Poster', 'Lost: Black leather wallet near Central Park on April 10th. If found, please call 555-0198. Reward offered.', 'READING', NULL, 'ACTIVE', '2025-05-01 13:46:31', '2025-05-01 13:46:31'),
(53, 'Office Memo', 'Please remember to submit your weekly reports by Friday at 5 PM. Late submissions will not be accepted.', 'READING', NULL, 'ACTIVE', '2025-05-01 13:48:42', '2025-05-01 13:48:42'),
(54, 'Travel Advisory', 'Travelers are advised to check local COVID-19 restrictions before booking flights to international destinations.', 'READING', NULL, 'ACTIVE', '2025-05-01 13:48:42', '2025-05-01 13:48:42'),
(55, 'Exam Instructions', 'Do not open your booklet until instructed. Use only a pencil, and fill in the bubbles completely.', 'READING', NULL, 'ACTIVE', '2025-05-01 13:48:42', '2025-05-01 13:48:42'),
(56, 'Library Rules', 'Eating and drinking are not allowed in the reading room. Mobile phones must be set to silent mode.', 'READING', NULL, 'ACTIVE', '2025-05-01 13:48:42', '2025-05-01 13:48:42'),
(57, 'Job Posting', 'We are hiring a full-time graphic designer with at least 2 years of experience and a strong portfolio.', 'READING', NULL, 'ACTIVE', '2025-05-01 13:48:42', '2025-05-01 13:48:42'),
(58, 'Event Invitation', 'Join us for the 10th Annual Charity Gala on Saturday, September 10 at the Downtown Conference Center.', 'READING', NULL, 'ACTIVE', '2025-05-01 13:48:42', '2025-05-01 13:48:42'),
(59, 'Community Announcement', 'Street cleaning will take place on the first Monday of every month. Vehicles must be moved by 7 AM.', 'READING', NULL, 'ACTIVE', '2025-05-01 13:48:42', '2025-05-01 13:48:42'),
(60, 'Health Tip', 'Drinking at least 8 cups of water a day helps maintain hydration and supports proper body function.', 'READING', NULL, 'ACTIVE', '2025-05-01 13:48:42', '2025-05-01 13:48:42'),
(61, 'Holiday Hours', 'Our store will be open from 10 AM to 4 PM on Christmas Eve and closed on Christmas Day.', 'READING', NULL, 'ACTIVE', '2025-05-01 13:48:42', '2025-05-01 13:48:42'),
(62, 'Product Description', 'This wireless headset offers noise cancellation and 20 hours of battery life for uninterrupted listening.', 'READING', NULL, 'ACTIVE', '2025-05-01 13:48:42', '2025-05-01 13:48:42'),
(63, 'Study Tips', 'Divide your study material into small sections and review them regularly for better retention.', 'READING', NULL, 'ACTIVE', '2025-05-01 13:48:42', '2025-05-01 13:48:42'),
(64, 'Customer Review', 'I was very pleased with the product quality and fast shipping. Would definitely order again!', 'READING', NULL, 'ACTIVE', '2025-05-01 13:48:42', '2025-05-01 13:48:42'),
(65, 'Tech Update', 'The latest smartphone features an upgraded camera system and a faster processor for improved performance.', 'READING', NULL, 'ACTIVE', '2025-05-01 13:48:42', '2025-05-01 13:48:42'),
(66, 'Ordering Pizza', '[SPEAKER_A] Hello, I’d like to order a large pepperoni pizza.\n[SPEAKER_B] Would you like extra cheese?\n[SPEAKER_A] Yes, please.', 'LISTENING', 'https://example.com/audio27.mp3', 'ACTIVE', '2025-05-01 13:48:42', '2025-05-01 13:48:42'),
(67, 'Doctor Appointment', '[SPEAKER_A] What symptoms are you experiencing?\n[SPEAKER_B] I have a sore throat and mild fever.\n[SPEAKER_A] Let’s do a quick test.', 'LISTENING', 'https://example.com/audio28.mp3', 'ACTIVE', '2025-05-01 13:48:42', '2025-05-01 13:48:42'),
(68, 'Meeting Reschedule', '[SPEAKER_A] Can we move the meeting to Thursday?\n[SPEAKER_B] Sure, Thursday works better for me too.\n[SPEAKER_A] Great, I’ll update the calendar.', 'LISTENING', 'https://example.com/audio29.mp3', 'ACTIVE', '2025-05-01 13:48:42', '2025-05-01 13:48:42'),
(69, 'Tourist Info', '[SPEAKER_A] What time does the museum open?\n[SPEAKER_B] At 10 AM. It closes at 6 PM.\n[SPEAKER_A] Thank you.', 'LISTENING', 'https://example.com/audio30.mp3', 'ACTIVE', '2025-05-01 13:48:42', '2025-05-01 13:48:42'),
(70, 'Making Reservations', '[SPEAKER_A] I’d like a table for two at 7 PM.\n[SPEAKER_B] Do you prefer indoor or outdoor seating?\n[SPEAKER_A] Indoor, please.', 'LISTENING', 'https://example.com/audio31.mp3', 'ACTIVE', '2025-05-01 13:48:42', '2025-05-01 13:48:42'),
(71, 'Returning a Purchase', '[SPEAKER_A] I’d like to return this jacket.\n[SPEAKER_B] Do you have the receipt?\n[SPEAKER_A] Yes, here it is.', 'LISTENING', 'https://example.com/audio32.mp3', 'ACTIVE', '2025-05-01 13:48:42', '2025-05-01 13:48:42'),
(72, 'Asking Directions', '[SPEAKER_A] Excuse me, how do I get to the train station?\n[SPEAKER_B] Go straight two blocks and turn right.\n[SPEAKER_A] Thank you so much!', 'LISTENING', 'https://example.com/audio33.mp3', 'ACTIVE', '2025-05-01 13:48:42', '2025-05-01 13:48:42'),
(73, 'Team Meeting', '[SPEAKER_A] We need to finalize the budget.\n[SPEAKER_B] I’ll send the latest numbers by 3 PM.\n[SPEAKER_A] Perfect, thank you.', 'LISTENING', 'https://example.com/audio34.mp3', 'ACTIVE', '2025-05-01 13:48:42', '2025-05-01 13:48:42'),
(74, 'Hotel Check-In', '[SPEAKER_A] Welcome to Seaside Hotel. Do you have a reservation?\n[SPEAKER_B] Yes, under the name Miller.\n[SPEAKER_A] One moment, please.', 'LISTENING', 'https://example.com/audio35.mp3', 'ACTIVE', '2025-05-01 13:48:42', '2025-05-01 13:48:42'),
(75, 'Shopping for Shoes', '[SPEAKER_A] Do you have these in size 9?\n[SPEAKER_B] Let me check in the back.\n[SPEAKER_A] Thank you.', 'LISTENING', 'https://example.com/audio36.mp3', 'ACTIVE', '2025-05-01 13:48:42', '2025-05-01 13:48:42'),
(76, 'Dentist Visit', '[SPEAKER_A] Are you experiencing any pain?\n[SPEAKER_B] Yes, in the lower left molar.\n[SPEAKER_A] Let’s take a quick X-ray.', 'LISTENING', 'https://example.com/audio37.mp3', 'ACTIVE', '2025-05-01 13:48:42', '2025-05-01 13:48:42'),
(77, 'Laundry Pickup', '[SPEAKER_A] I’m here to pick up my clothes.\n[SPEAKER_B] Can I have your ticket?\n[SPEAKER_A] Sure, here it is.', 'LISTENING', 'https://example.com/audio38.mp3', 'ACTIVE', '2025-05-01 13:48:42', '2025-05-01 13:48:42'),
(78, 'Weather Report', 'Today will be sunny with a high of 28°C and low humidity. Perfect weather for outdoor activities.', 'READING', NULL, 'ACTIVE', '2025-05-01 13:51:53', '2025-05-01 13:51:53'),
(79, 'Notice to Employees', 'All employees are required to wear ID badges at all times while in the office premises.', 'READING', NULL, 'ACTIVE', '2025-05-01 13:51:53', '2025-05-01 13:51:53'),
(80, 'Online Purchase Receipt', 'Thank you for your purchase! Your order #3452 will be shipped within 3 business days.', 'READING', NULL, 'ACTIVE', '2025-05-01 13:51:53', '2025-05-01 13:51:53'),
(81, 'Safety Reminder', 'Always wear a helmet when riding a bicycle. Your safety is our priority.', 'READING', NULL, 'ACTIVE', '2025-05-01 13:51:53', '2025-05-01 13:51:53'),
(82, 'Newsletter Excerpt', 'In this month’s issue, we explore sustainable living tips and interview eco-friendly entrepreneurs.', 'READING', NULL, 'ACTIVE', '2025-05-01 13:51:53', '2025-05-01 13:51:53'),
(83, 'Workshop Outline', 'This workshop will cover the basics of time management and personal productivity.', 'READING', NULL, 'ACTIVE', '2025-05-01 13:51:53', '2025-05-01 13:51:53'),
(84, 'Policy Update', 'Our refund policy has been updated. Items returned after 30 days will not be accepted.', 'READING', NULL, 'ACTIVE', '2025-05-01 13:51:53', '2025-05-01 13:51:53'),
(85, 'Company Profile', 'TechNova Inc. is a leader in AI-driven solutions for the healthcare and finance industries.', 'READING', NULL, 'ACTIVE', '2025-05-01 13:51:53', '2025-05-01 13:51:53'),
(86, 'Public Service Announcement', 'Please conserve water. Limit outdoor watering to early mornings or late evenings.', 'READING', NULL, 'ACTIVE', '2025-05-01 13:51:53', '2025-05-01 13:51:53'),
(87, 'Weekly Digest', 'Your personalized news feed summary includes top articles on technology, health, and education.', 'READING', NULL, 'ACTIVE', '2025-05-01 13:51:53', '2025-05-01 13:51:53'),
(88, 'User Guide', 'To install the software, double-click the setup file and follow the on-screen instructions.', 'READING', NULL, 'ACTIVE', '2025-05-01 13:51:53', '2025-05-01 13:51:53'),
(89, 'Fitness Program', 'This 6-week program includes cardio, strength training, and nutritional planning.', 'READING', NULL, 'ACTIVE', '2025-05-01 13:51:53', '2025-05-01 13:51:53'),
(90, 'Product Recall', 'We are recalling product batch 2318 due to a packaging defect. Please return it for a refund.', 'READING', NULL, 'ACTIVE', '2025-05-01 13:51:53', '2025-05-01 13:51:53'),
(91, 'Banking Inquiry', '[SPEAKER_A] What’s the balance on my savings account?\n[SPEAKER_B] One moment, I’ll check for you.\n[SPEAKER_A] Thank you.', 'LISTENING', 'https://example.com/audio39.mp3', 'ACTIVE', '2025-05-01 13:51:53', '2025-05-01 13:51:53'),
(92, 'Restaurant Complaint', '[SPEAKER_A] My food is cold.\n[SPEAKER_B] I’m very sorry. Would you like me to reheat it?\n[SPEAKER_A] Yes, please.', 'LISTENING', 'https://example.com/audio40.mp3', 'ACTIVE', '2025-05-01 13:51:53', '2025-05-01 13:51:53'),
(93, 'Classroom Discussion', '[SPEAKER_A] What is the capital of Peru?\n[SPEAKER_B] Lima.\n[SPEAKER_A] Correct!', 'LISTENING', 'https://example.com/audio41.mp3', 'ACTIVE', '2025-05-01 13:51:53', '2025-05-01 13:51:53'),
(94, 'Movie Ticket Booking', '[SPEAKER_A] I’d like two tickets for the 6 PM show.\n[SPEAKER_B] Do you prefer front or middle row?\n[SPEAKER_A] Middle, please.', 'LISTENING', 'https://example.com/audio42.mp3', 'ACTIVE', '2025-05-01 13:51:53', '2025-05-01 13:51:53'),
(95, 'Bus Station Info', '[SPEAKER_A] When is the next bus to downtown?\n[SPEAKER_B] In 15 minutes.\n[SPEAKER_A] Thanks!', 'LISTENING', 'https://example.com/audio43.mp3', 'ACTIVE', '2025-05-01 13:51:53', '2025-05-01 13:51:53'),
(96, 'Apartment Inquiry', '[SPEAKER_A] Is the two-bedroom apartment still available?\n[SPEAKER_B] Yes, would you like to schedule a tour?\n[SPEAKER_A] That would be great.', 'LISTENING', 'https://example.com/audio44.mp3', 'ACTIVE', '2025-05-01 13:51:53', '2025-05-01 13:51:53'),
(97, 'Post Office Visit', '[SPEAKER_A] I need to send this package overnight.\n[SPEAKER_B] Please fill out this form.\n[SPEAKER_A] Done, thank you.', 'LISTENING', 'https://example.com/audio45.mp3', 'ACTIVE', '2025-05-01 13:51:53', '2025-05-01 13:51:53'),
(98, 'Hair Salon Call', '[SPEAKER_A] Can I book a haircut for tomorrow?\n[SPEAKER_B] We have an opening at 11 AM.\n[SPEAKER_A] I’ll take it.', 'LISTENING', 'https://example.com/audio46.mp3', 'ACTIVE', '2025-05-01 13:51:53', '2025-05-01 13:51:53'),
(99, 'Daily Routine', '[SPEAKER_A] I usually wake up at 6 AM.\n[SPEAKER_B] That’s early!\n[SPEAKER_A] I like to get a head start.', 'LISTENING', 'https://example.com/audio47.mp3', 'ACTIVE', '2025-05-01 13:51:53', '2025-05-01 13:51:53'),
(100, 'Grocery Store', '[SPEAKER_A] Where can I find the milk?\n[SPEAKER_B] Aisle 5, next to the cheese.\n[SPEAKER_A] Thanks!', 'LISTENING', 'https://example.com/audio48.mp3', 'ACTIVE', '2025-05-01 13:51:53', '2025-05-01 13:51:53'),
(101, 'Morning Exercise', '[SPEAKER_A] Are you ready for our run?\n[SPEAKER_B] Yes, let me grab my water.\n[SPEAKER_A] Don’t forget sunscreen!', 'LISTENING', 'https://example.com/audio49.mp3', 'ACTIVE', '2025-05-01 13:51:53', '2025-05-01 13:51:53'),
(102, 'School Pickup', '[SPEAKER_A] I’m here to pick up my son, Daniel.\n[SPEAKER_B] He’s in Room 204.\n[SPEAKER_A] Thank you.', 'LISTENING', 'https://example.com/audio50.mp3', 'ACTIVE', '2025-05-01 13:51:53', '2025-05-01 13:51:53');

-- --------------------------------------------------------

--
-- Table structure for table `recommendations`
--

CREATE TABLE `recommendations` (
  `pk_recommend` int(11) NOT NULL,
  `test_fk` int(11) NOT NULL,
  `recommendation_text` text NOT NULL,
  `created_at` datetime DEFAULT current_timestamp(),
  `updated_at` datetime DEFAULT current_timestamp() ON UPDATE current_timestamp()
) ENGINE=InnoDB DEFAULT CHARSET=utf8mb4 COLLATE=utf8mb4_general_ci;

-- --------------------------------------------------------

--
-- Table structure for table `strengths`
--

CREATE TABLE `strengths` (
  `pk_strength` int(11) NOT NULL,
  `test_fk` int(11) NOT NULL,
  `strength_text` text NOT NULL,
  `created_at` datetime DEFAULT current_timestamp(),
  `updated_at` datetime DEFAULT current_timestamp() ON UPDATE current_timestamp()
) ENGINE=InnoDB DEFAULT CHARSET=utf8mb4 COLLATE=utf8mb4_general_ci;

-- --------------------------------------------------------

--
-- Table structure for table `study_materials`
--

CREATE TABLE `study_materials` (
  `pk_studymaterial` int(11) NOT NULL,
  `studymaterial_title` varchar(250) NOT NULL,
  `studymaterial_desc` text DEFAULT NULL,
  `studymaterial_type` varchar(20) DEFAULT NULL,
  `studymaterial_url` varchar(255) DEFAULT NULL,
  `level_fk` int(11) NOT NULL,
  `studymaterial_tags` varchar(200) DEFAULT NULL,
  `created_at` datetime DEFAULT current_timestamp()
) ENGINE=InnoDB DEFAULT CHARSET=utf8mb4 COLLATE=utf8mb4_general_ci;

-- --------------------------------------------------------

--
-- Table structure for table `tests`
--

CREATE TABLE `tests` (
  `pk_test` int(11) NOT NULL,
  `user_fk` int(11) NOT NULL,
  `test_points` int(10) DEFAULT NULL,
  `test_passed` int(1) DEFAULT NULL,
  `status` varchar(25) NOT NULL DEFAULT 'IN_PROGRESS',
  `level_fk` int(11) DEFAULT NULL,
  `created_at` datetime DEFAULT current_timestamp(),
  `updated_at` datetime DEFAULT current_timestamp() ON UPDATE current_timestamp()
) ENGINE=InnoDB DEFAULT CHARSET=utf8mb4 COLLATE=utf8mb4_general_ci;

--
-- Dumping data for table `tests`
--

INSERT INTO `tests` (`pk_test`, `user_fk`, `test_points`, `test_passed`, `status`, `level_fk`, `created_at`, `updated_at`) VALUES
(29, 2, NULL, NULL, 'CHECKING_ANSWERS', NULL, '2025-05-01 16:44:00', '2025-05-01 18:14:01'),
(30, 3, NULL, NULL, 'IN_PROGRESS', NULL, '2025-05-01 17:18:41', '2025-05-01 17:18:41'),
(32, 3, NULL, NULL, 'IN_PROGRESS', NULL, '2025-05-01 17:21:05', '2025-05-01 17:21:05'),
(34, 2, NULL, NULL, 'IN_PROGRESS', NULL, '2025-05-01 17:21:55', '2025-05-01 17:21:55'),
(35, 1, NULL, NULL, 'IN_PROGRESS', NULL, '2025-05-01 17:22:14', '2025-05-01 17:22:14');

-- --------------------------------------------------------

--
-- Table structure for table `test_comments`
--

CREATE TABLE `test_comments` (
  `pk_comment` int(11) NOT NULL,
  `comment_title` varchar(100) DEFAULT NULL,
  `comment_value` text DEFAULT NULL,
  `user_fk` int(11) DEFAULT NULL,
  `test_fk` int(11) DEFAULT NULL,
  `created_at` datetime DEFAULT current_timestamp(),
  `updated_at` datetime DEFAULT current_timestamp() ON UPDATE current_timestamp()
) ENGINE=InnoDB DEFAULT CHARSET=utf8mb4 COLLATE=utf8mb4_general_ci;

-- --------------------------------------------------------

--
-- Table structure for table `test_details`
--

CREATE TABLE `test_details` (
  `pk_testdetail` int(11) NOT NULL,
  `test_fk` int(11) NOT NULL,
  `title_fk` int(11) NOT NULL,
  `question_fk` int(11) DEFAULT NULL,
  `answer_fk` int(11) DEFAULT NULL,
  `created_at` datetime DEFAULT current_timestamp(),
  `updated_at` datetime DEFAULT current_timestamp() ON UPDATE current_timestamp()
) ENGINE=InnoDB DEFAULT CHARSET=utf8mb4 COLLATE=utf8mb4_general_ci;

--
-- Dumping data for table `test_details`
--

INSERT INTO `test_details` (`pk_testdetail`, `test_fk`, `title_fk`, `question_fk`, `answer_fk`, `created_at`, `updated_at`) VALUES
(1, 29, 46, 119, 481, '2025-05-01 16:44:00', '2025-05-01 18:14:01'),
(2, 29, 46, 121, 488, '2025-05-01 16:44:00', '2025-05-01 18:14:01'),
(3, 29, 46, 118, 488, '2025-05-01 16:44:00', '2025-05-01 18:14:01'),
(4, 29, 46, 120, 476, '2025-05-01 16:44:00', '2025-05-01 18:14:01'),
(5, 29, 35, 174, 701, '2025-05-01 16:44:00', '2025-05-01 18:14:01'),
(6, 29, 35, 177, 712, '2025-05-01 16:44:00', '2025-05-01 18:14:01'),
(7, 29, 35, 176, 708, '2025-05-01 16:44:00', '2025-05-01 18:14:01'),
(8, 29, 35, 175, 704, '2025-05-01 16:44:00', '2025-05-01 18:14:01'),
(9, 30, 17, 68, NULL, '2025-05-01 17:18:41', '2025-05-01 17:18:41'),
(10, 30, 17, 66, NULL, '2025-05-01 17:18:41', '2025-05-01 17:18:41'),
(11, 30, 17, 67, NULL, '2025-05-01 17:18:41', '2025-05-01 17:18:41'),
(12, 30, 17, 65, NULL, '2025-05-01 17:18:41', '2025-05-01 17:18:41'),
(13, 30, 46, 118, NULL, '2025-05-01 17:18:41', '2025-05-01 17:18:41'),
(14, 30, 46, 121, NULL, '2025-05-01 17:18:41', '2025-05-01 17:18:41'),
(15, 30, 46, 119, NULL, '2025-05-01 17:18:41', '2025-05-01 17:18:41'),
(16, 30, 46, 120, NULL, '2025-05-01 17:18:41', '2025-05-01 17:18:41'),
(17, 30, 25, 98, NULL, '2025-05-01 17:18:41', '2025-05-01 17:18:41'),
(18, 30, 25, 97, NULL, '2025-05-01 17:18:41', '2025-05-01 17:18:41'),
(19, 30, 25, 100, NULL, '2025-05-01 17:18:41', '2025-05-01 17:18:41'),
(20, 30, 25, 99, NULL, '2025-05-01 17:18:41', '2025-05-01 17:18:41'),
(21, 30, 50, 134, NULL, '2025-05-01 17:18:41', '2025-05-01 17:18:41'),
(22, 30, 50, 135, NULL, '2025-05-01 17:18:41', '2025-05-01 17:18:41'),
(23, 30, 50, 137, NULL, '2025-05-01 17:18:41', '2025-05-01 17:18:41'),
(24, 30, 50, 136, NULL, '2025-05-01 17:18:41', '2025-05-01 17:18:41'),
(25, 30, 23, 89, NULL, '2025-05-01 17:18:41', '2025-05-01 17:18:41'),
(26, 30, 23, 91, NULL, '2025-05-01 17:18:41', '2025-05-01 17:18:41'),
(27, 30, 23, 90, NULL, '2025-05-01 17:18:41', '2025-05-01 17:18:41'),
(28, 30, 23, 92, NULL, '2025-05-01 17:18:41', '2025-05-01 17:18:41'),
(29, 30, 34, 170, NULL, '2025-05-01 17:18:41', '2025-05-01 17:18:41'),
(30, 30, 34, 173, NULL, '2025-05-01 17:18:41', '2025-05-01 17:18:41'),
(31, 30, 34, 171, NULL, '2025-05-01 17:18:41', '2025-05-01 17:18:41'),
(32, 30, 34, 172, NULL, '2025-05-01 17:18:41', '2025-05-01 17:18:41'),
(33, 30, 10, 39, NULL, '2025-05-01 17:18:41', '2025-05-01 17:18:41'),
(34, 30, 10, 40, NULL, '2025-05-01 17:18:41', '2025-05-01 17:18:41'),
(35, 30, 10, 38, NULL, '2025-05-01 17:18:41', '2025-05-01 17:18:41'),
(36, 30, 10, 37, NULL, '2025-05-01 17:18:41', '2025-05-01 17:18:41'),
(37, 30, 5, 17, NULL, '2025-05-01 17:18:41', '2025-05-01 17:18:41'),
(38, 30, 5, 18, NULL, '2025-05-01 17:18:41', '2025-05-01 17:18:41'),
(39, 30, 5, 19, NULL, '2025-05-01 17:18:41', '2025-05-01 17:18:41'),
(40, 30, 5, 20, NULL, '2025-05-01 17:18:41', '2025-05-01 17:18:41'),
(41, 30, 6, 22, NULL, '2025-05-01 17:18:41', '2025-05-01 17:18:41'),
(42, 30, 6, 21, NULL, '2025-05-01 17:18:41', '2025-05-01 17:18:41'),
(43, 30, 6, 24, NULL, '2025-05-01 17:18:41', '2025-05-01 17:18:41'),
(44, 30, 6, 23, NULL, '2025-05-01 17:18:41', '2025-05-01 17:18:41'),
(45, 30, 40, 197, NULL, '2025-05-01 17:18:41', '2025-05-01 17:18:41'),
(46, 30, 40, 194, NULL, '2025-05-01 17:18:41', '2025-05-01 17:18:41'),
(47, 30, 40, 195, NULL, '2025-05-01 17:18:41', '2025-05-01 17:18:41'),
(48, 30, 40, 196, NULL, '2025-05-01 17:18:41', '2025-05-01 17:18:41'),
(57, 32, 25, 98, NULL, '2025-05-01 17:21:05', '2025-05-01 17:21:05'),
(58, 32, 25, 100, NULL, '2025-05-01 17:21:05', '2025-05-01 17:21:05'),
(59, 32, 25, 99, NULL, '2025-05-01 17:21:05', '2025-05-01 17:21:05'),
(60, 32, 25, 97, NULL, '2025-05-01 17:21:05', '2025-05-01 17:21:05'),
(61, 32, 1, 1, NULL, '2025-05-01 17:21:05', '2025-05-01 17:21:05'),
(62, 32, 1, 3, NULL, '2025-05-01 17:21:05', '2025-05-01 17:21:05'),
(63, 32, 1, 2, NULL, '2025-05-01 17:21:05', '2025-05-01 17:21:05'),
(64, 32, 1, 4, NULL, '2025-05-01 17:21:05', '2025-05-01 17:21:05'),
(65, 32, 20, 78, NULL, '2025-05-01 17:21:05', '2025-05-01 17:21:05'),
(66, 32, 20, 79, NULL, '2025-05-01 17:21:05', '2025-05-01 17:21:05'),
(67, 32, 20, 80, NULL, '2025-05-01 17:21:05', '2025-05-01 17:21:05'),
(68, 32, 20, 77, NULL, '2025-05-01 17:21:05', '2025-05-01 17:21:05'),
(69, 32, 47, 124, NULL, '2025-05-01 17:21:05', '2025-05-01 17:21:05'),
(70, 32, 47, 125, NULL, '2025-05-01 17:21:05', '2025-05-01 17:21:05'),
(71, 32, 47, 122, NULL, '2025-05-01 17:21:05', '2025-05-01 17:21:05'),
(72, 32, 47, 123, NULL, '2025-05-01 17:21:05', '2025-05-01 17:21:05'),
(73, 32, 45, 117, NULL, '2025-05-01 17:21:05', '2025-05-01 17:21:05'),
(74, 32, 45, 114, NULL, '2025-05-01 17:21:05', '2025-05-01 17:21:05'),
(75, 32, 45, 116, NULL, '2025-05-01 17:21:05', '2025-05-01 17:21:05'),
(76, 32, 45, 115, NULL, '2025-05-01 17:21:05', '2025-05-01 17:21:05'),
(77, 32, 24, 94, NULL, '2025-05-01 17:21:05', '2025-05-01 17:21:05'),
(78, 32, 24, 95, NULL, '2025-05-01 17:21:05', '2025-05-01 17:21:05'),
(79, 32, 24, 96, NULL, '2025-05-01 17:21:05', '2025-05-01 17:21:05'),
(80, 32, 24, 93, NULL, '2025-05-01 17:21:05', '2025-05-01 17:21:05'),
(81, 32, 18, 72, NULL, '2025-05-01 17:21:05', '2025-05-01 17:21:05'),
(82, 32, 18, 70, NULL, '2025-05-01 17:21:05', '2025-05-01 17:21:05'),
(83, 32, 18, 71, NULL, '2025-05-01 17:21:05', '2025-05-01 17:21:05'),
(84, 32, 18, 69, NULL, '2025-05-01 17:21:05', '2025-05-01 17:21:05'),
(85, 32, 16, 61, NULL, '2025-05-01 17:21:05', '2025-05-01 17:21:05'),
(86, 32, 16, 62, NULL, '2025-05-01 17:21:05', '2025-05-01 17:21:05'),
(87, 32, 16, 64, NULL, '2025-05-01 17:21:05', '2025-05-01 17:21:05'),
(88, 32, 16, 63, NULL, '2025-05-01 17:21:05', '2025-05-01 17:21:05'),
(89, 32, 23, 91, NULL, '2025-05-01 17:21:05', '2025-05-01 17:21:05'),
(90, 32, 23, 92, NULL, '2025-05-01 17:21:05', '2025-05-01 17:21:05'),
(91, 32, 23, 89, NULL, '2025-05-01 17:21:05', '2025-05-01 17:21:05'),
(92, 32, 23, 90, NULL, '2025-05-01 17:21:05', '2025-05-01 17:21:05'),
(93, 32, 21, 82, NULL, '2025-05-01 17:21:05', '2025-05-01 17:21:05'),
(94, 32, 21, 84, NULL, '2025-05-01 17:21:05', '2025-05-01 17:21:05'),
(95, 32, 21, 81, NULL, '2025-05-01 17:21:05', '2025-05-01 17:21:05'),
(96, 32, 21, 83, NULL, '2025-05-01 17:21:05', '2025-05-01 17:21:05'),
(97, 32, 9, 36, NULL, '2025-05-01 17:21:05', '2025-05-01 17:21:05'),
(98, 32, 9, 33, NULL, '2025-05-01 17:21:05', '2025-05-01 17:21:05'),
(99, 32, 9, 34, NULL, '2025-05-01 17:21:05', '2025-05-01 17:21:05'),
(100, 32, 9, 35, NULL, '2025-05-01 17:21:05', '2025-05-01 17:21:05'),
(101, 32, 39, 192, NULL, '2025-05-01 17:21:05', '2025-05-01 17:21:05'),
(102, 32, 39, 191, NULL, '2025-05-01 17:21:05', '2025-05-01 17:21:05'),
(103, 32, 39, 193, NULL, '2025-05-01 17:21:05', '2025-05-01 17:21:05'),
(104, 32, 39, 190, NULL, '2025-05-01 17:21:05', '2025-05-01 17:21:05'),
(105, 32, 5, 17, NULL, '2025-05-01 17:21:05', '2025-05-01 17:21:05'),
(106, 32, 5, 18, NULL, '2025-05-01 17:21:05', '2025-05-01 17:21:05'),
(107, 32, 5, 20, NULL, '2025-05-01 17:21:05', '2025-05-01 17:21:05'),
(108, 32, 5, 19, NULL, '2025-05-01 17:21:05', '2025-05-01 17:21:05'),
(109, 32, 35, 174, NULL, '2025-05-01 17:21:05', '2025-05-01 17:21:05'),
(110, 32, 35, 176, NULL, '2025-05-01 17:21:05', '2025-05-01 17:21:05'),
(111, 32, 35, 177, NULL, '2025-05-01 17:21:05', '2025-05-01 17:21:05'),
(112, 32, 35, 175, NULL, '2025-05-01 17:21:05', '2025-05-01 17:21:05'),
(113, 32, 36, 178, NULL, '2025-05-01 17:21:05', '2025-05-01 17:21:05'),
(114, 32, 36, 180, NULL, '2025-05-01 17:21:05', '2025-05-01 17:21:05'),
(115, 32, 36, 179, NULL, '2025-05-01 17:21:05', '2025-05-01 17:21:05'),
(116, 32, 36, 181, NULL, '2025-05-01 17:21:05', '2025-05-01 17:21:05'),
(117, 32, 13, 51, NULL, '2025-05-01 17:21:05', '2025-05-01 17:21:05'),
(118, 32, 13, 49, NULL, '2025-05-01 17:21:05', '2025-05-01 17:21:05'),
(119, 32, 13, 52, NULL, '2025-05-01 17:21:05', '2025-05-01 17:21:05'),
(120, 32, 13, 50, NULL, '2025-05-01 17:21:05', '2025-05-01 17:21:05'),
(121, 32, 3, 12, NULL, '2025-05-01 17:21:05', '2025-05-01 17:21:05'),
(122, 32, 3, 9, NULL, '2025-05-01 17:21:05', '2025-05-01 17:21:05'),
(123, 32, 3, 10, NULL, '2025-05-01 17:21:05', '2025-05-01 17:21:05'),
(124, 32, 3, 11, NULL, '2025-05-01 17:21:05', '2025-05-01 17:21:05'),
(125, 32, 12, 46, NULL, '2025-05-01 17:21:05', '2025-05-01 17:21:05'),
(126, 32, 12, 45, NULL, '2025-05-01 17:21:05', '2025-05-01 17:21:05'),
(127, 32, 12, 47, NULL, '2025-05-01 17:21:05', '2025-05-01 17:21:05'),
(128, 32, 12, 48, NULL, '2025-05-01 17:21:05', '2025-05-01 17:21:05'),
(129, 32, 32, 162, NULL, '2025-05-01 17:21:05', '2025-05-01 17:21:05'),
(130, 32, 32, 165, NULL, '2025-05-01 17:21:05', '2025-05-01 17:21:05'),
(131, 32, 32, 164, NULL, '2025-05-01 17:21:05', '2025-05-01 17:21:05'),
(132, 32, 32, 163, NULL, '2025-05-01 17:21:05', '2025-05-01 17:21:05'),
(133, 32, 38, 189, NULL, '2025-05-01 17:21:05', '2025-05-01 17:21:05'),
(134, 32, 38, 187, NULL, '2025-05-01 17:21:05', '2025-05-01 17:21:05'),
(135, 32, 38, 186, NULL, '2025-05-01 17:21:05', '2025-05-01 17:21:05'),
(136, 32, 38, 188, NULL, '2025-05-01 17:21:05', '2025-05-01 17:21:05'),
(137, 34, 26, 104, NULL, '2025-05-01 17:21:55', '2025-05-01 17:21:55'),
(138, 34, 26, 103, NULL, '2025-05-01 17:21:55', '2025-05-01 17:21:55'),
(139, 34, 26, 101, NULL, '2025-05-01 17:21:55', '2025-05-01 17:21:55'),
(140, 34, 26, 102, NULL, '2025-05-01 17:21:55', '2025-05-01 17:21:55'),
(141, 34, 18, 69, NULL, '2025-05-01 17:21:55', '2025-05-01 17:21:55'),
(142, 34, 18, 70, NULL, '2025-05-01 17:21:55', '2025-05-01 17:21:55'),
(143, 34, 18, 72, NULL, '2025-05-01 17:21:55', '2025-05-01 17:21:55'),
(144, 34, 18, 71, NULL, '2025-05-01 17:21:55', '2025-05-01 17:21:55'),
(145, 34, 2, 7, NULL, '2025-05-01 17:21:55', '2025-05-01 17:21:55'),
(146, 34, 2, 5, NULL, '2025-05-01 17:21:55', '2025-05-01 17:21:55'),
(147, 34, 2, 8, NULL, '2025-05-01 17:21:55', '2025-05-01 17:21:55'),
(148, 34, 2, 6, NULL, '2025-05-01 17:21:55', '2025-05-01 17:21:55'),
(149, 34, 50, 135, NULL, '2025-05-01 17:21:55', '2025-05-01 17:21:55'),
(150, 34, 50, 137, NULL, '2025-05-01 17:21:55', '2025-05-01 17:21:55'),
(151, 34, 50, 136, NULL, '2025-05-01 17:21:55', '2025-05-01 17:21:55'),
(152, 34, 50, 134, NULL, '2025-05-01 17:21:55', '2025-05-01 17:21:55'),
(153, 34, 22, 88, NULL, '2025-05-01 17:21:55', '2025-05-01 17:21:55'),
(154, 34, 22, 85, NULL, '2025-05-01 17:21:55', '2025-05-01 17:21:55'),
(155, 34, 22, 87, NULL, '2025-05-01 17:21:55', '2025-05-01 17:21:55'),
(156, 34, 22, 86, NULL, '2025-05-01 17:21:55', '2025-05-01 17:21:55'),
(157, 34, 49, 130, NULL, '2025-05-01 17:21:55', '2025-05-01 17:21:55'),
(158, 34, 49, 132, NULL, '2025-05-01 17:21:55', '2025-05-01 17:21:55'),
(159, 34, 49, 133, NULL, '2025-05-01 17:21:55', '2025-05-01 17:21:55'),
(160, 34, 49, 131, NULL, '2025-05-01 17:21:55', '2025-05-01 17:21:55'),
(161, 34, 51, 138, NULL, '2025-05-01 17:21:55', '2025-05-01 17:21:55'),
(162, 34, 51, 140, NULL, '2025-05-01 17:21:55', '2025-05-01 17:21:55'),
(163, 34, 51, 141, NULL, '2025-05-01 17:21:55', '2025-05-01 17:21:55'),
(164, 34, 51, 139, NULL, '2025-05-01 17:21:55', '2025-05-01 17:21:55'),
(165, 34, 19, 73, NULL, '2025-05-01 17:21:55', '2025-05-01 17:21:55'),
(166, 34, 19, 76, NULL, '2025-05-01 17:21:55', '2025-05-01 17:21:55'),
(167, 34, 19, 74, NULL, '2025-05-01 17:21:55', '2025-05-01 17:21:55'),
(168, 34, 19, 75, NULL, '2025-05-01 17:21:55', '2025-05-01 17:21:55'),
(169, 34, 48, 127, NULL, '2025-05-01 17:21:55', '2025-05-01 17:21:55'),
(170, 34, 48, 129, NULL, '2025-05-01 17:21:55', '2025-05-01 17:21:55'),
(171, 34, 48, 128, NULL, '2025-05-01 17:21:55', '2025-05-01 17:21:55'),
(172, 34, 48, 126, NULL, '2025-05-01 17:21:55', '2025-05-01 17:21:55'),
(173, 34, 46, 120, NULL, '2025-05-01 17:21:55', '2025-05-01 17:21:55'),
(174, 34, 46, 119, NULL, '2025-05-01 17:21:55', '2025-05-01 17:21:55'),
(175, 34, 46, 121, NULL, '2025-05-01 17:21:55', '2025-05-01 17:21:55'),
(176, 34, 46, 118, NULL, '2025-05-01 17:21:55', '2025-05-01 17:21:55'),
(177, 34, 52, 143, NULL, '2025-05-01 17:21:55', '2025-05-01 17:21:55'),
(178, 34, 52, 142, NULL, '2025-05-01 17:21:55', '2025-05-01 17:21:55'),
(179, 34, 52, 145, NULL, '2025-05-01 17:21:55', '2025-05-01 17:21:55'),
(180, 34, 52, 144, NULL, '2025-05-01 17:21:55', '2025-05-01 17:21:55'),
(181, 34, 20, 77, NULL, '2025-05-01 17:21:55', '2025-05-01 17:21:55'),
(182, 34, 20, 80, NULL, '2025-05-01 17:21:55', '2025-05-01 17:21:55'),
(183, 34, 20, 79, NULL, '2025-05-01 17:21:55', '2025-05-01 17:21:55'),
(184, 34, 20, 78, NULL, '2025-05-01 17:21:55', '2025-05-01 17:21:55'),
(185, 34, 7, 26, NULL, '2025-05-01 17:21:55', '2025-05-01 17:21:55'),
(186, 34, 7, 28, NULL, '2025-05-01 17:21:55', '2025-05-01 17:21:55'),
(187, 34, 7, 27, NULL, '2025-05-01 17:21:55', '2025-05-01 17:21:55'),
(188, 34, 7, 25, NULL, '2025-05-01 17:21:55', '2025-05-01 17:21:55'),
(189, 34, 32, 165, NULL, '2025-05-01 17:21:55', '2025-05-01 17:21:55'),
(190, 34, 32, 162, NULL, '2025-05-01 17:21:55', '2025-05-01 17:21:55'),
(191, 34, 32, 163, NULL, '2025-05-01 17:21:55', '2025-05-01 17:21:55'),
(192, 34, 32, 164, NULL, '2025-05-01 17:21:55', '2025-05-01 17:21:55'),
(193, 34, 14, 54, NULL, '2025-05-01 17:21:55', '2025-05-01 17:21:55'),
(194, 34, 14, 55, NULL, '2025-05-01 17:21:55', '2025-05-01 17:21:55'),
(195, 34, 14, 53, NULL, '2025-05-01 17:21:55', '2025-05-01 17:21:55'),
(196, 34, 14, 56, NULL, '2025-05-01 17:21:55', '2025-05-01 17:21:55'),
(197, 34, 12, 46, NULL, '2025-05-01 17:21:55', '2025-05-01 17:21:55'),
(198, 34, 12, 45, NULL, '2025-05-01 17:21:55', '2025-05-01 17:21:55'),
(199, 34, 12, 47, NULL, '2025-05-01 17:21:55', '2025-05-01 17:21:55'),
(200, 34, 12, 48, NULL, '2025-05-01 17:21:55', '2025-05-01 17:21:55'),
(201, 34, 31, 160, NULL, '2025-05-01 17:21:55', '2025-05-01 17:21:55'),
(202, 34, 31, 158, NULL, '2025-05-01 17:21:55', '2025-05-01 17:21:55'),
(203, 34, 31, 159, NULL, '2025-05-01 17:21:55', '2025-05-01 17:21:55'),
(204, 34, 31, 161, NULL, '2025-05-01 17:21:55', '2025-05-01 17:21:55'),
(205, 34, 10, 39, NULL, '2025-05-01 17:21:55', '2025-05-01 17:21:55'),
(206, 34, 10, 38, NULL, '2025-05-01 17:21:55', '2025-05-01 17:21:55'),
(207, 34, 10, 37, NULL, '2025-05-01 17:21:55', '2025-05-01 17:21:55'),
(208, 34, 10, 40, NULL, '2025-05-01 17:21:55', '2025-05-01 17:21:55'),
(209, 34, 39, 192, NULL, '2025-05-01 17:21:55', '2025-05-01 17:21:55'),
(210, 34, 39, 191, NULL, '2025-05-01 17:21:55', '2025-05-01 17:21:55'),
(211, 34, 39, 193, NULL, '2025-05-01 17:21:55', '2025-05-01 17:21:55'),
(212, 34, 39, 190, NULL, '2025-05-01 17:21:55', '2025-05-01 17:21:55'),
(213, 34, 15, 58, NULL, '2025-05-01 17:21:55', '2025-05-01 17:21:55'),
(214, 34, 15, 59, NULL, '2025-05-01 17:21:55', '2025-05-01 17:21:55'),
(215, 34, 15, 60, NULL, '2025-05-01 17:21:55', '2025-05-01 17:21:55'),
(216, 34, 15, 57, NULL, '2025-05-01 17:21:55', '2025-05-01 17:21:55'),
(217, 34, 5, 17, NULL, '2025-05-01 17:21:55', '2025-05-01 17:21:55'),
(218, 34, 5, 18, NULL, '2025-05-01 17:21:55', '2025-05-01 17:21:55'),
(219, 34, 5, 19, NULL, '2025-05-01 17:21:55', '2025-05-01 17:21:55'),
(220, 34, 5, 20, NULL, '2025-05-01 17:21:55', '2025-05-01 17:21:55'),
(221, 34, 35, 175, NULL, '2025-05-01 17:21:55', '2025-05-01 17:21:55'),
(222, 34, 35, 176, NULL, '2025-05-01 17:21:55', '2025-05-01 17:21:55'),
(223, 34, 35, 177, NULL, '2025-05-01 17:21:55', '2025-05-01 17:21:55'),
(224, 34, 35, 174, NULL, '2025-05-01 17:21:55', '2025-05-01 17:21:55'),
(225, 34, 28, 148, NULL, '2025-05-01 17:21:55', '2025-05-01 17:21:55'),
(226, 34, 28, 146, NULL, '2025-05-01 17:21:55', '2025-05-01 17:21:55'),
(227, 34, 28, 149, NULL, '2025-05-01 17:21:55', '2025-05-01 17:21:55'),
(228, 34, 28, 147, NULL, '2025-05-01 17:21:55', '2025-05-01 17:21:55'),
(229, 34, 40, 194, NULL, '2025-05-01 17:21:55', '2025-05-01 17:21:55'),
(230, 34, 40, 196, NULL, '2025-05-01 17:21:55', '2025-05-01 17:21:55'),
(231, 34, 40, 195, NULL, '2025-05-01 17:21:55', '2025-05-01 17:21:55'),
(232, 34, 40, 197, NULL, '2025-05-01 17:21:55', '2025-05-01 17:21:55'),
(233, 35, 1, 1, NULL, '2025-05-01 17:22:14', '2025-05-01 17:22:14'),
(234, 35, 1, 4, NULL, '2025-05-01 17:22:14', '2025-05-01 17:22:14'),
(235, 35, 1, 2, NULL, '2025-05-01 17:22:14', '2025-05-01 17:22:14'),
(236, 35, 1, 3, NULL, '2025-05-01 17:22:14', '2025-05-01 17:22:14'),
(237, 35, 17, 67, NULL, '2025-05-01 17:22:14', '2025-05-01 17:22:14'),
(238, 35, 17, 65, NULL, '2025-05-01 17:22:14', '2025-05-01 17:22:14'),
(239, 35, 17, 66, NULL, '2025-05-01 17:22:14', '2025-05-01 17:22:14'),
(240, 35, 17, 68, NULL, '2025-05-01 17:22:14', '2025-05-01 17:22:14'),
(241, 35, 2, 7, NULL, '2025-05-01 17:22:14', '2025-05-01 17:22:14'),
(242, 35, 2, 5, NULL, '2025-05-01 17:22:14', '2025-05-01 17:22:14'),
(243, 35, 2, 6, NULL, '2025-05-01 17:22:14', '2025-05-01 17:22:14'),
(244, 35, 2, 8, NULL, '2025-05-01 17:22:14', '2025-05-01 17:22:14'),
(245, 35, 52, 142, NULL, '2025-05-01 17:22:14', '2025-05-01 17:22:14'),
(246, 35, 52, 145, NULL, '2025-05-01 17:22:14', '2025-05-01 17:22:14'),
(247, 35, 52, 143, NULL, '2025-05-01 17:22:14', '2025-05-01 17:22:14'),
(248, 35, 52, 144, NULL, '2025-05-01 17:22:14', '2025-05-01 17:22:14'),
(249, 35, 25, 99, NULL, '2025-05-01 17:22:14', '2025-05-01 17:22:14'),
(250, 35, 25, 98, NULL, '2025-05-01 17:22:14', '2025-05-01 17:22:14'),
(251, 35, 25, 100, NULL, '2025-05-01 17:22:14', '2025-05-01 17:22:14'),
(252, 35, 25, 97, NULL, '2025-05-01 17:22:14', '2025-05-01 17:22:14'),
(253, 35, 23, 91, NULL, '2025-05-01 17:22:14', '2025-05-01 17:22:14'),
(254, 35, 23, 92, NULL, '2025-05-01 17:22:14', '2025-05-01 17:22:14'),
(255, 35, 23, 89, NULL, '2025-05-01 17:22:14', '2025-05-01 17:22:14'),
(256, 35, 23, 90, NULL, '2025-05-01 17:22:14', '2025-05-01 17:22:14'),
(257, 35, 22, 86, NULL, '2025-05-01 17:22:14', '2025-05-01 17:22:14'),
(258, 35, 22, 85, NULL, '2025-05-01 17:22:14', '2025-05-01 17:22:14'),
(259, 35, 22, 88, NULL, '2025-05-01 17:22:14', '2025-05-01 17:22:14'),
(260, 35, 22, 87, NULL, '2025-05-01 17:22:14', '2025-05-01 17:22:14'),
(261, 35, 47, 124, NULL, '2025-05-01 17:22:14', '2025-05-01 17:22:14'),
(262, 35, 47, 125, NULL, '2025-05-01 17:22:14', '2025-05-01 17:22:14'),
(263, 35, 47, 122, NULL, '2025-05-01 17:22:14', '2025-05-01 17:22:14'),
(264, 35, 47, 123, NULL, '2025-05-01 17:22:14', '2025-05-01 17:22:14'),
(265, 35, 21, 81, NULL, '2025-05-01 17:22:14', '2025-05-01 17:22:14'),
(266, 35, 21, 82, NULL, '2025-05-01 17:22:14', '2025-05-01 17:22:14'),
(267, 35, 21, 83, NULL, '2025-05-01 17:22:14', '2025-05-01 17:22:14'),
(268, 35, 21, 84, NULL, '2025-05-01 17:22:14', '2025-05-01 17:22:14'),
(269, 35, 24, 93, NULL, '2025-05-01 17:22:14', '2025-05-01 17:22:14'),
(270, 35, 24, 96, NULL, '2025-05-01 17:22:14', '2025-05-01 17:22:14'),
(271, 35, 24, 95, NULL, '2025-05-01 17:22:14', '2025-05-01 17:22:14'),
(272, 35, 24, 94, NULL, '2025-05-01 17:22:14', '2025-05-01 17:22:14'),
(273, 35, 44, 110, NULL, '2025-05-01 17:22:14', '2025-05-01 17:22:14'),
(274, 35, 44, 113, NULL, '2025-05-01 17:22:14', '2025-05-01 17:22:14'),
(275, 35, 44, 112, NULL, '2025-05-01 17:22:14', '2025-05-01 17:22:14'),
(276, 35, 44, 111, NULL, '2025-05-01 17:22:14', '2025-05-01 17:22:14'),
(277, 35, 16, 62, NULL, '2025-05-01 17:22:14', '2025-05-01 17:22:14'),
(278, 35, 16, 63, NULL, '2025-05-01 17:22:14', '2025-05-01 17:22:14'),
(279, 35, 16, 61, NULL, '2025-05-01 17:22:14', '2025-05-01 17:22:14'),
(280, 35, 16, 64, NULL, '2025-05-01 17:22:14', '2025-05-01 17:22:14'),
(281, 35, 13, 52, NULL, '2025-05-01 17:22:14', '2025-05-01 17:22:14'),
(282, 35, 13, 49, NULL, '2025-05-01 17:22:14', '2025-05-01 17:22:14'),
(283, 35, 13, 50, NULL, '2025-05-01 17:22:14', '2025-05-01 17:22:14'),
(284, 35, 13, 51, NULL, '2025-05-01 17:22:14', '2025-05-01 17:22:14'),
(285, 35, 36, 178, NULL, '2025-05-01 17:22:14', '2025-05-01 17:22:14'),
(286, 35, 36, 180, NULL, '2025-05-01 17:22:14', '2025-05-01 17:22:14'),
(287, 35, 36, 181, NULL, '2025-05-01 17:22:14', '2025-05-01 17:22:14'),
(288, 35, 36, 179, NULL, '2025-05-01 17:22:14', '2025-05-01 17:22:14'),
(289, 35, 4, 16, NULL, '2025-05-01 17:22:14', '2025-05-01 17:22:14'),
(290, 35, 4, 14, NULL, '2025-05-01 17:22:14', '2025-05-01 17:22:14'),
(291, 35, 4, 13, NULL, '2025-05-01 17:22:14', '2025-05-01 17:22:14'),
(292, 35, 4, 15, NULL, '2025-05-01 17:22:14', '2025-05-01 17:22:14'),
(293, 35, 33, 166, NULL, '2025-05-01 17:22:14', '2025-05-01 17:22:14'),
(294, 35, 33, 167, NULL, '2025-05-01 17:22:14', '2025-05-01 17:22:14'),
(295, 35, 33, 169, NULL, '2025-05-01 17:22:14', '2025-05-01 17:22:14'),
(296, 35, 33, 168, NULL, '2025-05-01 17:22:14', '2025-05-01 17:22:14'),
(297, 35, 10, 39, NULL, '2025-05-01 17:22:14', '2025-05-01 17:22:14'),
(298, 35, 10, 38, NULL, '2025-05-01 17:22:14', '2025-05-01 17:22:14'),
(299, 35, 10, 37, NULL, '2025-05-01 17:22:14', '2025-05-01 17:22:14'),
(300, 35, 10, 40, NULL, '2025-05-01 17:22:14', '2025-05-01 17:22:14'),
(301, 35, 40, 195, NULL, '2025-05-01 17:22:14', '2025-05-01 17:22:14'),
(302, 35, 40, 194, NULL, '2025-05-01 17:22:14', '2025-05-01 17:22:14'),
(303, 35, 40, 196, NULL, '2025-05-01 17:22:14', '2025-05-01 17:22:14'),
(304, 35, 40, 197, NULL, '2025-05-01 17:22:14', '2025-05-01 17:22:14'),
(305, 35, 14, 55, NULL, '2025-05-01 17:22:14', '2025-05-01 17:22:14'),
(306, 35, 14, 53, NULL, '2025-05-01 17:22:14', '2025-05-01 17:22:14'),
(307, 35, 14, 56, NULL, '2025-05-01 17:22:14', '2025-05-01 17:22:14'),
(308, 35, 14, 54, NULL, '2025-05-01 17:22:14', '2025-05-01 17:22:14'),
(309, 35, 39, 190, NULL, '2025-05-01 17:22:14', '2025-05-01 17:22:14'),
(310, 35, 39, 192, NULL, '2025-05-01 17:22:14', '2025-05-01 17:22:14'),
(311, 35, 39, 191, NULL, '2025-05-01 17:22:14', '2025-05-01 17:22:14'),
(312, 35, 39, 193, NULL, '2025-05-01 17:22:14', '2025-05-01 17:22:14'),
(313, 35, 37, 185, NULL, '2025-05-01 17:22:14', '2025-05-01 17:22:14'),
(314, 35, 37, 184, NULL, '2025-05-01 17:22:14', '2025-05-01 17:22:14'),
(315, 35, 37, 183, NULL, '2025-05-01 17:22:14', '2025-05-01 17:22:14'),
(316, 35, 37, 182, NULL, '2025-05-01 17:22:14', '2025-05-01 17:22:14'),
(317, 35, 32, 165, NULL, '2025-05-01 17:22:14', '2025-05-01 17:22:14'),
(318, 35, 32, 163, NULL, '2025-05-01 17:22:14', '2025-05-01 17:22:14'),
(319, 35, 32, 164, NULL, '2025-05-01 17:22:14', '2025-05-01 17:22:14'),
(320, 35, 32, 162, NULL, '2025-05-01 17:22:14', '2025-05-01 17:22:14'),
(321, 35, 28, 147, NULL, '2025-05-01 17:22:14', '2025-05-01 17:22:14'),
(322, 35, 28, 148, NULL, '2025-05-01 17:22:14', '2025-05-01 17:22:14'),
(323, 35, 28, 149, NULL, '2025-05-01 17:22:14', '2025-05-01 17:22:14'),
(324, 35, 28, 146, NULL, '2025-05-01 17:22:14', '2025-05-01 17:22:14'),
(325, 35, 6, 21, NULL, '2025-05-01 17:22:14', '2025-05-01 17:22:14'),
(326, 35, 6, 23, NULL, '2025-05-01 17:22:14', '2025-05-01 17:22:14'),
(327, 35, 6, 22, NULL, '2025-05-01 17:22:14', '2025-05-01 17:22:14'),
(328, 35, 6, 24, NULL, '2025-05-01 17:22:14', '2025-05-01 17:22:14');

-- --------------------------------------------------------

--
-- Table structure for table `toeic_sections`
--

CREATE TABLE `toeic_sections` (
  `section_pk` int(11) NOT NULL,
  `type_` enum('LISTENING','READING') NOT NULL,
  `section_desc` varchar(100) NOT NULL
) ENGINE=InnoDB DEFAULT CHARSET=utf8mb4 COLLATE=utf8mb4_general_ci;

--
-- Dumping data for table `toeic_sections`
--

INSERT INTO `toeic_sections` (`section_pk`, `type_`, `section_desc`) VALUES
(1, 'READING', 'Incomplete sentences'),
(2, 'READING', 'Error recognition'),
(3, 'READING', 'Reading comprehension'),
(4, 'READING', 'Double passages'),
(5, 'LISTENING', 'Photos'),
(6, 'LISTENING', 'Question – Response'),
(7, 'LISTENING', 'Short conversation'),
(8, 'LISTENING', 'Short talks');

-- --------------------------------------------------------

--
-- Table structure for table `users`
--

CREATE TABLE `users` (
  `pk_user` int(11) NOT NULL,
  `user_email` varchar(100) NOT NULL,
  `user_password` varchar(100) NOT NULL,
  `user_name` varchar(100) NOT NULL,
  `user_lastname` varchar(100) NOT NULL,
  `user_carnet` varchar(10) NOT NULL,
  `user_role` varchar(20) DEFAULT NULL,
  `created_at` datetime DEFAULT current_timestamp(),
  `updated_at` datetime DEFAULT current_timestamp() ON UPDATE current_timestamp(),
  `status` varchar(10) DEFAULT NULL
) ENGINE=InnoDB DEFAULT CHARSET=utf8mb4 COLLATE=utf8mb4_general_ci;

--
-- Dumping data for table `users`
--

INSERT INTO `users` (`pk_user`, `user_email`, `user_password`, `user_name`, `user_lastname`, `user_carnet`, `user_role`, `created_at`, `updated_at`, `status`) VALUES
(1, 'diego.alas20@itca.edu.sv', '$2b$12$c8UxdsABjP3wM4aBcMkFueZIhmEcZsOHIZiYiE/dhbVK2UncoPIha', 'Diego Alexander', 'Alas Morales', '024120', 'admin', '2025-04-17 14:41:40', '2025-04-19 11:03:40', 'ACTIVE'),
(2, 'ivan.osorio20@itca.edu.sv', '$2b$12$I3HZ4ZZNpdUqo7PByHl.ae/LXwCDRbwQ2lMS8yfIsaqzLd9eJtDb6', 'Ivan', 'Osorio', '020320', 'student', '2025-04-17 14:42:48', '2025-04-17 14:42:48', 'ACTIVE'),
(3, 'pedro@itca.edu.sv', '$2b$12$DC0q29icM2M5X7yJsW6Gj.Ley8qgXHfFyxbfvp.ItJO65pTXE.kMi', 'Pedro', 'Dias', '0000000', 'student', '2025-04-17 14:45:32', '2025-04-17 14:45:32', 'ACTIVE'),
(6, 'roberto@itca.edu.sv', '$2b$12$eVRVCKS2FA8Ue7Yl.y02p.Mfnrt/cUhlgrp9R.UhXsN5RfXXmsm22', 'Roberto', 'Perez', '0000001', 'student', '2025-04-17 14:46:06', '2025-04-19 11:15:03', 'INACTIVE');

-- --------------------------------------------------------

--
-- Table structure for table `weaknesses`
--

CREATE TABLE `weaknesses` (
  `pk_weakness` int(11) NOT NULL,
  `test_fk` int(11) NOT NULL,
  `weakness_text` text NOT NULL,
  `created_at` datetime DEFAULT current_timestamp(),
  `updated_at` datetime DEFAULT current_timestamp() ON UPDATE current_timestamp()
) ENGINE=InnoDB DEFAULT CHARSET=utf8mb4 COLLATE=utf8mb4_general_ci;

--
-- Indexes for dumped tables
--

--
-- Indexes for table `answers`
--
ALTER TABLE `answers`
  ADD PRIMARY KEY (`pk_answer`),
  ADD KEY `idx_question_fk` (`question_fk`);

--
-- Indexes for table `level_history`
--
ALTER TABLE `level_history`
  ADD PRIMARY KEY (`pk_history`),
  ADD KEY `idx_level_fk` (`level_fk`),
  ADD KEY `idx_user_fk` (`user_fk`);

--
-- Indexes for table `mcer_level`
--
ALTER TABLE `mcer_level`
  ADD PRIMARY KEY (`pk_level`);

--
-- Indexes for table `prompts`
--
ALTER TABLE `prompts`
  ADD PRIMARY KEY (`pk_prompt`),
  ADD KEY `idx_prompt_name` (`prompt_name`);

--
-- Indexes for table `questions`
--
ALTER TABLE `questions`
  ADD PRIMARY KEY (`pk_question`),
  ADD KEY `idx_level_fk` (`level_fk`),
  ADD KEY `idx_title_fk` (`title_fk`),
  ADD KEY `toeic_section_fk` (`toeic_section_fk`);

--
-- Indexes for table `questions_titles`
--
ALTER TABLE `questions_titles`
  ADD PRIMARY KEY (`pk_title`);

--
-- Indexes for table `recommendations`
--
ALTER TABLE `recommendations`
  ADD PRIMARY KEY (`pk_recommend`),
  ADD KEY `idx_test_fk` (`test_fk`);

--
-- Indexes for table `strengths`
--
ALTER TABLE `strengths`
  ADD PRIMARY KEY (`pk_strength`),
  ADD KEY `idx_test_fk` (`test_fk`);

--
-- Indexes for table `study_materials`
--
ALTER TABLE `study_materials`
  ADD PRIMARY KEY (`pk_studymaterial`),
  ADD KEY `idx_level_fk` (`level_fk`),
  ADD KEY `idx_title` (`studymaterial_title`),
  ADD KEY `idx_tags` (`studymaterial_tags`);

--
-- Indexes for table `tests`
--
ALTER TABLE `tests`
  ADD PRIMARY KEY (`pk_test`),
  ADD KEY `idx_user_fk` (`user_fk`),
  ADD KEY `idx_level_fk` (`level_fk`);

--
-- Indexes for table `test_comments`
--
ALTER TABLE `test_comments`
  ADD PRIMARY KEY (`pk_comment`),
  ADD KEY `idx_user_fk` (`user_fk`),
  ADD KEY `idx_test_fk` (`test_fk`);

--
-- Indexes for table `test_details`
--
ALTER TABLE `test_details`
  ADD PRIMARY KEY (`pk_testdetail`),
  ADD KEY `idx_test_fk` (`test_fk`),
  ADD KEY `idx_question_fk` (`question_fk`),
  ADD KEY `idx_answer_fk` (`answer_fk`);

--
-- Indexes for table `toeic_sections`
--
ALTER TABLE `toeic_sections`
  ADD PRIMARY KEY (`section_pk`);

--
-- Indexes for table `users`
--
ALTER TABLE `users`
  ADD PRIMARY KEY (`pk_user`),
  ADD UNIQUE KEY `user_email` (`user_email`),
  ADD UNIQUE KEY `user_carnet` (`user_carnet`),
  ADD KEY `idx_email` (`user_email`),
  ADD KEY `idx_carnet` (`user_carnet`);

--
-- Indexes for table `weaknesses`
--
ALTER TABLE `weaknesses`
  ADD PRIMARY KEY (`pk_weakness`),
  ADD KEY `idx_test_fk` (`test_fk`);

--
-- AUTO_INCREMENT for dumped tables
--

--
-- AUTO_INCREMENT for table `answers`
--
ALTER TABLE `answers`
  MODIFY `pk_answer` int(11) NOT NULL AUTO_INCREMENT, AUTO_INCREMENT=797;

--
-- AUTO_INCREMENT for table `level_history`
--
ALTER TABLE `level_history`
  MODIFY `pk_history` int(11) NOT NULL AUTO_INCREMENT;

--
-- AUTO_INCREMENT for table `mcer_level`
--
ALTER TABLE `mcer_level`
  MODIFY `pk_level` int(11) NOT NULL AUTO_INCREMENT, AUTO_INCREMENT=7;

--
-- AUTO_INCREMENT for table `prompts`
--
ALTER TABLE `prompts`
  MODIFY `pk_prompt` int(11) NOT NULL AUTO_INCREMENT, AUTO_INCREMENT=5;

--
-- AUTO_INCREMENT for table `questions`
--
ALTER TABLE `questions`
  MODIFY `pk_question` int(11) NOT NULL AUTO_INCREMENT, AUTO_INCREMENT=198;

--
-- AUTO_INCREMENT for table `questions_titles`
--
ALTER TABLE `questions_titles`
  MODIFY `pk_title` int(11) NOT NULL AUTO_INCREMENT, AUTO_INCREMENT=103;

--
-- AUTO_INCREMENT for table `recommendations`
--
ALTER TABLE `recommendations`
  MODIFY `pk_recommend` int(11) NOT NULL AUTO_INCREMENT;

--
-- AUTO_INCREMENT for table `strengths`
--
ALTER TABLE `strengths`
  MODIFY `pk_strength` int(11) NOT NULL AUTO_INCREMENT;

--
-- AUTO_INCREMENT for table `study_materials`
--
ALTER TABLE `study_materials`
  MODIFY `pk_studymaterial` int(11) NOT NULL AUTO_INCREMENT;

--
-- AUTO_INCREMENT for table `tests`
--
ALTER TABLE `tests`
  MODIFY `pk_test` int(11) NOT NULL AUTO_INCREMENT, AUTO_INCREMENT=36;

--
-- AUTO_INCREMENT for table `test_comments`
--
ALTER TABLE `test_comments`
  MODIFY `pk_comment` int(11) NOT NULL AUTO_INCREMENT;

--
-- AUTO_INCREMENT for table `test_details`
--
ALTER TABLE `test_details`
  MODIFY `pk_testdetail` int(11) NOT NULL AUTO_INCREMENT, AUTO_INCREMENT=329;

--
-- AUTO_INCREMENT for table `toeic_sections`
--
ALTER TABLE `toeic_sections`
  MODIFY `section_pk` int(11) NOT NULL AUTO_INCREMENT, AUTO_INCREMENT=9;

--
-- AUTO_INCREMENT for table `users`
--
ALTER TABLE `users`
  MODIFY `pk_user` int(11) NOT NULL AUTO_INCREMENT, AUTO_INCREMENT=8;

--
-- AUTO_INCREMENT for table `weaknesses`
--
ALTER TABLE `weaknesses`
  MODIFY `pk_weakness` int(11) NOT NULL AUTO_INCREMENT;

--
-- Constraints for dumped tables
--

--
-- Constraints for table `answers`
--
ALTER TABLE `answers`
  ADD CONSTRAINT `answers_ibfk_1` FOREIGN KEY (`question_fk`) REFERENCES `questions` (`pk_question`);

--
-- Constraints for table `level_history`
--
ALTER TABLE `level_history`
  ADD CONSTRAINT `level_history_ibfk_1` FOREIGN KEY (`level_fk`) REFERENCES `mcer_level` (`pk_level`),
  ADD CONSTRAINT `level_history_ibfk_2` FOREIGN KEY (`user_fk`) REFERENCES `users` (`pk_user`);

--
-- Constraints for table `questions`
--
ALTER TABLE `questions`
  ADD CONSTRAINT `questions_ibfk_1` FOREIGN KEY (`level_fk`) REFERENCES `mcer_level` (`pk_level`),
  ADD CONSTRAINT `questions_ibfk_2` FOREIGN KEY (`title_fk`) REFERENCES `questions_titles` (`pk_title`),
  ADD CONSTRAINT `toeic_section_fk` FOREIGN KEY (`toeic_section_fk`) REFERENCES `toeic_sections` (`section_pk`);

--
-- Constraints for table `recommendations`
--
ALTER TABLE `recommendations`
  ADD CONSTRAINT `recommendations_ibfk_1` FOREIGN KEY (`test_fk`) REFERENCES `tests` (`pk_test`);

--
-- Constraints for table `strengths`
--
ALTER TABLE `strengths`
  ADD CONSTRAINT `strengths_ibfk_1` FOREIGN KEY (`test_fk`) REFERENCES `tests` (`pk_test`);

--
-- Constraints for table `study_materials`
--
ALTER TABLE `study_materials`
  ADD CONSTRAINT `study_materials_ibfk_1` FOREIGN KEY (`level_fk`) REFERENCES `mcer_level` (`pk_level`);

--
-- Constraints for table `tests`
--
ALTER TABLE `tests`
  ADD CONSTRAINT `tests_ibfk_1` FOREIGN KEY (`user_fk`) REFERENCES `users` (`pk_user`),
  ADD CONSTRAINT `tests_ibfk_2` FOREIGN KEY (`level_fk`) REFERENCES `mcer_level` (`pk_level`);

--
-- Constraints for table `test_comments`
--
ALTER TABLE `test_comments`
  ADD CONSTRAINT `test_comments_ibfk_1` FOREIGN KEY (`user_fk`) REFERENCES `users` (`pk_user`),
  ADD CONSTRAINT `test_comments_ibfk_2` FOREIGN KEY (`test_fk`) REFERENCES `tests` (`pk_test`);

--
-- Constraints for table `test_details`
--
ALTER TABLE `test_details`
  ADD CONSTRAINT `test_details_ibfk_1` FOREIGN KEY (`test_fk`) REFERENCES `tests` (`pk_test`),
  ADD CONSTRAINT `test_details_ibfk_2` FOREIGN KEY (`question_fk`) REFERENCES `questions` (`pk_question`),
  ADD CONSTRAINT `test_details_ibfk_3` FOREIGN KEY (`answer_fk`) REFERENCES `answers` (`pk_answer`);

--
-- Constraints for table `weaknesses`
--
ALTER TABLE `weaknesses`
  ADD CONSTRAINT `weaknesses_ibfk_1` FOREIGN KEY (`test_fk`) REFERENCES `tests` (`pk_test`);
COMMIT;

/*!40101 SET CHARACTER_SET_CLIENT=@OLD_CHARACTER_SET_CLIENT */;
/*!40101 SET CHARACTER_SET_RESULTS=@OLD_CHARACTER_SET_RESULTS */;
/*!40101 SET COLLATION_CONNECTION=@OLD_COLLATION_CONNECTION */;
